{
"type": "FeatureCollection",
"name": "floodstages",
"crs": { "type": "name", "properties": { "name": "urn:ogc:def:crs:OGC:1.3:CRS84" } },
"features": [
{ "type": "Feature", "properties": { "stage": 1, "pool_ft": 444.0, "pct": 7.0 }, "geometry": { "type": "MultiPolygon", "coordinates": [ [ [ [ -72.358231960992228, 42.311220647955594 ], [ -72.3564013727012, 42.310155891251249 ], [ -72.35707666660899, 42.306376406648646 ], [ -72.35889252830934, 42.30636284797189 ], [ -72.359626193228536, 42.306896569181951 ], [ -72.361845611215188, 42.309845585075081 ], [ -72.36083301168803, 42.315514847305309 ], [ -72.358231960992228, 42.311220647955594 ] ] ], [ [ [ -72.358774348363738, 42.324427146931761 ], [ -72.358422040868135, 42.325238586674978 ], [ -72.357695479630706, 42.325244010592975 ], [ -72.358774348363738, 42.324427146931761 ] ] ], [ [ [ -72.300354708534329, 42.3302407960633 ], [ -72.301420747698828, 42.32834616411472 ], [ -72.301746483755934, 42.325378283680344 ], [ -72.302822657251767, 42.324292368252408 ], [ -72.303593706213164, 42.327791791986634 ], [ -72.302873950613247, 42.328336023112691 ], [ -72.302541415165408, 42.330764751409689 ], [ -72.300354708534329, 42.3302407960633 ] ] ], [ [ [ -72.285651114617679, 42.375095633811625 ], [ -72.286371550552857, 42.374551516153957 ], [ -72.286704937139817, 42.372122858163607 ], [ -72.290629877527024, 42.366164792110595 ], [ -72.292016440066718, 42.360763285242392 ], [ -72.29160235028624, 42.356722156657199 ], [ -72.292628567161927, 42.351592708228019 ], [ -72.296283269661288, 42.353185053216258 ], [ -72.302825250240716, 42.353139566470496 ], [ -72.304995617870247, 42.352315595378116 ], [ -72.307515599195611, 42.350410729859483 ], [ -72.309305148065022, 42.348241350851723 ], [ -72.310485177331998, 42.355242629269668 ], [ -72.311599750710485, 42.357121964172734 ], [ -72.311617043651992, 42.358469838565419 ], [ -72.313832564377506, 42.361150173827163 ], [ -72.312413231428337, 42.363856198997361 ], [ -72.312080875522909, 42.366284935928896 ], [ -72.308781633921228, 42.364151392900219 ], [ -72.304769345504539, 42.363101142649974 ], [ -72.300043839650613, 42.363134111306643 ], [ -72.296058901321615, 42.364240156159575 ], [ -72.293177886331648, 42.366416847074333 ], [ -72.291047338628019, 42.370475490358146 ], [ -72.290757944541724, 42.376408629998771 ], [ -72.285651114617679, 42.375095633811625 ] ] ], [ [ [ -72.310196726602499, 42.389483653187796 ], [ -72.310176001314304, 42.387866215023458 ], [ -72.313060874684211, 42.385958682159099 ], [ -72.313092072768825, 42.388384839469339 ], [ -72.310927487385342, 42.389748102524621 ], [ -72.310196726602499, 42.389483653187796 ] ] ], [ [ [ -72.298088187263346, 42.438634634385757 ], [ -72.296605254622776, 42.436488152435118 ], [ -72.296448936649611, 42.424087897600927 ], [ -72.295323454845487, 42.421399731100642 ], [ -72.296408168136566, 42.420853042309467 ], [ -72.297836272641277, 42.418686393603821 ], [ -72.297771617515494, 42.413564532314787 ], [ -72.296659857796598, 42.41195465987019 ], [ -72.291526402545983, 42.408754930799596 ], [ -72.294062585494785, 42.40792867438973 ], [ -72.296942063302055, 42.4054824098544 ], [ -72.301667317704116, 42.405179996664678 ], [ -72.30383948714416, 42.404356057237102 ], [ -72.306721864029896, 42.402179118338196 ], [ -72.307130333866937, 42.405681006114293 ], [ -72.308619798322425, 42.408366512226102 ], [ -72.309052567823926, 42.413755388799871 ], [ -72.308737068061788, 42.417531944195957 ], [ -72.307292145541055, 42.418350872838893 ], [ -72.305864372806241, 42.420517639012814 ], [ -72.305558958020399, 42.425102892073653 ], [ -72.307052256469433, 42.428057976560105 ], [ -72.310358233624541, 42.430461107474095 ], [ -72.312184600966106, 42.430987427919924 ], [ -72.312960938987842, 42.434756273163067 ], [ -72.312603960906372, 42.435297981881227 ], [ -72.308240423660237, 42.435598287962208 ], [ -72.306067237519684, 42.436422304212059 ], [ -72.303543781922528, 42.438327099621588 ], [ -72.303193557168186, 42.439407918609461 ], [ -72.298088187263346, 42.438634634385757 ] ] ], [ [ [ -72.276371285548407, 42.448488441978157 ], [ -72.274177417207184, 42.447694432916677 ], [ -72.270894942379513, 42.447177266669456 ], [ -72.275229682562227, 42.444452243486097 ], [ -72.276662360912738, 42.442555440638216 ], [ -72.277390277922237, 42.442550529056504 ], [ -72.277052845670923, 42.444709548923392 ], [ -72.278168002887028, 42.446589168017375 ], [ -72.278204532856677, 42.449554439180027 ], [ -72.276371285548407, 42.448488441978157 ] ] ], [ [ [ -72.311102766060941, 42.460111171727341 ], [ -72.312562467418488, 42.460370476888727 ], [ -72.312576340765361, 42.461448749765758 ], [ -72.310766392492894, 42.462270280663219 ], [ -72.311102766060941, 42.460111171727341 ] ] ], [ [ [ -72.287553204552452, 42.46944070251368 ], [ -72.289390618791742, 42.470776084282676 ], [ -72.293409492961885, 42.471826843614281 ], [ -72.297414883679792, 42.471799190944196 ], [ -72.30031764300891, 42.470970288861956 ], [ -72.299994504120505, 42.474207631140708 ], [ -72.296373501672917, 42.47585026354642 ], [ -72.293490792729628, 42.478296471048012 ], [ -72.292779388882764, 42.47964932213327 ], [ -72.290233560092574, 42.479936400382201 ], [ -72.287336979567513, 42.481304181610255 ], [ -72.287553204552452, 42.46944070251368 ] ] ] ] } },
{ "type": "Feature", "properties": { "stage": 2, "pool_ft": 462.0, "pct": 15.0 }, "geometry": { "type": "MultiPolygon", "coordinates": [ [ [ [ -72.301828447672847, 42.331848129035038 ], [ -72.296748740355184, 42.332422649543595 ], [ -72.298894655621652, 42.329711751419509 ], [ -72.299923250600841, 42.32485178496227 ], [ -72.303491034968573, 42.31970447847425 ], [ -72.30271667173686, 42.315935470475708 ], [ -72.300139989808912, 42.313257424365531 ], [ -72.301198925966773, 42.310823631792964 ], [ -72.30115116504912, 42.307049539417328 ], [ -72.301908252804992, 42.309470675287031 ], [ -72.304118223481865, 42.311881648179025 ], [ -72.303415759394682, 42.313773773051949 ], [ -72.303463660400652, 42.317547859182561 ], [ -72.305396471476854, 42.326700771078741 ], [ -72.305417054591416, 42.32831823215318 ], [ -72.304347709376714, 42.3299433244431 ], [ -72.304381972236925, 42.332639091027907 ], [ -72.301828447672847, 42.331848129035038 ] ] ], [ [ [ -72.353278108566457, 42.347923441587589 ], [ -72.353227213391477, 42.344149401463092 ], [ -72.351370366427432, 42.341197550432753 ], [ -72.352300718240159, 42.329328174860294 ], [ -72.355868140045814, 42.324448823960225 ], [ -72.357310290221832, 42.323629268292102 ], [ -72.35908273988322, 42.320380799899063 ], [ -72.358642693315346, 42.314722423304254 ], [ -72.35642325356018, 42.311773348551263 ], [ -72.353859013049146, 42.31017481023472 ], [ -72.355279012736617, 42.307737818988173 ], [ -72.35523531338734, 42.304502900692498 ], [ -72.36033056420024, 42.305273674848699 ], [ -72.361442069300097, 42.30688297021792 ], [ -72.362905792261699, 42.307680799036497 ], [ -72.364032121714246, 42.310368372842447 ], [ -72.360924668872656, 42.322254237970654 ], [ -72.360612720395736, 42.326031013116193 ], [ -72.356994469054953, 42.327136457249352 ], [ -72.355555879016833, 42.32822558361115 ], [ -72.352733034281201, 42.334447408189021 ], [ -72.352783892180796, 42.338221456505032 ], [ -72.353910335338156, 42.340909112049552 ], [ -72.355491379474586, 42.350333406268625 ], [ -72.353278108566457, 42.347923441587589 ] ] ], [ [ [ -72.291515464730054, 42.37882979766686 ], [ -72.290047628386077, 42.377761497879128 ], [ -72.287856041894571, 42.376967735916246 ], [ -72.284580470588821, 42.376720525366096 ], [ -72.283846629271139, 42.376186333348073 ], [ -72.283826582229821, 42.37456888556374 ], [ -72.284547027861663, 42.374024779267316 ], [ -72.28523733770372, 42.371054495367474 ], [ -72.28915562343856, 42.364557327712618 ], [ -72.289135444332871, 42.362939876598276 ], [ -72.290195635529017, 42.360506211610407 ], [ -72.289748010097838, 42.353769319366876 ], [ -72.291171457263957, 42.351333143790555 ], [ -72.291497792425815, 42.348365307216888 ], [ -72.294072154840904, 42.350773951036381 ], [ -72.296993176551226, 42.351832139359701 ], [ -72.302081275278013, 42.35179676152282 ], [ -72.304251606533114, 42.350972804227645 ], [ -72.306411573174699, 42.349340079276232 ], [ -72.308910714192706, 42.34581772773118 ], [ -72.310315983193036, 42.342033431688336 ], [ -72.31141303388614, 42.342564894952282 ], [ -72.31112913327712, 42.348767698082696 ], [ -72.311873264645314, 42.350110445383919 ], [ -72.311918237993666, 42.353614923306019 ], [ -72.313427477393319, 42.357917848793576 ], [ -72.315279570042648, 42.360600726819435 ], [ -72.316376984435976, 42.361132140540903 ], [ -72.313888060161048, 42.36546336548178 ], [ -72.313611235263238, 42.372205291025715 ], [ -72.311004146515401, 42.367370928033864 ], [ -72.309169279826904, 42.366035857709711 ], [ -72.30442298651397, 42.364451559259329 ], [ -72.29897376781966, 42.364759141193993 ], [ -72.296442774315835, 42.365855088954973 ], [ -72.29393199563107, 42.368568429562004 ], [ -72.293945531223812, 42.369646728439861 ], [ -72.292521778743719, 42.372082928357408 ], [ -72.292626511135055, 42.380439732305661 ], [ -72.291515464730054, 42.37882979766686 ] ] ], [ [ [ -72.293390915752965, 42.383400033173814 ], [ -72.293003633601941, 42.381515522669865 ], [ -72.294111379697796, 42.382855868082508 ], [ -72.29412153593691, 42.383664589610923 ], [ -72.293390915752965, 42.383400033173814 ] ] ], [ [ [ -72.362903834499676, 42.38748284768166 ], [ -72.363597973727309, 42.385051247224247 ], [ -72.364351016118661, 42.386932786673903 ], [ -72.363638474497904, 42.388016533771228 ], [ -72.362903834499676, 42.38748284768166 ] ] ], [ [ [ -72.299197042726462, 42.43997491254121 ], [ -72.296649442562469, 42.439992565388138 ], [ -72.296639244910523, 42.439183854977891 ], [ -72.294421717315316, 42.43650323776491 ], [ -72.295129207680631, 42.434880791276925 ], [ -72.295098676355124, 42.432454656094414 ], [ -72.294357320737745, 42.431381396766 ], [ -72.294633069125567, 42.424370040367094 ], [ -72.293137055278336, 42.421145220735887 ], [ -72.294582225092512, 42.420326470328114 ], [ -72.296010380295897, 42.418159843998545 ], [ -72.296336833280535, 42.415192039426408 ], [ -72.29484772987648, 42.412506378768718 ], [ -72.293011894234553, 42.41117106473471 ], [ -72.290091566686442, 42.410382361936335 ], [ -72.28933035658649, 42.407691630310495 ], [ -72.293318151841362, 42.406585829644413 ], [ -72.295119950649749, 42.40522541684215 ], [ -72.295830466849807, 42.403872526297313 ], [ -72.300922754878513, 42.403837200234534 ], [ -72.303094887883049, 42.403013274597619 ], [ -72.305256662470953, 42.40138059076417 ], [ -72.30739766782763, 42.398130430913866 ], [ -72.307733815186666, 42.395971297948314 ], [ -72.308804190119986, 42.394346198205703 ], [ -72.308745567636791, 42.389763459626316 ], [ -72.307623617228955, 42.38734496466212 ], [ -72.309074725655449, 42.387065172216651 ], [ -72.31123580061562, 42.38543236997846 ], [ -72.313019280961953, 42.382723803614319 ], [ -72.313348219987461, 42.38002549959328 ], [ -72.314075414319092, 42.38002035605259 ], [ -72.314823449583415, 42.381632648177614 ], [ -72.314924196361318, 42.389450267550394 ], [ -72.312749218231019, 42.39000484620945 ], [ -72.31058802606897, 42.391637675138654 ], [ -72.309167869841502, 42.394343641379443 ], [ -72.309590233236378, 42.39892381667471 ], [ -72.308523248775344, 42.400818494300658 ], [ -72.308564624329406, 42.404053360789284 ], [ -72.310435143649741, 42.408084147773124 ], [ -72.310874983008077, 42.414012160707145 ], [ -72.310563048275, 42.418058292014194 ], [ -72.309118137381233, 42.418877243472465 ], [ -72.307340357304682, 42.422124868190451 ], [ -72.307374797804329, 42.424820577030424 ], [ -72.308864723784268, 42.427506067601811 ], [ -72.31106870731675, 42.429108131103135 ], [ -72.313990162025817, 42.429896298074141 ], [ -72.314787452164751, 42.435282551767578 ], [ -72.314083935607698, 42.437174688622264 ], [ -72.312257373591351, 42.436648399103582 ], [ -72.308985516293021, 42.436941026729166 ], [ -72.305370319878861, 42.438853527136665 ], [ -72.303945448331504, 42.441289828414654 ], [ -72.299197042726462, 42.43997491254121 ] ] ], [ [ [ -72.276397791917063, 42.450645002431145 ], [ -72.275659850772129, 42.44984119763506 ], [ -72.27200666533939, 42.448787374000361 ], [ -72.268733993234534, 42.449078857034003 ], [ -72.26511035338271, 42.450450947135444 ], [ -72.263998776928318, 42.448840773913396 ], [ -72.268711029565168, 42.447191864425477 ], [ -72.270147252226451, 42.445564714486309 ], [ -72.271599863823766, 42.445285398616917 ], [ -72.274481914016548, 42.44283971835047 ], [ -72.275544010448698, 42.440406234390636 ], [ -72.276271902782526, 42.440401329875272 ], [ -72.2766424767388, 42.440938017187577 ], [ -72.279564048787904, 42.441727055309315 ], [ -72.278869376314248, 42.444427684855476 ], [ -72.279981254130263, 42.44603771630981 ], [ -72.280047828992807, 42.451429116473399 ], [ -72.276397791917063, 42.450645002431145 ] ] ], [ [ [ -72.28445367148548, 42.483750159546688 ], [ -72.28444697245564, 42.483211024580307 ], [ -72.285519425737576, 42.481586176579313 ], [ -72.286204152320167, 42.478076829117541 ], [ -72.286106819605436, 42.470259354640845 ], [ -72.283501133072448, 42.46569405170375 ], [ -72.283447624409064, 42.461380949318006 ], [ -72.284172410706972, 42.46110642583411 ], [ -72.28565549883163, 42.463253054611975 ], [ -72.287529671144696, 42.467553723442407 ], [ -72.290101995274767, 42.469423251018043 ], [ -72.293756676409444, 42.470476495125958 ], [ -72.297033744327251, 42.470453870689141 ], [ -72.300661256041792, 42.46935035127968 ], [ -72.3031860382535, 42.467445633904696 ], [ -72.303897081685207, 42.466092714323516 ], [ -72.305710668164309, 42.465540860272711 ], [ -72.307874515447324, 42.463908152388868 ], [ -72.309296291320976, 42.461202248058804 ], [ -72.30961888689238, 42.45796486894023 ], [ -72.312181074386473, 42.459025202833452 ], [ -72.313637282266967, 42.459014926095001 ], [ -72.31475030310942, 42.46062461583282 ], [ -72.31404650314326, 42.462516740443299 ], [ -72.312593683115168, 42.462796590443659 ], [ -72.310436914779885, 42.46496852347591 ], [ -72.307527669987024, 42.465258545675461 ], [ -72.303910808331054, 42.467170986664335 ], [ -72.301794665623575, 42.472577568880723 ], [ -72.302193042997246, 42.475270710568047 ], [ -72.298201065302308, 42.476376799781733 ], [ -72.295318403124668, 42.478823052671224 ], [ -72.294253031377536, 42.480987127808966 ], [ -72.290978793002324, 42.481279240540402 ], [ -72.288803809246645, 42.482102921439065 ], [ -72.287360512341579, 42.483191154008892 ], [ -72.286294794102446, 42.485355153096087 ], [ -72.28445367148548, 42.483750159546688 ] ] ] ] } },
{ "type": "Feature", "properties": { "stage": 3, "pool_ft": 472.0, "pct": 23.0 }, "geometry": { "type": "MultiPolygon", "coordinates": [ [ [ [ -72.324884155664279, 42.316587304918833 ], [ -72.327081160355718, 42.317919525442711 ], [ -72.328537648232498, 42.3181786367089 ], [ -72.326389874069534, 42.320620518098401 ], [ -72.324884155664279, 42.316587304918833 ] ] ], [ [ [ -72.354404745452399, 42.350611086585538 ], [ -72.352195137208909, 42.348470675329224 ], [ -72.351762768875489, 42.343351455559073 ], [ -72.350283871206969, 42.341475192363731 ], [ -72.350851124883121, 42.32960851604674 ], [ -72.355130661270124, 42.323645505192559 ], [ -72.355857204378253, 42.323640097484848 ], [ -72.357640686666656, 42.321200378370399 ], [ -72.357556684383695, 42.315000135530518 ], [ -72.354970439689069, 42.311784166558922 ], [ -72.352409865145987, 42.31045517220894 ], [ -72.353837198252876, 42.30855735190864 ], [ -72.353404969712045, 42.303438094772019 ], [ -72.360682736145364, 42.304462225858693 ], [ -72.363991652178186, 42.307403035840245 ], [ -72.364006367934493, 42.308481340417799 ], [ -72.365110655190165, 42.309551447151328 ], [ -72.364457894292855, 42.31494843114158 ], [ -72.363738808152988, 42.31549304471033 ], [ -72.363085869018306, 42.320890014178588 ], [ -72.362366703576043, 42.321434618480488 ], [ -72.362073203888116, 42.326559274140848 ], [ -72.360983339714409, 42.326567442911347 ], [ -72.357009070188241, 42.328214758237642 ], [ -72.355581388873702, 42.330112610056204 ], [ -72.355606900251843, 42.331999635732267 ], [ -72.354175452901615, 42.333627893608721 ], [ -72.354248230853727, 42.339019390295341 ], [ -72.355374750411244, 42.34170703102594 ], [ -72.356563405131354, 42.348977419732925 ], [ -72.356607203105469, 42.352212306758588 ], [ -72.355887625851551, 42.352756866829218 ], [ -72.355964219351335, 42.358417913305303 ], [ -72.354404745452399, 42.350611086585538 ] ] ], [ [ [ -72.357953412343832, 42.371074304671133 ], [ -72.356848172044536, 42.370004143466716 ], [ -72.35673132169147, 42.361377807308216 ], [ -72.357120379010667, 42.363262111387186 ], [ -72.358974481112469, 42.36594428220041 ], [ -72.359418576857138, 42.371872166793672 ], [ -72.358680500030644, 42.371068879175759 ], [ -72.357953412343832, 42.371074304671133 ] ] ], [ [ [ -72.362981098272272, 42.393143844756771 ], [ -72.362551228667371, 42.388294288702589 ], [ -72.361445609563205, 42.387224175901245 ], [ -72.362136126557132, 42.384523012427287 ], [ -72.362066298607999, 42.379401147519545 ], [ -72.363171791442895, 42.380471256288956 ], [ -72.364321536840009, 42.384776214484368 ], [ -72.36542716181134, 42.385846300256787 ], [ -72.365445610004315, 42.387194157491344 ], [ -72.364725710776398, 42.387738768548346 ], [ -72.364825262592973, 42.395017189968506 ], [ -72.362981098272272, 42.393143844756771 ] ] ], [ [ [ -72.36706650288393, 42.399313901098708 ], [ -72.367448703569735, 42.400659012814948 ], [ -72.366717580389121, 42.400394923171213 ], [ -72.36706650288393, 42.399313901098708 ] ] ], [ [ [ -72.370818673387774, 42.407643116185739 ], [ -72.371917371169587, 42.408173994076598 ], [ -72.371939682990117, 42.409791412966683 ], [ -72.373045874490614, 42.410861419235459 ], [ -72.371616807931204, 42.412759434627134 ], [ -72.370818673387774, 42.407643116185739 ] ] ], [ [ [ -72.30293209101346, 42.33291882769894 ], [ -72.298208837870533, 42.332951721134663 ], [ -72.294949049326291, 42.333783110282248 ], [ -72.29636506233561, 42.33080770589585 ], [ -72.29780133106722, 42.329449744209512 ], [ -72.298830005736789, 42.324589787263882 ], [ -72.302048277691753, 42.320523359404824 ], [ -72.301630396886551, 42.316212654090343 ], [ -72.299416965496619, 42.313532057726562 ], [ -72.298690533734444, 42.313537108688827 ], [ -72.298680330378076, 42.312728375094544 ], [ -72.299756341431703, 42.311642485479034 ], [ -72.299342078894867, 42.30760134197898 ], [ -72.301117053593956, 42.304353757327739 ], [ -72.301089766521144, 42.302197130567897 ], [ -72.303998394851135, 42.302446416777343 ], [ -72.30256970588988, 42.304343620117372 ], [ -72.302614131749436, 42.307848135984528 ], [ -72.303734481963147, 42.310266722110981 ], [ -72.305571048028753, 42.311871473042657 ], [ -72.304858345160554, 42.312954873794595 ], [ -72.304926898900817, 42.318346424554328 ], [ -72.306866819440842, 42.328038463866193 ], [ -72.305790651636585, 42.329124416288735 ], [ -72.305855869507553, 42.334246371538299 ], [ -72.30293209101346, 42.33291882769894 ] ] ], [ [ [ -72.258467347130235, 42.382287587565834 ], [ -72.259551708052356, 42.381741241049788 ], [ -72.259567898325429, 42.383089115499779 ], [ -72.258467347130235, 42.382287587565834 ] ] ], [ [ [ -72.300302530318078, 42.441045609651667 ], [ -72.295935141393244, 42.441075879084721 ], [ -72.295550824338122, 42.439460973322021 ], [ -72.29333671814986, 42.437049905745795 ], [ -72.293167505830496, 42.423571363138997 ], [ -72.291314506512407, 42.420888168445934 ], [ -72.293126905613846, 42.420336506282787 ], [ -72.294915537627475, 42.417897814625974 ], [ -72.294871461273445, 42.414393382117602 ], [ -72.293025423253809, 42.412249353028606 ], [ -72.29046545330695, 42.411188580884158 ], [ -72.288646566067129, 42.41120105792865 ], [ -72.287861886978462, 42.406623309837649 ], [ -72.290771895710591, 42.406603352590409 ], [ -72.293304619040853, 42.405507539929118 ], [ -72.295096215276985, 42.403338409420499 ], [ -72.295086043408148, 42.402529691694433 ], [ -72.296184015896671, 42.40306129295206 ], [ -72.30054877837317, 42.403031013851255 ], [ -72.303081189085404, 42.401934985126069 ], [ -72.303074339861823, 42.401395840286632 ], [ -72.303801780848502, 42.401390761710537 ], [ -72.304518929492019, 42.40057696127586 ], [ -72.306303124835949, 42.397868508597455 ], [ -72.30628249640985, 42.39625107290022 ], [ -72.307359798360082, 42.395165132206181 ], [ -72.307280628223893, 42.388964955495524 ], [ -72.306165621929338, 42.387085592327715 ], [ -72.309781286895927, 42.385442616551984 ], [ -72.311924981356881, 42.382461933829028 ], [ -72.312146641104164, 42.371406845625089 ], [ -72.309550048092419, 42.367381171723778 ], [ -72.305527242629523, 42.365522225330565 ], [ -72.299347497974168, 42.365565339819391 ], [ -72.296816478686395, 42.366661295605006 ], [ -72.293965835478289, 42.371264176259928 ], [ -72.294091067998878, 42.381238424571031 ], [ -72.295943023257209, 42.38392159973143 ], [ -72.293768068879231, 42.384475820298732 ], [ -72.293411210237252, 42.385017476002851 ], [ -72.291933069809687, 42.383140480255136 ], [ -72.291912813734584, 42.381523036465587 ], [ -72.29006109971489, 42.378839794956242 ], [ -72.287502531896834, 42.377778948601382 ], [ -72.282772583647542, 42.377541633182943 ], [ -72.282375648893918, 42.374848360375864 ], [ -72.283452996724918, 42.373762638163491 ], [ -72.283783150491075, 42.371064413308602 ], [ -72.284863754973713, 42.370248251904933 ], [ -72.285920883368703, 42.367545055258297 ], [ -72.287711657558248, 42.36537602066462 ], [ -72.287684801194487, 42.363219419106748 ], [ -72.288751775581858, 42.361324918363742 ], [ -72.288654307682293, 42.353507226536216 ], [ -72.289727819288359, 42.352151864465768 ], [ -72.290740637640084, 42.345944122896185 ], [ -72.29146406997539, 42.345669546027622 ], [ -72.293321633036641, 42.348891936890411 ], [ -72.295885912586158, 42.350491812319909 ], [ -72.297346419882089, 42.351020892783929 ], [ -72.301707591620229, 42.350990569305971 ], [ -72.303154470212306, 42.350441273614635 ], [ -72.304957888403393, 42.349350264951198 ], [ -72.307817069872328, 42.345555816698585 ], [ -72.308519755178452, 42.343663677790239 ], [ -72.308814225378143, 42.338269602623029 ], [ -72.310672454712176, 42.341491718336137 ], [ -72.313226478969426, 42.342282482219382 ], [ -72.31251010300744, 42.343096347686995 ], [ -72.313382417383977, 42.354413374804686 ], [ -72.314493591418582, 42.356023107083409 ], [ -72.314884830222923, 42.35817713083047 ], [ -72.316733511674826, 42.360590410683201 ], [ -72.317827452830429, 42.36085223603385 ], [ -72.315684768848783, 42.363833043388262 ], [ -72.314989020672414, 42.366264366173603 ], [ -72.314799135127487, 42.379745634479512 ], [ -72.316281354661996, 42.381891911128612 ], [ -72.316385762809077, 42.389979101522094 ], [ -72.312763079323119, 42.391083137541372 ], [ -72.310612219414466, 42.393524684527264 ], [ -72.310029929624164, 42.404851845742321 ], [ -72.31076432494585, 42.405385867144538 ], [ -72.311900566012952, 42.408882608145525 ], [ -72.312021776140114, 42.418317606721359 ], [ -72.310573420689678, 42.418867005358337 ], [ -72.308785365488234, 42.421305939688942 ], [ -72.308840569610894, 42.425619073145732 ], [ -72.311054866796539, 42.428029849350061 ], [ -72.315442219429912, 42.429616428167193 ], [ -72.31549440589194, 42.433659979709823 ], [ -72.316239629822178, 42.435002672175123 ], [ -72.315168757370472, 42.436627825186655 ], [ -72.315193104756631, 42.438514813210837 ], [ -72.313363024292812, 42.437718971706367 ], [ -72.309359801167417, 42.43774717908061 ], [ -72.306826063929563, 42.438843336448102 ], [ -72.30503729868947, 42.441282200637424 ], [ -72.304693950532609, 42.442902162764042 ], [ -72.300302530318078, 42.441045609651667 ] ] ], [ [ [ -72.258803768945512, 42.410323288035698 ], [ -72.259508641274394, 42.408431476986785 ], [ -72.261704211154765, 42.409495346218762 ], [ -72.260629124801184, 42.4108504287275 ], [ -72.258803768945512, 42.410323288035698 ] ] ], [ [ [ -72.278595113472832, 42.451708538465603 ], [ -72.276043722444058, 42.451456165553701 ], [ -72.273111846226811, 42.449858329725032 ], [ -72.269107836298062, 42.449885137691908 ], [ -72.264398655347605, 42.451803632554231 ], [ -72.264388868686694, 42.450994921729567 ], [ -72.261805051892949, 42.448046529252416 ], [ -72.263988995845736, 42.448032062453585 ], [ -72.268697908084334, 42.446113582532895 ], [ -72.269412733252651, 42.445030439194497 ], [ -72.271586693430919, 42.444207116540952 ], [ -72.273026072769511, 42.442849500145627 ], [ -72.27445878093441, 42.440952723955888 ], [ -72.27480289373284, 42.439332851291191 ], [ -72.275527464655426, 42.439058380680855 ], [ -72.277727687110897, 42.440391507041873 ], [ -72.281013197882416, 42.441178049922392 ], [ -72.280298615198305, 42.442261266292824 ], [ -72.280335242674198, 42.445226539983054 ], [ -72.281440502454444, 42.446297416737529 ], [ -72.281894571550595, 42.45357333301699 ], [ -72.281156526247258, 42.45276956403238 ], [ -72.278595113472832, 42.451708538465603 ] ] ], [ [ [ -72.284834623031131, 42.485095516762776 ], [ -72.283364429119672, 42.484027159567923 ], [ -72.283344360189616, 42.482409754367076 ], [ -72.284423526752178, 42.481324051597568 ], [ -72.284757552045093, 42.478895462480885 ], [ -72.284640299147839, 42.469460578035722 ], [ -72.282034751587872, 42.464895240997798 ], [ -72.283040107429571, 42.457879025487955 ], [ -72.286009510986773, 42.462441864368536 ], [ -72.286741014647532, 42.462706462599854 ], [ -72.287131967774528, 42.464860525754204 ], [ -72.288986079642271, 42.46754375835657 ], [ -72.292650784586044, 42.469405743136228 ], [ -72.298112471194798, 42.469368036374945 ], [ -72.301729634277777, 42.467455778500188 ], [ -72.302797948410642, 42.465561194893858 ], [ -72.305696911142164, 42.464462587697014 ], [ -72.307850376937481, 42.462021174852204 ], [ -72.308148905335244, 42.456896820525344 ], [ -72.306294291990653, 42.454213889129363 ], [ -72.306637660591704, 42.45259392681735 ], [ -72.307760732242372, 42.455012393179395 ], [ -72.309972561624789, 42.457153603998982 ], [ -72.312534722145813, 42.458213930243744 ], [ -72.315447099907743, 42.458193349413001 ], [ -72.315474944616028, 42.460349895366519 ], [ -72.316216999115852, 42.461423010924904 ], [ -72.314421004192724, 42.463322871168522 ], [ -72.31224694466853, 42.464146998319642 ], [ -72.31117893793963, 42.466041670222211 ], [ -72.307902104082075, 42.466064697026162 ], [ -72.30464931153459, 42.467974606875998 ], [ -72.303934831089293, 42.469057962539921 ], [ -72.303962287428163, 42.471214505272009 ], [ -72.30324090025934, 42.471758720310319 ], [ -72.303663351565916, 42.476338829959332 ], [ -72.300750133042797, 42.476359112755368 ], [ -72.298214696910719, 42.477455069942472 ], [ -72.297503403762491, 42.478807950486065 ], [ -72.296775070332714, 42.4788129891514 ], [ -72.296056933250966, 42.47962672554069 ], [ -72.294994967703886, 42.48206037433804 ], [ -72.291353110798212, 42.482085442328312 ], [ -72.288817281595939, 42.483181191099497 ], [ -72.287384046522362, 42.485078125473123 ], [ -72.28817639765245, 42.490194920739071 ], [ -72.287090421579336, 42.490741522381406 ], [ -72.28636194963893, 42.490746495212896 ], [ -72.286321654940593, 42.48751169086308 ], [ -72.284834623031131, 42.485095516762776 ] ] ] ] } },
{ "type": "Feature", "properties": { "stage": 4, "pool_ft": 481.0, "pct": 30.0 }, "geometry": { "type": "MultiPolygon", "coordinates": [ [ [ [ -72.336514700249651, 42.31704244245266 ], [ -72.339391977687569, 42.314864642962647 ], [ -72.341204504345896, 42.314581787284865 ], [ -72.339060914124488, 42.317293483619522 ], [ -72.336514700249651, 42.31704244245266 ] ] ], [ [ [ -72.324161200698583, 42.316862093751006 ], [ -72.322683740016942, 42.314985464993725 ], [ -72.323032943653402, 42.313904556021001 ], [ -72.324122594617521, 42.313896747054208 ], [ -72.325236844878717, 42.315775966548053 ], [ -72.327070593585759, 42.317110795157674 ], [ -72.330350318268998, 42.317895952415803 ], [ -72.326760171655479, 42.321157058810719 ], [ -72.325719629607704, 42.324938963610961 ], [ -72.324161200698583, 42.316862093751006 ] ] ], [ [ [ -72.370900385201054, 42.413573650571934 ], [ -72.370473481501648, 42.408993717370429 ], [ -72.367867929629824, 42.404699825905659 ], [ -72.367099780186351, 42.401740035703327 ], [ -72.365993848936995, 42.400669969975844 ], [ -72.365964307212593, 42.398513405123829 ], [ -72.364101584468671, 42.395292225220587 ], [ -72.362635818123692, 42.394494427051455 ], [ -72.361890086461884, 42.393152022008302 ], [ -72.362216994105182, 42.390453585221849 ], [ -72.360725675542412, 42.387768761926814 ], [ -72.36139786755021, 42.383719744572097 ], [ -72.360556905731968, 42.375368454167251 ], [ -72.358327931523249, 42.371880310309656 ], [ -72.356128394448803, 42.37054870287529 ], [ -72.35600434522712, 42.361383220495235 ], [ -72.354506692770158, 42.358159151869863 ], [ -72.354470280221193, 42.35546341572983 ], [ -72.353361735250459, 42.354123643510619 ], [ -72.353688804975363, 42.351425207036172 ], [ -72.351101267994281, 42.348209176175736 ], [ -72.351046876546761, 42.344165560858691 ], [ -72.349193748620451, 42.341483249327659 ], [ -72.35011727069076, 42.329074741367279 ], [ -72.356903223242512, 42.320397070422409 ], [ -72.3564670186325, 42.315008261498932 ], [ -72.354618153795911, 42.312595596805224 ], [ -72.352050297322833, 42.310727442124943 ], [ -72.350593884686944, 42.310468628431622 ], [ -72.352035784680652, 42.309649136530574 ], [ -72.353099930354958, 42.307754017429104 ], [ -72.352685919230595, 42.303982640483397 ], [ -72.351941464555111, 42.302640144240605 ], [ -72.361034899063768, 42.303650775653331 ], [ -72.364710644259944, 42.306858419770705 ], [ -72.366207602778474, 42.310082391157835 ], [ -72.363819737671577, 42.321423706990693 ], [ -72.363104248423426, 42.322237891195144 ], [ -72.362807129736524, 42.327092972775539 ], [ -72.360994341387467, 42.327376168393371 ], [ -72.357383323721578, 42.32902077456653 ], [ -72.356318948728841, 42.330915924822541 ], [ -72.356340834658809, 42.332533375029797 ], [ -72.354913035879321, 42.334431216788253 ], [ -72.354964023779118, 42.338205264151846 ], [ -72.356479471531387, 42.342777213124158 ], [ -72.35691586864553, 42.348165989854358 ], [ -72.357653655895746, 42.348969292907213 ], [ -72.357341380430569, 42.352746037316052 ], [ -72.356625453583263, 42.3535601756654 ], [ -72.357069242268693, 42.359488085792961 ], [ -72.357810819128431, 42.36056095913608 ], [ -72.357836409292275, 42.362447971716676 ], [ -72.360068689572941, 42.366205705421741 ], [ -72.36014567359031, 42.371866732038164 ], [ -72.360883778336472, 42.372670010109239 ], [ -72.362411508513688, 42.378050562215037 ], [ -72.363891621321329, 42.379926654041441 ], [ -72.363910035058652, 42.381274513362392 ], [ -72.366525435594681, 42.386377232331704 ], [ -72.36546405898379, 42.388542014301869 ], [ -72.365548934420957, 42.394742150147678 ], [ -72.368157620361032, 42.399305674779662 ], [ -72.368179832858772, 42.40092309779741 ], [ -72.370039219038958, 42.40387463721293 ], [ -72.370428934596447, 42.405758877780656 ], [ -72.372269967660344, 42.407362528149037 ], [ -72.373030980694423, 42.409783140463567 ], [ -72.373765965377984, 42.410316759087756 ], [ -72.373784598532879, 42.411664607218107 ], [ -72.373060768794971, 42.411939697727526 ], [ -72.371642831414547, 42.414646421269758 ], [ -72.370900385201054, 42.413573650571934 ] ] ], [ [ [ -72.303969462282879, 42.443176816615143 ], [ -72.29921750403048, 42.441592332427611 ], [ -72.295581376413239, 42.441887104185732 ], [ -72.294088287641969, 42.438931880995973 ], [ -72.292244939529994, 42.437057422595494 ], [ -72.292945725569965, 42.434895848623732 ], [ -72.292915278075981, 42.432469712872056 ], [ -72.292177339087615, 42.431666010293711 ], [ -72.292449950065119, 42.424385088348025 ], [ -72.289855804326237, 42.420628591510734 ], [ -72.292752930922532, 42.419530297753077 ], [ -72.294177743344392, 42.417094122019222 ], [ -72.29415403164505, 42.41520711975145 ], [ -72.291937450657002, 42.412526439035524 ], [ -72.287925731984473, 42.411745185174333 ], [ -72.287127670787882, 42.406089142473711 ], [ -72.289673907215331, 42.406071700147137 ], [ -72.292210006724375, 42.405245484030715 ], [ -72.294005019092353, 42.403345943016589 ], [ -72.294348426316247, 42.401725997233193 ], [ -72.297268407079613, 42.402514593654587 ], [ -72.299450769707249, 42.402499454231368 ], [ -72.301986598107433, 42.401673021989701 ], [ -72.303427782100968, 42.40058458421678 ], [ -72.306622111173809, 42.394361515026162 ], [ -72.306563646829773, 42.389778775353008 ], [ -72.304704207849241, 42.386556628187236 ], [ -72.307966588659738, 42.38572497219797 ], [ -72.310834147437646, 42.382469627022907 ], [ -72.311530233641378, 42.380038338335268 ], [ -72.311429921366781, 42.372220699086263 ], [ -72.309196869917585, 42.368192452814554 ], [ -72.305537542043609, 42.366330949039089 ], [ -72.300444864632254, 42.366096904960578 ], [ -72.296830063045093, 42.367739594607514 ], [ -72.294703092447563, 42.372067878846472 ], [ -72.294808113067944, 42.380424680834707 ], [ -72.297040679848095, 42.384453195126362 ], [ -72.293778220987789, 42.385284541555016 ], [ -72.292704233701215, 42.386639931268483 ], [ -72.289707607538077, 42.379651014069175 ], [ -72.286418480441853, 42.378325559027232 ], [ -72.282055416409008, 42.378355302436354 ], [ -72.282028747412468, 42.376198705909992 ], [ -72.281291603362817, 42.375394922855975 ], [ -72.282715862967549, 42.372958863789641 ], [ -72.283049381532493, 42.370530215516901 ], [ -72.283773128465626, 42.37025568854358 ], [ -72.284830303595172, 42.367552501924763 ], [ -72.286974567419819, 42.364572272056066 ], [ -72.286951090288326, 42.362685245259065 ], [ -72.288014719431374, 42.360521175690323 ], [ -72.287563970215629, 42.35351469914395 ], [ -72.288990857602073, 42.351348126408325 ], [ -72.288963963590405, 42.34919151841364 ], [ -72.291043374056926, 42.341089249055884 ], [ -72.291817349790563, 42.344858315338669 ], [ -72.293304732458708, 42.347544056920192 ], [ -72.295145504008175, 42.349418537574422 ], [ -72.29842990907558, 42.350474176034616 ], [ -72.301697343658887, 42.350181842489356 ], [ -72.30458418254149, 42.348544081647766 ], [ -72.306726871713508, 42.345563471010443 ], [ -72.307782653673641, 42.342860058685268 ], [ -72.307724152865347, 42.338277266402102 ], [ -72.304402531354157, 42.334256550223792 ], [ -72.301848941270606, 42.333465588962291 ], [ -72.297492374412258, 42.3337654946667 ], [ -72.294959208394673, 42.334591840590306 ], [ -72.292806204314658, 42.336763509061285 ], [ -72.293139144892749, 42.334334812075461 ], [ -72.293862434112526, 42.334060219423932 ], [ -72.294918573678913, 42.331356918507716 ], [ -72.297064531201414, 42.328646053928445 ], [ -72.29774016761786, 42.324597356401554 ], [ -72.30131152780649, 42.319719694820456 ], [ -72.300540703323762, 42.316220249793972 ], [ -72.299063957886787, 42.314343317206294 ], [ -72.297600885873962, 42.313544676522646 ], [ -72.299019723991066, 42.310838804705185 ], [ -72.298992505566162, 42.308682180345521 ], [ -72.298252533270613, 42.30760891600027 ], [ -72.299678020328841, 42.305442189361202 ], [ -72.300712979087365, 42.30112134813178 ], [ -72.302902101493316, 42.301914878251964 ], [ -72.304717846491172, 42.301902175655513 ], [ -72.304734977849051, 42.303250067035769 ], [ -72.3033062928249, 42.30514727921954 ], [ -72.303330236088101, 42.307034326075865 ], [ -72.304824072669035, 42.310259096116582 ], [ -72.306657231136214, 42.311594251930629 ], [ -72.305595061343354, 42.313758516786166 ], [ -72.305643092267545, 42.317532602019284 ], [ -72.307212927025247, 42.326688029125513 ], [ -72.307956715714667, 42.32803080819982 ], [ -72.306527567876316, 42.329928050551807 ], [ -72.306572230863239, 42.333432545971156 ], [ -72.309156900357536, 42.336649588794955 ], [ -72.311025464943782, 42.34068042791074 ], [ -72.31321954976093, 42.341743330684025 ], [ -72.314309681314469, 42.341735614806268 ], [ -72.31324726730341, 42.343899936442384 ], [ -72.314098910269834, 42.353599505927413 ], [ -72.315604822001902, 42.357632828049233 ], [ -72.317086550751128, 42.359779105068874 ], [ -72.318917913122306, 42.360844476497832 ], [ -72.3167752807894, 42.363825304172749 ], [ -72.315726486469103, 42.367067934902003 ], [ -72.316183931148885, 42.374343853091766 ], [ -72.315470706082536, 42.375427304861901 ], [ -72.315515896787289, 42.378931761424141 ], [ -72.317001604424149, 42.381347602526787 ], [ -72.317120039062885, 42.390513084233277 ], [ -72.313857531608974, 42.391344998831372 ], [ -72.312416737779529, 42.392433569567615 ], [ -72.311349947552245, 42.394328276284675 ], [ -72.311775930483904, 42.399178015912049 ], [ -72.31070555013352, 42.400803141450815 ], [ -72.310747037351732, 42.404038007165553 ], [ -72.312617695383722, 42.408068758692956 ], [ -72.313057739338092, 42.413996763306379 ], [ -72.312752877956029, 42.418582042659942 ], [ -72.310947618778386, 42.41967315610831 ], [ -72.309523394701984, 42.422109537842474 ], [ -72.309557928317105, 42.424805246038517 ], [ -72.310673701052309, 42.426684559472328 ], [ -72.312143022462962, 42.427752583692353 ], [ -72.31469707596554, 42.428273728767138 ], [ -72.316530383165301, 42.429339121151777 ], [ -72.316211770184793, 42.43284611274651 ], [ -72.316950028641102, 42.433649661024042 ], [ -72.316974428078353, 42.435536650057486 ], [ -72.315907046750226, 42.437431379402632 ], [ -72.315934898008038, 42.439587936465216 ], [ -72.312278168165264, 42.438265817982732 ], [ -72.30937016141273, 42.438555888642981 ], [ -72.307200332519201, 42.439649495438942 ], [ -72.305075086787753, 42.444247467057266 ], [ -72.304347152415147, 42.444252553627301 ], [ -72.303969462282879, 42.443176816615143 ] ] ], [ [ [ -72.259967153317149, 42.38605203647176 ], [ -72.258477047427277, 42.383096312276045 ], [ -72.255188395969171, 42.381769965494705 ], [ -72.260996412099914, 42.380922904710523 ], [ -72.260285408573125, 42.382275587343976 ], [ -72.260311338582881, 42.384432185830974 ], [ -72.261424935078111, 42.386311994243471 ], [ -72.259967153317149, 42.38605203647176 ] ] ], [ [ [ -72.259911294603739, 42.411663953568727 ], [ -72.257715679573522, 42.410600050686782 ], [ -72.259492445774001, 42.407083610527557 ], [ -72.261697714035606, 42.408956199947703 ], [ -72.263156031144106, 42.409216134390888 ], [ -72.261356677919821, 42.410845618453067 ], [ -72.260651833981953, 42.412737439727849 ], [ -72.259911294603739, 42.411663953568727 ] ] ], [ [ [ -72.285229002801046, 42.487519141101465 ], [ -72.283742012533907, 42.485102952907326 ], [ -72.282271836938961, 42.484034581775532 ], [ -72.284019174303737, 42.478091717046304 ], [ -72.283922112060552, 42.470274240756609 ], [ -72.281316582849229, 42.465708888428502 ], [ -72.280925822822439, 42.463554806010556 ], [ -72.282328709712516, 42.459231819131723 ], [ -72.281914594193395, 42.455190750441531 ], [ -72.280067803667734, 42.453046535092362 ], [ -72.276053658393437, 42.452264875286687 ], [ -72.274584377136776, 42.451196397081418 ], [ -72.272026433283244, 42.450404795080068 ], [ -72.268028943623747, 42.450970705746926 ], [ -72.264050946932059, 42.453153898913357 ], [ -72.263296845662026, 42.451002164091278 ], [ -72.260709833215003, 42.447784176507703 ], [ -72.260703340644525, 42.447245035224356 ], [ -72.262890512730678, 42.447500159904173 ], [ -72.267602694295078, 42.445851295209557 ], [ -72.269038915026357, 42.444224158547584 ], [ -72.271573523487646, 42.44312883417377 ], [ -72.273366932651314, 42.440960061811914 ], [ -72.274429040430675, 42.438526587000673 ], [ -72.274409214697116, 42.436909161550183 ], [ -72.276619279822597, 42.439051022337011 ], [ -72.281734427315683, 42.44063396986872 ], [ -72.281053191204805, 42.444412894463007 ], [ -72.282161786654513, 42.445753334700903 ], [ -72.282629295437602, 42.454107527550327 ], [ -72.284506338732058, 42.458677824824619 ], [ -72.287836600187333, 42.462968566800697 ], [ -72.288598412924301, 42.46565927158511 ], [ -72.291177446295379, 42.468067912968344 ], [ -72.293736345612714, 42.468859086070267 ], [ -72.298102250063238, 42.468559332086649 ], [ -72.301355270730028, 42.466649607377164 ], [ -72.301705678019928, 42.465568801390809 ], [ -72.303148324971374, 42.464480384218888 ], [ -72.304601225581678, 42.464200653459038 ], [ -72.306043791376865, 42.463112199648243 ], [ -72.307455288324348, 42.459597612060342 ], [ -72.307431163986777, 42.457710632367913 ], [ -72.305573119079256, 42.454758121127711 ], [ -72.30588211542819, 42.450442470779116 ], [ -72.308100618722335, 42.453122857946703 ], [ -72.308852819349468, 42.455004729253872 ], [ -72.311061223792578, 42.456876350575563 ], [ -72.313619918685092, 42.45766708427935 ], [ -72.316528785820765, 42.457376907676846 ], [ -72.31619261230783, 42.459536033951771 ], [ -72.316931182502117, 42.460339576991728 ], [ -72.316952104571783, 42.46195698541711 ], [ -72.316227451051105, 42.462231715063176 ], [ -72.315877310802932, 42.463312566124529 ], [ -72.312621432414559, 42.464953134559565 ], [ -72.311917520423521, 42.466845244073227 ], [ -72.307912450305906, 42.466873400956864 ], [ -72.306102285887619, 42.467694857435774 ], [ -72.305027161562279, 42.46905033491457 ], [ -72.304697403235252, 42.471748556620724 ], [ -72.303979448592301, 42.472562343868518 ], [ -72.305133709879499, 42.477406930292773 ], [ -72.301849437045178, 42.476890650244187 ], [ -72.299310585981985, 42.477717064027296 ], [ -72.29714944751845, 42.479619172626599 ], [ -72.295733531582229, 42.482864048602991 ], [ -72.292452435387276, 42.482617068674827 ], [ -72.289191583066312, 42.483987399508401 ], [ -72.288122548814016, 42.485881847880876 ], [ -72.288139375785633, 42.487229683676254 ], [ -72.289248873587667, 42.48857004100315 ], [ -72.289272466220012, 42.490457009420219 ], [ -72.287458020250185, 42.491008601111908 ], [ -72.286378740315413, 42.492094329541686 ], [ -72.285650252707441, 42.49209929787299 ], [ -72.285229002801046, 42.487519141101465 ] ] ] ] } },
{ "type": "Feature", "properties": { "stage": 5, "pool_ft": 489.0, "pct": 38.0 }, "geometry": { "type": "MultiPolygon", "coordinates": [ [ [ [ -72.325035236808318, 42.328179096514639 ], [ -72.324573596538258, 42.320633563111883 ], [ -72.323064488419618, 42.316330749206514 ], [ -72.321594070135802, 42.314993260316186 ], [ -72.32229950609451, 42.313370602005449 ], [ -72.324478789553822, 42.313354987646939 ], [ -72.326326527782868, 42.315768136687986 ], [ -72.329980009330242, 42.31735942290117 ], [ -72.334335292831568, 42.317058285033767 ], [ -72.336504013108922, 42.31623371289065 ], [ -72.339021609852466, 42.314328142241521 ], [ -72.343006245062796, 42.313490173584022 ], [ -72.339434874548161, 42.318099560234323 ], [ -72.336155026649976, 42.317314662253835 ], [ -72.333612373517312, 42.317333133288749 ], [ -72.331080336805172, 42.318160277946951 ], [ -72.330367999757001, 42.319243835420536 ], [ -72.328202623624108, 42.320337867824442 ], [ -72.327137521022394, 42.322232751282371 ], [ -72.327162181229468, 42.324119786339949 ], [ -72.325733697421157, 42.326017269004808 ], [ -72.325782938543171, 42.329791335915687 ], [ -72.325066865446999, 42.330605281808616 ], [ -72.324745709358794, 42.333842800798713 ], [ -72.323295890608875, 42.33412279422015 ], [ -72.322219901277862, 42.335208899011754 ], [ -72.325035236808318, 42.328179096514639 ] ] ], [ [ [ -72.369812731654946, 42.413851472444826 ], [ -72.369749667939416, 42.40926878723343 ], [ -72.36676932623962, 42.40416890892255 ], [ -72.366376034997714, 42.402015084824129 ], [ -72.365270111187328, 42.400945012211245 ], [ -72.365240594022609, 42.398788447313279 ], [ -72.363377900048135, 42.395567255903849 ], [ -72.36191213645894, 42.39476944856812 ], [ -72.361166416918607, 42.393427038921487 ], [ -72.361493356868422, 42.390728604364099 ], [ -72.360002062545476, 42.388043771861938 ], [ -72.359954399914542, 42.384539340598863 ], [ -72.360666965492229, 42.383455615445463 ], [ -72.359833433881917, 42.375643463826123 ], [ -72.357604489881822, 42.372155306168921 ], [ -72.355404958475461, 42.370823684984487 ], [ -72.355281013534139, 42.361658202392547 ], [ -72.353783391431676, 42.358434124546299 ], [ -72.353747009545131, 42.355738388342324 ], [ -72.352638475073164, 42.354398609232959 ], [ -72.352965577067337, 42.351700174979868 ], [ -72.350378065602811, 42.348484128040518 ], [ -72.350323720135421, 42.344440512625368 ], [ -72.348470614811404, 42.341758189600277 ], [ -72.349387046776528, 42.328810537372206 ], [ -72.356173071112096, 42.320132909048098 ], [ -72.356118379818298, 42.316089271729503 ], [ -72.35463271109937, 42.31367390140975 ], [ -72.351694353129247, 42.311269287256927 ], [ -72.349141099764395, 42.310479372747984 ], [ -72.351305776815252, 42.309384943640339 ], [ -72.3523699399002, 42.307489831194886 ], [ -72.351963228884458, 42.304257604908756 ], [ -72.350477996285392, 42.301842174938123 ], [ -72.361390720493475, 42.303108900737719 ], [ -72.365433308923713, 42.306583375323058 ], [ -72.366930297739216, 42.309807337480102 ], [ -72.364549936599971, 42.321687819714825 ], [ -72.363834453758827, 42.322502008419164 ], [ -72.363541067962259, 42.327626666663406 ], [ -72.361364971817409, 42.327912596804055 ], [ -72.358113583438126, 42.329284927752695 ], [ -72.357049225870213, 42.331180084662982 ], [ -72.357071130555539, 42.332797534639333 ], [ -72.355643347716864, 42.334695385360043 ], [ -72.355687088773848, 42.337930282827806 ], [ -72.357202582183774, 42.342502222542471 ], [ -72.357639038987742, 42.347890996852477 ], [ -72.358747565329466, 42.349230729683661 ], [ -72.358039008340825, 42.350584025198472 ], [ -72.358071913822613, 42.353010189403498 ], [ -72.357355993387017, 42.353824332253261 ], [ -72.357792541374678, 42.359213092515859 ], [ -72.358534127277792, 42.36028596126102 ], [ -72.358559738907246, 42.362172973796824 ], [ -72.360792052453917, 42.365930693695141 ], [ -72.360869100881658, 42.371591720179346 ], [ -72.361607211606355, 42.372394993658688 ], [ -72.36313499668924, 42.37777553649407 ], [ -72.364615124523098, 42.379651619130506 ], [ -72.364633553601109, 42.380999478420748 ], [ -72.367249001146817, 42.386102181266018 ], [ -72.366195039874782, 42.388806112642158 ], [ -72.366272599952637, 42.394467105758167 ], [ -72.368881326780766, 42.399030614279411 ], [ -72.36890355769772, 42.400648037262251 ], [ -72.370762969578152, 42.40359956517667 ], [ -72.371152705013117, 42.405483803416494 ], [ -72.372993748426993, 42.407087442312253 ], [ -72.373754785866481, 42.409508049999772 ], [ -72.374489773461747, 42.410041664037117 ], [ -72.374515881596309, 42.411928651257107 ], [ -72.373079387390064, 42.413287545448583 ], [ -72.372381581866293, 42.415449617528118 ], [ -72.370558875815604, 42.415193819553615 ], [ -72.369812731654946, 42.413851472444826 ] ] ], [ [ [ -72.288798397175668, 42.394215480283975 ], [ -72.28879167058335, 42.393676333624008 ], [ -72.29129691927713, 42.390423973926872 ], [ -72.290623537944867, 42.394742147280695 ], [ -72.288798397175668, 42.394215480283975 ] ] ], [ [ [ -72.283016948873779, 42.48537747198263 ], [ -72.281546779156187, 42.484309091677545 ], [ -72.281877592453824, 42.481610945110283 ], [ -72.282953427618196, 42.480255688107356 ], [ -72.282569204117578, 42.478640755107321 ], [ -72.283287503804686, 42.477827102577876 ], [ -72.28319721944888, 42.470548762021657 ], [ -72.280591731315482, 42.465983393621649 ], [ -72.280200994313802, 42.463829308896223 ], [ -72.280531757832648, 42.461131151943341 ], [ -72.281597264781041, 42.458967192649347 ], [ -72.281189865964777, 42.455465260131511 ], [ -72.279710440148605, 42.453588139327103 ], [ -72.275696264878121, 42.452806467173076 ], [ -72.274226977069233, 42.451737984554214 ], [ -72.271669015763237, 42.450946374722974 ], [ -72.26695001386598, 42.452056263399307 ], [ -72.264782251020748, 42.453418637194702 ], [ -72.264431279360565, 42.454499334108277 ], [ -72.263342453647525, 42.454776146949989 ], [ -72.263319648973535, 42.452889155971221 ], [ -72.261460558318063, 42.449666359539435 ], [ -72.260362068074159, 42.449134433092247 ], [ -72.259965638928122, 42.446441129202469 ], [ -72.261428063570904, 42.446970653873443 ], [ -72.263608711774268, 42.44668662361331 ], [ -72.267232168317321, 42.445314579466924 ], [ -72.267943732577137, 42.443961874343664 ], [ -72.270842310054718, 42.442864138330357 ], [ -72.273697868298854, 42.438261908986142 ], [ -72.273651653699829, 42.434487914718247 ], [ -72.274379477999929, 42.434483022157195 ], [ -72.275133759534853, 42.436634693252529 ], [ -72.276976587613902, 42.438509425727197 ], [ -72.280268649820854, 42.439835131638795 ], [ -72.282819588415848, 42.440087411698272 ], [ -72.281777793235023, 42.44413838487219 ], [ -72.282886399242457, 42.445478818226739 ], [ -72.283354001832066, 42.453833008709715 ], [ -72.285231089408455, 42.45840329449122 ], [ -72.288561385626025, 42.462694015813788 ], [ -72.290064895169223, 42.466457998585931 ], [ -72.291534793405475, 42.467526275154221 ], [ -72.294093675251787, 42.468317440429274 ], [ -72.297731331654305, 42.468022717587004 ], [ -72.300623660172448, 42.466385102215121 ], [ -72.300974078515651, 42.465304298380907 ], [ -72.302777387643488, 42.463943785405952 ], [ -72.304230277552051, 42.463664059286039 ], [ -72.306026588724535, 42.461764358096616 ], [ -72.306706517777002, 42.457985302416994 ], [ -72.304477602374078, 42.454496185067939 ], [ -72.305167854434231, 42.451525838911635 ], [ -72.304728289432234, 42.445597858615592 ], [ -72.303244967733733, 42.443451465889709 ], [ -72.301414894798981, 42.442655435481818 ], [ -72.298860369482227, 42.442133997615379 ], [ -72.296319478096365, 42.442690782917495 ], [ -72.295224209023033, 42.442428758056941 ], [ -72.292251700208766, 42.437596563429445 ], [ -72.29114978501218, 42.436795358618241 ], [ -72.292214517903275, 42.434631287950182 ], [ -72.292190858253193, 42.4327442933293 ], [ -72.291452925272424, 42.43194058616244 ], [ -72.291725620898447, 42.424659666420489 ], [ -72.2898659121783, 42.421437306194449 ], [ -72.288400477142702, 42.420638567714661 ], [ -72.292021901840883, 42.419265734864148 ], [ -72.293446736476795, 42.416829568022813 ], [ -72.293429815064457, 42.415481709154697 ], [ -72.291580417953909, 42.413068085486266 ], [ -72.289023804331947, 42.412276853575101 ], [ -72.287204885490937, 42.412289307834925 ], [ -72.286390113347963, 42.405285397686882 ], [ -72.289303427021309, 42.405535050233411 ], [ -72.291839509842703, 42.404708842175523 ], [ -72.293274171927678, 42.403081387055458 ], [ -72.293610827979194, 42.400922297891924 ], [ -72.299080227454354, 42.401962835338097 ], [ -72.302696927431256, 42.400320087921834 ], [ -72.305891315077616, 42.394097038631045 ], [ -72.305839775403285, 42.390053444480436 ], [ -72.303609876355281, 42.386294679546594 ], [ -72.307596072437391, 42.385188378621066 ], [ -72.31010347115479, 42.382205176648171 ], [ -72.310799582539147, 42.379773892233601 ], [ -72.310706272030927, 42.372495399936703 ], [ -72.308473256970828, 42.36846713986796 ], [ -72.305180886562368, 42.366872643486559 ], [ -72.300815208354251, 42.366633523904135 ], [ -72.297560516717766, 42.368004130150929 ], [ -72.295433587212244, 42.372332427637502 ], [ -72.295531922186456, 42.380150080498936 ], [ -72.298498577017028, 42.384712683246207 ], [ -72.294148620511265, 42.385821179610872 ], [ -72.292000597544444, 42.388531955164829 ], [ -72.292010727697914, 42.389340675816932 ], [ -72.291599825935634, 42.385569147259488 ], [ -72.288983778842919, 42.37992557779237 ], [ -72.28424029198932, 42.378610025843869 ], [ -72.281338230715846, 42.379168967067265 ], [ -72.281304924895821, 42.376473221536337 ], [ -72.280567786845864, 42.375669433894608 ], [ -72.280554478050121, 42.374591134931123 ], [ -72.281985414172098, 42.372694234277013 ], [ -72.282318959389571, 42.370265587976284 ], [ -72.28304270646494, 42.369991065582219 ], [ -72.284099908387574, 42.367287885514791 ], [ -72.286244197654483, 42.36430766908466 ], [ -72.286220742408958, 42.362420642026549 ], [ -72.28728439208794, 42.360256579083774 ], [ -72.286833725638246, 42.35325009926283 ], [ -72.288260632063853, 42.351083535461441 ], [ -72.289959981744204, 42.341635897330264 ], [ -72.292082879614611, 42.337038094906994 ], [ -72.292409098321173, 42.334070246489624 ], [ -72.293132387684864, 42.333795658415553 ], [ -72.294188554019442, 42.331092364052502 ], [ -72.295981403896164, 42.329192760407963 ], [ -72.297037371738767, 42.326489437204792 ], [ -72.297010214126871, 42.324332819482862 ], [ -72.300581615638151, 42.319455180308758 ], [ -72.29981764690983, 42.316494885505271 ], [ -72.298340916504301, 42.31461794373508 ], [ -72.297247854920869, 42.314355930421648 ], [ -72.296501062234256, 42.312743500240025 ], [ -72.298289923788829, 42.310574275146593 ], [ -72.297522773504525, 42.307344381392006 ], [ -72.299650781801688, 42.303285562744307 ], [ -72.299620140676481, 42.300859356646427 ], [ -72.301432443909889, 42.300577127433293 ], [ -72.303258410579915, 42.301373183285186 ], [ -72.305433856545832, 42.30108835163805 ], [ -72.305821016719847, 42.302972853330822 ], [ -72.304388945534669, 42.304600500960497 ], [ -72.3040531692222, 42.306759667723888 ], [ -72.305547036145668, 42.309984428550571 ], [ -72.307746844337046, 42.311586598226228 ], [ -72.306324928776135, 42.314022999775695 ], [ -72.306366135259182, 42.31725792971875 ], [ -72.307936067792625, 42.326413347481584 ], [ -72.309046611724639, 42.328023142199633 ], [ -72.307257625675675, 42.330192526712338 ], [ -72.307295451477231, 42.33315786875464 ], [ -72.309880146517841, 42.336374895508911 ], [ -72.311748749062673, 42.340405723109782 ], [ -72.314669587688272, 42.34146346480177 ], [ -72.316486465131945, 42.341450576348535 ], [ -72.315043380223472, 42.342269616572786 ], [ -72.313977514391169, 42.344164369125764 ], [ -72.314822328739041, 42.353324782570603 ], [ -72.316328280053455, 42.357358095465145 ], [ -72.317810026912937, 42.359504363295201 ], [ -72.319641393514431, 42.360569723269201 ], [ -72.319655365641481, 42.361648021013643 ], [ -72.317505772651899, 42.364089713280663 ], [ -72.316457011396224, 42.36733235047781 ], [ -72.316914542031057, 42.374608265325705 ], [ -72.31620132649924, 42.375691721560266 ], [ -72.316239598880131, 42.378657030720909 ], [ -72.31809590576637, 42.381609424092773 ], [ -72.318204033985964, 42.389966186079384 ], [ -72.317854327719118, 42.3910470621923 ], [ -72.315675842581939, 42.391332123344014 ], [ -72.31350774341162, 42.392425861385675 ], [ -72.312080769153823, 42.394592717998428 ], [ -72.312506809930724, 42.399442454619205 ], [ -72.311436443891495, 42.401067586854552 ], [ -72.311471047591112, 42.403763308068235 ], [ -72.313715911504602, 42.40860019198275 ], [ -72.313809621906799, 42.415878620366911 ], [ -72.313487455834121, 42.419116044931606 ], [ -72.311678731781214, 42.419937598782134 ], [ -72.310254529931541, 42.42237398940533 ], [ -72.310282181654387, 42.42453055579022 ], [ -72.311397971078435, 42.42640986233058 ], [ -72.317251171594066, 42.428794817117939 ], [ -72.316936086759853, 42.432571381180715 ], [ -72.31805570637718, 42.434720189359226 ], [ -72.316638386003632, 42.437695789430791 ], [ -72.316662777695498, 42.439582776645572 ], [ -72.317404608449763, 42.44065589014857 ], [ -72.316312770419501, 42.440663635184031 ], [ -72.311921164399919, 42.438807524114708 ], [ -72.309741005676216, 42.439092469651165 ], [ -72.307931661006776, 42.439913960617368 ], [ -72.305442490940607, 42.444514491601531 ], [ -72.305463113619751, 42.446131908547002 ], [ -72.306956904704322, 42.449086978924491 ], [ -72.306606678693043, 42.450167805394088 ], [ -72.308825203086556, 42.452848178790376 ], [ -72.309577422030642, 42.454730045495893 ], [ -72.312881421868511, 42.456863519465408 ], [ -72.317977972537065, 42.456827439339534 ], [ -72.316906774775177, 42.458452599650641 ], [ -72.317683732204969, 42.46222138718025 ], [ -72.316959078833136, 42.462496121410119 ], [ -72.316251839941032, 42.464118690734153 ], [ -72.313353076626314, 42.465217563624542 ], [ -72.312292019965241, 42.467651380827597 ], [ -72.309372294869121, 42.467132746096269 ], [ -72.306473273501354, 42.468231445027442 ], [ -72.305405024463411, 42.470126061416757 ], [ -72.30578634018427, 42.471471354085679 ], [ -72.304711144777016, 42.472826827299571 ], [ -72.305109648116911, 42.475519958727901 ], [ -72.30584826422816, 42.476323569526208 ], [ -72.305508185452112, 42.478213086901356 ], [ -72.303312918016573, 42.477419638902425 ], [ -72.299681574763099, 42.478253672100195 ], [ -72.297166465526885, 42.480967009300699 ], [ -72.296472114263892, 42.483667717965702 ], [ -72.292823394670009, 42.483153698142409 ], [ -72.289923349703045, 42.484251976061728 ], [ -72.288864438442644, 42.486955132505805 ], [ -72.289973946813873, 42.48829548294885 ], [ -72.289629956412952, 42.489915380665138 ], [ -72.290371919074431, 42.490988654448422 ], [ -72.287828986387993, 42.491545245475137 ], [ -72.287474834399504, 42.492356435187794 ], [ -72.285299423253804, 42.493180047553324 ], [ -72.285306130622331, 42.493719181058331 ], [ -72.284878191589314, 42.488599890802682 ], [ -72.283016948873779, 42.48537747198263 ] ], [ [ -72.303853924167925, 42.348279589562068 ], [ -72.305996638783157, 42.345298992359517 ], [ -72.307052447528548, 42.342595586583236 ], [ -72.30700087560416, 42.338551946011528 ], [ -72.304046046920277, 42.334798244984889 ], [ -72.301492439434853, 42.334007275897136 ], [ -72.299675772659867, 42.3340199274312 ], [ -72.296775892528231, 42.334579263590783 ], [ -72.294249451420768, 42.335944746988488 ], [ -72.292113249276326, 42.339464284454905 ], [ -72.292160495601436, 42.343238354525973 ], [ -72.293287832600825, 42.346196176548396 ], [ -72.295502147017061, 42.348876872141481 ], [ -72.298786529916143, 42.349932500541378 ], [ -72.300240229055518, 42.349922392885262 ], [ -72.303853924167925, 42.348279589562068 ] ] ], [ [ [ -72.260337270361376, 42.386588783238111 ], [ -72.259246359176416, 42.386595987302961 ], [ -72.257753043744827, 42.383370679270733 ], [ -72.255925282507874, 42.382573914601274 ], [ -72.253740384157439, 42.382318653688017 ], [ -72.250480666003554, 42.383418347695333 ], [ -72.251182285132984, 42.381257000506004 ], [ -72.256999988934751, 42.381218867047878 ], [ -72.258084344208498, 42.380672534227699 ], [ -72.262080727771306, 42.380376534186674 ], [ -72.261015877211321, 42.382540354060581 ], [ -72.261035343318497, 42.384157802804673 ], [ -72.262145707240563, 42.385768029728794 ], [ -72.262535346749871, 42.387922216604764 ], [ -72.260337270361376, 42.386588783238111 ] ] ], [ [ [ -72.241785421681968, 42.386170695374439 ], [ -72.242500030183592, 42.385087703523624 ], [ -72.246509495849665, 42.385870545425043 ], [ -72.246515861095162, 42.386409695469489 ], [ -72.244330868206859, 42.386154256091082 ], [ -72.242522189087893, 42.386974729499372 ], [ -72.241785421681968, 42.386170695374439 ] ] ], [ [ [ -72.267295437413225, 42.390586531625452 ], [ -72.270198146832243, 42.390027946113179 ], [ -72.269139970335871, 42.392730984256843 ], [ -72.268045679416758, 42.392468697759533 ], [ -72.267295437413225, 42.390586531625452 ] ] ], [ [ [ -72.265581591057554, 42.399225008637927 ], [ -72.265955099103579, 42.400031309302797 ], [ -72.265227670792399, 42.400036148656106 ], [ -72.265581591057554, 42.399225008637927 ] ] ], [ [ [ -72.259186969918829, 42.411938327746505 ], [ -72.25662112671391, 42.410337656654654 ], [ -72.259476250964255, 42.405735743633954 ], [ -72.262054979555856, 42.408414645686555 ], [ -72.264611099262694, 42.409206477295179 ], [ -72.263165795562855, 42.410024853597591 ], [ -72.261372914138562, 42.412193483439708 ], [ -72.261048080968877, 42.415430763506251 ], [ -72.259186969918829, 42.411938327746505 ] ] ] ] } },
{ "type": "Feature", "properties": { "stage": 6, "pool_ft": 495.0, "pct": 45.0 }, "geometry": { "type": "MultiPolygon", "coordinates": [ [ [ [ -72.324308639010809, 42.328184309392952 ], [ -72.323847085316274, 42.320638773080802 ], [ -72.322338026455341, 42.316335949641299 ], [ -72.320867623399394, 42.314998451458003 ], [ -72.321925791793007, 42.312564468852649 ], [ -72.324834978393767, 42.31281322707428 ], [ -72.326315971012562, 42.314959405967869 ], [ -72.328149718820072, 42.316294217588379 ], [ -72.329972940159735, 42.316820269507645 ], [ -72.334328186600899, 42.316519131874664 ], [ -72.338291602352072, 42.314063866939719 ], [ -72.344085103012389, 42.312673445782949 ], [ -72.343383824777518, 42.314565814436229 ], [ -72.340869930835339, 42.316741056935172 ], [ -72.339445599448354, 42.318908289205623 ], [ -72.336162148529411, 42.317853815209595 ], [ -72.333619473742687, 42.317872286399712 ], [ -72.331810361437888, 42.318424598826468 ], [ -72.328572934921851, 42.320874402728506 ], [ -72.32786405026809, 42.322227520516414 ], [ -72.327892258233973, 42.324384131772788 ], [ -72.326460270224032, 42.326012047116421 ], [ -72.326509554668476, 42.329786113720132 ], [ -72.325793490976224, 42.330600064140214 ], [ -72.325475888436202, 42.334107161029401 ], [ -72.324026066860469, 42.334387163643399 ], [ -72.321150871138499, 42.336834145171082 ], [ -72.324308639010809, 42.328184309392952 ] ] ], [ [ [ -72.37056630219989, 42.41573295843537 ], [ -72.369085152774176, 42.413856968249128 ], [ -72.369022141802731, 42.409274282645299 ], [ -72.366041858538111, 42.404174385503076 ], [ -72.365648592047336, 42.402020558921599 ], [ -72.364546367140164, 42.401220049877395 ], [ -72.364138430631954, 42.397987933752042 ], [ -72.36043907232893, 42.393432480101175 ], [ -72.360766043348264, 42.390734047613847 ], [ -72.359274779779412, 42.388049205688937 ], [ -72.35922715745015, 42.384544774129139 ], [ -72.359939735552459, 42.38346105348117 ], [ -72.3591062937017, 42.375648896603188 ], [ -72.357248247565366, 42.37269716124954 ], [ -72.355419542594959, 42.371901975797414 ], [ -72.354677873326992, 42.37082908977586 ], [ -72.354554033723474, 42.361663606411973 ], [ -72.353056448543583, 42.358439519103442 ], [ -72.353020097629795, 42.355743782672803 ], [ -72.35191157845739, 42.35440399655819 ], [ -72.3522387114823, 42.35170556437599 ], [ -72.349651236744165, 42.348489501085147 ], [ -72.349596937720378, 42.344445885331368 ], [ -72.348477844376035, 42.342297338963363 ], [ -72.347747474718403, 42.342033125308262 ], [ -72.348660443764331, 42.328815904176317 ], [ -72.355446568285814, 42.320138318756513 ], [ -72.35539192339391, 42.316094681096999 ], [ -72.354276772442432, 42.314215754206451 ], [ -72.350971575296839, 42.311544245029772 ], [ -72.34696552801482, 42.310765031319882 ], [ -72.350216206910602, 42.30939301035108 ], [ -72.351643581827503, 42.307495216878635 ], [ -72.351236907857242, 42.304262988025407 ], [ -72.349744467046392, 42.301308394766636 ], [ -72.362113356783539, 42.302833876955908 ], [ -72.363947507916677, 42.304168120650544 ], [ -72.364325387794153, 42.305243694754189 ], [ -72.3661559673087, 42.306308326314984 ], [ -72.366170719671899, 42.307386630859895 ], [ -72.367656681026219, 42.309801855172203 ], [ -72.365276456428106, 42.321682352466276 ], [ -72.364560982993936, 42.322496545694058 ], [ -72.364275018565493, 42.328160355804229 ], [ -72.361372309641695, 42.328451746961775 ], [ -72.358484200629192, 42.329821365232441 ], [ -72.357797778564077, 42.332792114676309 ], [ -72.356370017639037, 42.334689974424066 ], [ -72.356413795838876, 42.33792487161903 ], [ -72.357929341625535, 42.342496801759602 ], [ -72.358365860289311, 42.347885573316994 ], [ -72.359474401926178, 42.349225299142851 ], [ -72.358765860545077, 42.350578599137947 ], [ -72.35879879389762, 42.353004763137797 ], [ -72.358082882877383, 42.35381891051378 ], [ -72.358519492746979, 42.359207668023316 ], [ -72.359261090915481, 42.360280532082236 ], [ -72.359286724228653, 42.36216754445838 ], [ -72.3615190807717, 42.36592525025096 ], [ -72.361596194265999, 42.371586276254938 ], [ -72.362334314161643, 42.372389545069709 ], [ -72.363862160974222, 42.37777007825467 ], [ -72.365342310252473, 42.379646151537742 ], [ -72.36536075482816, 42.380994010713138 ], [ -72.367976260830162, 42.386096697032812 ], [ -72.366922330749546, 42.388800635074197 ], [ -72.366999955940898, 42.394461627706995 ], [ -72.369608735046555, 42.399025119744628 ], [ -72.369630984572183, 42.40064254258899 ], [ -72.37149043025444, 42.403594058754138 ], [ -72.371880187339315, 42.405478294532891 ], [ -72.37408872704836, 42.407348729668996 ], [ -72.374107366210708, 42.408696578701488 ], [ -72.375217307953875, 42.410036134066374 ], [ -72.375247170769541, 42.412192690633404 ], [ -72.373806959367755, 42.413282024396779 ], [ -72.372760270604289, 42.416525137128865 ], [ -72.37056630219989, 42.41573295843537 ] ] ], [ [ [ -72.273021705528436, 42.382999504853132 ], [ -72.273011819237354, 42.382190781362958 ], [ -72.273739041669714, 42.382185892787192 ], [ -72.273021705528436, 42.382999504853132 ] ] ], [ [ [ -72.284149744188227, 42.488604849654095 ], [ -72.282659427642955, 42.485919080868577 ], [ -72.280818381002547, 42.484314029477666 ], [ -72.281149225454556, 42.481615885004956 ], [ -72.28222507633771, 42.480260634803933 ], [ -72.281840871436373, 42.478645699377445 ], [ -72.282559180565414, 42.477832051389292 ], [ -72.282468980149176, 42.470553710271965 ], [ -72.279863544457982, 42.465988325409185 ], [ -72.279472832263139, 42.463834238216783 ], [ -72.279803626916092, 42.461136083358078 ], [ -72.280869158895015, 42.458972130801733 ], [ -72.280461800415495, 42.455470195713318 ], [ -72.278985720729054, 42.453862635259831 ], [ -72.27570288599199, 42.453345606850206 ], [ -72.273502255049564, 42.45201244611269 ], [ -72.270583571641481, 42.451492826331247 ], [ -72.266595815156634, 42.452867397185223 ], [ -72.262276391997702, 42.456939939638694 ], [ -72.262591611737747, 42.452893978602077 ], [ -72.261103054390844, 42.45020790649037 ], [ -72.259637315692913, 42.449408807586487 ], [ -72.259234435800664, 42.44617635987705 ], [ -72.263602194576094, 42.446147482345744 ], [ -72.266500947776336, 42.445049856202985 ], [ -72.267573214783667, 42.443425159445461 ], [ -72.268665106341913, 42.443417876525359 ], [ -72.270471774074409, 42.442327432611464 ], [ -72.272970000413792, 42.438266797234149 ], [ -72.272556620864393, 42.434225673748948 ], [ -72.274736779157948, 42.433941431886751 ], [ -72.275861608449958, 42.436629791325849 ], [ -72.277701139649722, 42.438234941383946 ], [ -72.281357143854606, 42.439558157767358 ], [ -72.283540789842235, 42.439543320184356 ], [ -72.282505728084644, 42.444133440958652 ], [ -72.283614349450957, 42.445473867307463 ], [ -72.284082048283665, 42.453828054844912 ], [ -72.285959188394756, 42.458398328767281 ], [ -72.287802972813154, 42.460272877757752 ], [ -72.288183854093063, 42.461618232045588 ], [ -72.288915357323404, 42.461882816525453 ], [ -72.290422242711614, 42.465916363999348 ], [ -72.292259615074542, 42.467251701219823 ], [ -72.294086895558451, 42.467778303873409 ], [ -72.297724520936598, 42.467483581204917 ], [ -72.300252733108891, 42.465848495534495 ], [ -72.301324484864793, 42.464223493182274 ], [ -72.30349868953958, 42.46339957218003 ], [ -72.305298452529982, 42.461769450657805 ], [ -72.305978425203989, 42.457990399280867 ], [ -72.304855368846574, 42.455571917360238 ], [ -72.303752980199135, 42.454770836759671 ], [ -72.304439836192756, 42.451530926058481 ], [ -72.304000339471202, 42.445602942991826 ], [ -72.302887857207949, 42.443993143316334 ], [ -72.301421734333942, 42.443194575025991 ], [ -72.298867187160411, 42.44267313738095 ], [ -72.295598350802265, 42.443234954030423 ], [ -72.294499685037536, 42.442703352364447 ], [ -72.291894528528076, 42.43813820754945 ], [ -72.290425307920145, 42.437069927675211 ], [ -72.29148669329156, 42.434636293243329 ], [ -72.29146305537563, 42.432749298475294 ], [ -72.290725131593845, 42.431945586645085 ], [ -72.290997911094848, 42.424664668635977 ], [ -72.289508811378099, 42.42197894505663 ], [ -72.28767953329627, 42.421182692183272 ], [ -72.28767281337872, 42.420643548917447 ], [ -72.288026560958372, 42.419832343891052 ], [ -72.290206153109551, 42.419547808134567 ], [ -72.291651324365475, 42.418729094204018 ], [ -72.29271911696604, 42.416834581126963 ], [ -72.292702211069454, 42.415486722153581 ], [ -72.29085621470233, 42.413342658838658 ], [ -72.289030534883892, 42.412815997848121 ], [ -72.286487381045319, 42.413102998093727 ], [ -72.285652574663615, 42.404481648020329 ], [ -72.287114243690056, 42.405010851906226 ], [ -72.291108655984104, 42.404444272548275 ], [ -72.292900297435949, 42.402275175677751 ], [ -72.292502775930942, 42.399581953300441 ], [ -72.294334876983001, 42.400647706398338 ], [ -72.297618528745261, 42.401433783043935 ], [ -72.300885185704502, 42.400871903390282 ], [ -72.302326370398191, 42.399783479204466 ], [ -72.304107208526759, 42.396805487324613 ], [ -72.304090065202288, 42.395457623622669 ], [ -72.3051639581779, 42.394102130423796 ], [ -72.305112465015156, 42.39005853595237 ], [ -72.302886031983945, 42.38656933031384 ], [ -72.298869013249828, 42.385249306175915 ], [ -72.29487927184023, 42.386085731088208 ], [ -72.293798525983959, 42.386901983611196 ], [ -72.292020858110519, 42.390149396316133 ], [ -72.291017576004251, 42.397165806161844 ], [ -72.291007457301006, 42.396357086899982 ], [ -72.289532489593697, 42.39474963848582 ], [ -72.286252637991637, 42.394232903295574 ], [ -72.288784944105757, 42.3931371868957 ], [ -72.290923144840036, 42.389617753732615 ], [ -72.290872565989943, 42.385574148727649 ], [ -72.289761474027685, 42.383964199053551 ], [ -72.288997232492633, 42.381003874458671 ], [ -72.287892985924657, 42.379933053477266 ], [ -72.28424697817654, 42.379149174649861 ], [ -72.282068751589392, 42.37943360029788 ], [ -72.280264080676986, 42.380524242556021 ], [ -72.2805777687405, 42.37647815794206 ], [ -72.279827343475645, 42.374596066595544 ], [ -72.28125830151761, 42.372699174988469 ], [ -72.281591874680942, 42.370270530798869 ], [ -72.28302935667125, 42.368912765514231 ], [ -72.283372858047088, 42.367292839598058 ], [ -72.285517181736566, 42.364312636725266 ], [ -72.285493748176933, 42.362425609521082 ], [ -72.286557422809594, 42.360261553304071 ], [ -72.286106836833497, 42.353255070642483 ], [ -72.287533768262861, 42.351088515862962 ], [ -72.289233226600629, 42.34164088848398 ], [ -72.29135617744106, 42.337043099484632 ], [ -72.291682430252905, 42.334075253132589 ], [ -72.293118873614475, 42.332717350906663 ], [ -72.293815093149021, 42.330286142557263 ], [ -72.295254792111649, 42.329197789636822 ], [ -72.296310791072514, 42.32649447311141 ], [ -72.296283658214676, 42.3243378552202 ], [ -72.299855115995626, 42.319460238626277 ], [ -72.299091181180032, 42.316499938996991 ], [ -72.297984490792217, 42.315159621961492 ], [ -72.296524805516071, 42.314630545523805 ], [ -72.29577802800614, 42.313018110736493 ], [ -72.297563525875347, 42.310579318988061 ], [ -72.296796412587128, 42.307349420387794 ], [ -72.298924467615919, 42.303290615195664 ], [ -72.298887051682073, 42.300325251788095 ], [ -72.301425619688828, 42.300037970433408 ], [ -72.303251570725152, 42.300834026482043 ], [ -72.30578670864638, 42.300277070364203 ], [ -72.306547326707616, 42.302967757286027 ], [ -72.305115274308818, 42.304595413969494 ], [ -72.304779522793254, 42.306754582857522 ], [ -72.305903368016672, 42.309442726286626 ], [ -72.308106607526227, 42.31131446701653 ], [ -72.308833013028831, 42.311309356533059 ], [ -72.307051365501565, 42.314017900556962 ], [ -72.307503990502227, 42.321024360463589 ], [ -72.308240834193455, 42.321827985129424 ], [ -72.308662646595437, 42.326408238091801 ], [ -72.309769759788054, 42.327748449098245 ], [ -72.30798424791908, 42.330187421614987 ], [ -72.308022107764018, 42.333152763421332 ], [ -72.310603386399322, 42.336100197656641 ], [ -72.310990914720946, 42.337984667995556 ], [ -72.312838857752112, 42.340398021175183 ], [ -72.314662646273774, 42.340924313257261 ], [ -72.318289397209099, 42.340359356465285 ], [ -72.317939966553482, 42.341440244914047 ], [ -72.315413708287608, 42.342806191339896 ], [ -72.314704296535083, 42.344159221567288 ], [ -72.314759836841844, 42.348472429062831 ], [ -72.316681306288629, 42.356546790509846 ], [ -72.318166532705931, 42.358962628798167 ], [ -72.319627421863686, 42.359491425263009 ], [ -72.320382348194812, 42.361642837585244 ], [ -72.318232783443193, 42.364084543442367 ], [ -72.317184059543735, 42.367327187272316 ], [ -72.31764167378374, 42.374603099236452 ], [ -72.316928470767053, 42.375686559980409 ], [ -72.316966777240197, 42.378651868902537 ], [ -72.318823117924751, 42.381604250544306 ], [ -72.318955783958415, 42.391848020220195 ], [ -72.316770311240248, 42.391593956913972 ], [ -72.314958942406165, 42.392145995061433 ], [ -72.312808131137771, 42.394587582485961 ], [ -72.313234227678009, 42.399437316419451 ], [ -72.312163880425416, 42.401062455422334 ], [ -72.312198515142825, 42.403758176420482 ], [ -72.314443434540095, 42.40859504615127 ], [ -72.314537228716219, 42.415873473951791 ], [ -72.314218573019048, 42.419380471510706 ], [ -72.312049486393619, 42.420474174800155 ], [ -72.310982211814206, 42.422368865469195 ], [ -72.311009888367835, 42.424525431681907 ], [ -72.311754909288553, 42.425868156171632 ], [ -72.313224229989942, 42.426936166805937 ], [ -72.315778259410735, 42.427457288000198 ], [ -72.316516449395962, 42.428260840118341 ], [ -72.318342804430259, 42.428787063163625 ], [ -72.317629001869491, 42.429870514376795 ], [ -72.317663885536888, 42.432566215024082 ], [ -72.318790516696126, 42.43525415568962 ], [ -72.317366243834869, 42.437690625162205 ], [ -72.318135991297495, 42.440920290454336 ], [ -72.317054607920213, 42.441736750653959 ], [ -72.316316253632039, 42.440933204652097 ], [ -72.311928093174089, 42.43934666354572 ], [ -72.309023487104113, 42.439906295043528 ], [ -72.306524071930383, 42.443698141013947 ], [ -72.306191069558309, 42.446126814925499 ], [ -72.307303673573472, 42.447736581833212 ], [ -72.307709023198143, 42.450968859611372 ], [ -72.309178859363499, 42.452036915238118 ], [ -72.309563601353844, 42.453651770423726 ], [ -72.311040454254055, 42.455258939000494 ], [ -72.31397006626672, 42.456586238529866 ], [ -72.31760346460338, 42.45602131884894 ], [ -72.319070089778791, 42.456819678546076 ], [ -72.317634871788087, 42.45844743371169 ], [ -72.318383926789636, 42.460059672115314 ], [ -72.318415365964057, 42.462485784278932 ], [ -72.317330128148697, 42.463032674750089 ], [ -72.31698348968564, 42.464383096798919 ], [ -72.313724111294022, 42.465754128206015 ], [ -72.313027164734663, 42.468185379515873 ], [ -72.309379204990464, 42.467671881833198 ], [ -72.307565589370327, 42.468223793333195 ], [ -72.306487044601113, 42.469309716469645 ], [ -72.306514588211527, 42.471466258452949 ], [ -72.305793220163636, 42.472010489436279 ], [ -72.305449724314201, 42.473630441211846 ], [ -72.306957946293622, 42.477663760148381 ], [ -72.305872348371139, 42.478210540543827 ], [ -72.30587922981924, 42.478749674949704 ], [ -72.303319777524109, 42.477958773571579 ], [ -72.300413318898435, 42.478518182435174 ], [ -72.297894823773845, 42.480961968164188 ], [ -72.296849918881236, 42.484743468445743 ], [ -72.294286945188048, 42.483682800574606 ], [ -72.291740960604656, 42.483969911826847 ], [ -72.29029429709486, 42.484788613441324 ], [ -72.289592866436408, 42.486950143851914 ], [ -72.290702390185757, 42.48829048728377 ], [ -72.290358418504454, 42.489910387176401 ], [ -72.291103771817589, 42.491253223020252 ], [ -72.288560834926017, 42.491809830155724 ], [ -72.287481560260289, 42.492895568683245 ], [ -72.286753063492441, 42.492900543984106 ], [ -72.285670383801445, 42.493716698556852 ], [ -72.284246862810591, 42.496422288334031 ], [ -72.283518325085495, 42.496427243184471 ], [ -72.284216719974211, 42.493996188410499 ], [ -72.284149744188227, 42.488604849654095 ] ], [ [ -72.303483662104, 42.34774297821042 ], [ -72.305976035329607, 42.343681537325978 ], [ -72.306274157236345, 42.338557044883544 ], [ -72.303322793457085, 42.335072901661789 ], [ -72.299682585637598, 42.334559080678844 ], [ -72.296059392217884, 42.335393027906541 ], [ -72.294619566150686, 42.336481389452089 ], [ -72.29283997919454, 42.33945927509437 ], [ -72.292887268861122, 42.343233344870789 ], [ -72.294014639745399, 42.346191159770513 ], [ -72.296225592220253, 42.348602265492438 ], [ -72.298779722918667, 42.349393349047467 ], [ -72.300233409671534, 42.349383241476254 ], [ -72.303483662104, 42.34774297821042 ] ], [ [ -72.308306096568174, 42.383835404727101 ], [ -72.309729505538769, 42.381399016031132 ], [ -72.309979163946124, 42.372500522190506 ], [ -72.308487040445286, 42.369545437043719 ], [ -72.307015693339395, 42.368207777181951 ], [ -72.304093747734527, 42.367149847312071 ], [ -72.300822034557186, 42.367172673205054 ], [ -72.297930847135902, 42.368540758150203 ], [ -72.29616069453256, 42.37232739732481 ], [ -72.296259119384516, 42.380145049573372 ], [ -72.298488364631098, 42.383903962300828 ], [ -72.299956486150833, 42.384972152876863 ], [ -72.302512132574492, 42.385763147051669 ], [ -72.304330285334402, 42.38575045083131 ], [ -72.308306096568174, 42.383835404727101 ] ] ], [ [ [ -72.374747193141602, 42.428641928942866 ], [ -72.374709876551989, 42.42594624360558 ], [ -72.375437594133871, 42.425940712264229 ], [ -72.376559085366722, 42.428088954575472 ], [ -72.376581523030993, 42.429706364785929 ], [ -72.375493616775202, 42.429984239251503 ], [ -72.374747193141602, 42.428641928942866 ] ] ], [ [ [ -72.261808057484387, 42.387927034356252 ], [ -72.25852231876101, 42.386870358916795 ], [ -72.257765965570329, 42.384448978661624 ], [ -72.255931727700627, 42.383113064532004 ], [ -72.253746810695787, 42.382857803772637 ], [ -72.251577931520345, 42.38395037680624 ], [ -72.249035768869291, 42.384236551507016 ], [ -72.250464669337532, 42.382070472076457 ], [ -72.250448673353418, 42.380722596037103 ], [ -72.256993534827402, 42.380679716941998 ], [ -72.259892641141633, 42.379851815011044 ], [ -72.262804678397615, 42.380102139770038 ], [ -72.261743104584383, 42.382535541310595 ], [ -72.261762589291408, 42.384152989933376 ], [ -72.263999696742601, 42.388721290501273 ], [ -72.261814553383601, 42.388466183288706 ], [ -72.261808057484387, 42.387927034356252 ] ] ], [ [ [ -72.241399660570607, 42.384286012709033 ], [ -72.245048609254468, 42.385340823548113 ], [ -72.247590834343498, 42.385054737018024 ], [ -72.246885866046767, 42.386946485454899 ], [ -72.244337214904846, 42.386693406220445 ], [ -72.241801234373909, 42.387518570916271 ], [ -72.241399660570607, 42.384286012709033 ] ] ], [ [ [ -72.265831002572497, 42.389787500019196 ], [ -72.269467553246102, 42.389763238155709 ], [ -72.271629742970106, 42.38813118102766 ], [ -72.269870596843688, 42.392995694111093 ], [ -72.267698375207061, 42.393818994567646 ], [ -72.267682008859651, 42.392471124622475 ], [ -72.265831002572497, 42.389787500019196 ] ] ], [ [ [ -72.264139786604147, 42.400312972709777 ], [ -72.266653104471914, 42.397600302412968 ], [ -72.266692335415712, 42.400835186021247 ], [ -72.264139786604147, 42.400312972709777 ] ] ], [ [ [ -72.258829659908329, 42.412479872649193 ], [ -72.256267029238231, 42.41114876697285 ], [ -72.255893579083022, 42.4103424369968 ], [ -72.259456818104198, 42.4041183027893 ], [ -72.260944220141113, 42.406804426437844 ], [ -72.262779251413605, 42.408140253230634 ], [ -72.264601316478974, 42.408397758053347 ], [ -72.265338633155153, 42.409201641849329 ], [ -72.2653451613551, 42.409740787882804 ], [ -72.264257110654952, 42.410017612409042 ], [ -72.262100482660102, 42.412188668465376 ], [ -72.261795182462151, 42.417043386671843 ], [ -72.260700501078489, 42.416781031838418 ], [ -72.258829659908329, 42.412479872649193 ] ] ], [ [ [ -72.268835505224843, 42.427510744930636 ], [ -72.269930406253479, 42.427773021719496 ], [ -72.270674592471622, 42.429116010824018 ], [ -72.269582948277673, 42.429123312823485 ], [ -72.268835505224843, 42.427510744930636 ] ] ], [ [ [ -72.261606792493069, 42.431602690399281 ], [ -72.262347594359071, 42.432676160460119 ], [ -72.260170667267474, 42.433229739453324 ], [ -72.261606792493069, 42.431602690399281 ] ] ] ] } },
{ "type": "Feature", "properties": { "stage": 7, "pool_ft": 501.0, "pct": 52.0 }, "geometry": { "type": "MultiPolygon", "coordinates": [ [ [ [ -72.282428859852928, 42.496704233439345 ], [ -72.283491556226394, 42.494270709829955 ], [ -72.283417951294041, 42.488340236740676 ], [ -72.281931011000651, 42.485924025699333 ], [ -72.281202594244292, 42.485928965925943 ], [ -72.280089982735021, 42.484318962673761 ], [ -72.281834195258313, 42.478106563542859 ], [ -72.281737403487057, 42.470289085445181 ], [ -72.279509433476605, 42.466799496028841 ], [ -72.278741345994106, 42.463569593910158 ], [ -72.280144382732374, 42.459246633651063 ], [ -72.280104426562033, 42.456011800839242 ], [ -72.278992370031148, 42.454401774603966 ], [ -72.275709507218878, 42.453884746453753 ], [ -72.272046202239437, 42.452022215499568 ], [ -72.270226135594086, 42.452034401348477 ], [ -72.265880852993575, 42.453950520909736 ], [ -72.265169132027253, 42.45530320989738 ], [ -72.263719521165996, 42.455852013951308 ], [ -72.261577562375294, 42.459370884725772 ], [ -72.261860322905079, 42.452629226377198 ], [ -72.260375047888758, 42.450212715113842 ], [ -72.259647041275898, 42.450217519135734 ], [ -72.258909318288872, 42.449413606946301 ], [ -72.2588542641614, 42.444830904716063 ], [ -72.258119849233836, 42.444296557306288 ], [ -72.258464399183637, 42.442676734840255 ], [ -72.257723546034441, 42.441603242448501 ], [ -72.255169424227873, 42.441080835351556 ], [ -72.254412550560971, 42.43865946450272 ], [ -72.255130758271079, 42.437845979295673 ], [ -72.255887649718531, 42.440267345911863 ], [ -72.258081030238458, 42.441061704824939 ], [ -72.258457926300508, 42.442137592743784 ], [ -72.259189079428438, 42.442402367265856 ], [ -72.258847787730346, 42.444291762930618 ], [ -72.259588691513031, 42.445365247371157 ], [ -72.262870979606419, 42.445882736089501 ], [ -72.266494406063842, 42.444510714879165 ], [ -72.267205977066411, 42.44315801404332 ], [ -72.269383184613162, 42.442604303398049 ], [ -72.270094672290412, 42.441251584072667 ], [ -72.270822574785683, 42.441246714002602 ], [ -72.272245427459453, 42.438541251806278 ], [ -72.271825506346786, 42.433960983564845 ], [ -72.275090767262128, 42.433130269250427 ], [ -72.27621890904345, 42.436088196742951 ], [ -72.277694503067607, 42.437695799788685 ], [ -72.280986537942724, 42.439021485443831 ], [ -72.284261978846772, 42.438999224080426 ], [ -72.283237005071371, 42.444398062660028 ], [ -72.284342299545315, 42.445468911786982 ], [ -72.284813444112956, 42.454092665893484 ], [ -72.286316525545558, 42.457856705804929 ], [ -72.288911989910162, 42.461613247661809 ], [ -72.289643496133166, 42.4618778275183 ], [ -72.291150427908818, 42.465911365472515 ], [ -72.293716015857413, 42.467241676339434 ], [ -72.296992915925401, 42.467219053042747 ], [ -72.299524549360896, 42.465853551595032 ], [ -72.301314223435355, 42.463414788114697 ], [ -72.304213113452718, 42.462316217653473 ], [ -72.304927512856139, 42.46123285839748 ], [ -72.305246895589534, 42.457725922895371 ], [ -72.303756410586544, 42.455040405652916 ], [ -72.303028351722503, 42.455045483873732 ], [ -72.303715247870116, 42.451805577717877 ], [ -72.30364322326021, 42.446144622470158 ], [ -72.302159925590033, 42.443998216061651 ], [ -72.300697228505399, 42.44346920827136 ], [ -72.29705419738265, 42.443224886885723 ], [ -72.295241175937292, 42.443776607772662 ], [ -72.295234389084698, 42.443237467940918 ], [ -72.293775154753746, 42.442977942094934 ], [ -72.291166663491879, 42.438143210815532 ], [ -72.290428680482066, 42.437339498153726 ], [ -72.289700824531351, 42.437344492155468 ], [ -72.290762242420016, 42.434910864566241 ], [ -72.290731878757697, 42.432484728246955 ], [ -72.289993967366073, 42.431681011678684 ], [ -72.290266829966413, 42.42440009493145 ], [ -72.288781132267999, 42.421983933263355 ], [ -72.286955220108496, 42.42145724045568 ], [ -72.286945149500099, 42.420648525520761 ], [ -72.28765601408648, 42.419295690443562 ], [ -72.290923682843257, 42.418734095957277 ], [ -72.291994875502496, 42.417109161394905 ], [ -72.291971228969373, 42.415222158684948 ], [ -72.29123012858814, 42.414148874731225 ], [ -72.289401055438461, 42.413352647708081 ], [ -72.285766506683643, 42.41364711156951 ], [ -72.285712887499599, 42.409333954761742 ], [ -72.284971962419945, 42.408260629007017 ], [ -72.284547974643303, 42.403410800800707 ], [ -72.286743791443499, 42.40447419361827 ], [ -72.289653701596478, 42.404454264631461 ], [ -72.291101908599657, 42.403905127321671 ], [ -72.292176223560659, 42.402549758040074 ], [ -72.292145821176661, 42.400123603170734 ], [ -72.289539222617634, 42.395288784967072 ], [ -72.288077758056971, 42.394759610667684 ], [ -72.285531976764986, 42.39477701773405 ], [ -72.283723585851817, 42.395598137068298 ], [ -72.283716902388306, 42.395058990287097 ], [ -72.284427548336026, 42.393706166911471 ], [ -72.286609609974491, 42.393691270956623 ], [ -72.288057596885906, 42.393142170562214 ], [ -72.29019920732685, 42.389892324470935 ], [ -72.290141937336074, 42.38530957177538 ], [ -72.289034232395181, 42.383969188903563 ], [ -72.288270024843825, 42.381008859481518 ], [ -72.286438594966143, 42.379943004969249 ], [ -72.282799278576789, 42.379698228873714 ], [ -72.281351553838917, 42.380247264810649 ], [ -72.280637665469797, 42.381330499064497 ], [ -72.279910453409741, 42.38133543124686 ], [ -72.279203171657443, 42.382957804913367 ], [ -72.27810569099907, 42.382426039171023 ], [ -72.275196790898676, 42.382445676297422 ], [ -72.273748937260436, 42.382994616215775 ], [ -72.272677853661051, 42.384619394035056 ], [ -72.272717384775959, 42.387854285384698 ], [ -72.270935320450349, 42.390831797533451 ], [ -72.270601229469349, 42.393260399309902 ], [ -72.268425731797976, 42.393814139590411 ], [ -72.267351056162298, 42.39516928990124 ], [ -72.267760573691788, 42.398940896458079 ], [ -72.267426317893268, 42.401369484397073 ], [ -72.266702143778986, 42.401643906535867 ], [ -72.26523746029487, 42.400844869447901 ], [ -72.262694680129641, 42.401131344821998 ], [ -72.262688175422994, 42.400592197537158 ], [ -72.264133269657478, 42.399773825402669 ], [ -72.264841126251923, 42.398151550754164 ], [ -72.26556853290819, 42.398146713842067 ], [ -72.266282869343684, 42.397063577342763 ], [ -72.266990640436077, 42.395441288439983 ], [ -72.266951397576818, 42.39220640083969 ], [ -72.264736776322593, 42.38952518187476 ], [ -72.261454152049765, 42.388738164911636 ], [ -72.261080768108116, 42.387931847510622 ], [ -72.259619711837658, 42.387402310906459 ], [ -72.257801502862918, 42.387414300593406 ], [ -72.257782118471965, 42.385796852520556 ], [ -72.256668639341029, 42.383917008628657 ], [ -72.253389618415341, 42.383399335487375 ], [ -72.251584339787044, 42.384489526808608 ], [ -72.248318091646681, 42.385050009129436 ], [ -72.24725906315291, 42.387752849092969 ], [ -72.246161767992049, 42.387220779261277 ], [ -72.243979920373647, 42.387234908238497 ], [ -72.242534851912737, 42.388053029684706 ], [ -72.241443913462348, 42.388060064955411 ], [ -72.240334036500968, 42.386449639148523 ], [ -72.24105183231589, 42.385636231594702 ], [ -72.240669253920828, 42.384021121560743 ], [ -72.242120581883356, 42.383742173401885 ], [ -72.244678629294583, 42.384804027455189 ], [ -72.246860392880905, 42.384789885221359 ], [ -72.249026189142569, 42.383427826218352 ], [ -72.250078674575363, 42.38018581673883 ], [ -72.257350680884969, 42.380138173700111 ], [ -72.258071417725944, 42.379594233935201 ], [ -72.262067733207019, 42.379298234271126 ], [ -72.263528622741433, 42.379827740780577 ], [ -72.262467081392543, 42.382261149154672 ], [ -72.262493085801708, 42.384417747156427 ], [ -72.263603491409455, 42.38602795991514 ], [ -72.263619769149727, 42.387375832458908 ], [ -72.264730255397396, 42.388986033240201 ], [ -72.266191391059877, 42.389515504753639 ], [ -72.268736965777222, 42.389498525543125 ], [ -72.270185011853499, 42.388949649523397 ], [ -72.270535521328725, 42.387868917927364 ], [ -72.271262809256655, 42.387864045010282 ], [ -72.271976931986117, 42.386780870568188 ], [ -72.272274719953842, 42.381386941638802 ], [ -72.273372133543504, 42.381918763129526 ], [ -72.277011541221697, 42.382163837311921 ], [ -72.279179919598562, 42.38107078442691 ], [ -72.279893830005804, 42.379987559154067 ], [ -72.279847288244412, 42.37621351506499 ], [ -72.279113492790373, 42.375679292792924 ], [ -72.27910020878781, 42.374600993663776 ], [ -72.280534515707402, 42.372973685986246 ], [ -72.280864789858754, 42.370275469025586 ], [ -72.281945418519982, 42.369459334892021 ], [ -72.283002658449334, 42.366756164584963 ], [ -72.284793510371941, 42.364587175040512 ], [ -72.284766753830795, 42.362430572420308 ], [ -72.285833802303344, 42.360536098413846 ], [ -72.285379947914578, 42.353260037427503 ], [ -72.286810256908851, 42.351363067675649 ], [ -72.287126735493672, 42.347586514936395 ], [ -72.289559602682104, 42.338673051114711 ], [ -72.290632843253675, 42.337317676190665 ], [ -72.290955762069729, 42.334080255182286 ], [ -72.292748793622309, 42.332180703176334 ], [ -72.293445021469651, 42.329749496788132 ], [ -72.294171639731829, 42.329744478999388 ], [ -72.294884714588832, 42.328661148377513 ], [ -72.295913600383813, 42.323801216717101 ], [ -72.299132019597963, 42.319734869836729 ], [ -72.298734751291377, 42.317041619336081 ], [ -72.29725804023937, 42.315164663867314 ], [ -72.295798360918468, 42.314635578203529 ], [ -72.295784805528129, 42.313557266620109 ], [ -72.295051601851824, 42.313023138697609 ], [ -72.296840520972225, 42.310853936293157 ], [ -72.296813376772732, 42.308697311424829 ], [ -72.296070051554139, 42.307354454792282 ], [ -72.297146016046966, 42.306268588403348 ], [ -72.297482025297967, 42.304109441610755 ], [ -72.2982015518445, 42.303565241478374 ], [ -72.298157373208895, 42.300060720812048 ], [ -72.30141879558397, 42.299498813373489 ], [ -72.302881591204653, 42.300297407778608 ], [ -72.30469728982446, 42.300284705502392 ], [ -72.306142983839365, 42.299735366270362 ], [ -72.306886433233927, 42.301078159848252 ], [ -72.306924224257642, 42.304043520178226 ], [ -72.306197901959948, 42.304048618604227 ], [ -72.305485297875762, 42.305132025004994 ], [ -72.305509306078434, 42.307019071412618 ], [ -72.307366449960654, 42.31024126195372 ], [ -72.309555971105212, 42.311034663806602 ], [ -72.309566313119987, 42.311843396714913 ], [ -72.30883990154895, 42.31184851183297 ], [ -72.30777436224021, 42.313743219194308 ], [ -72.308233949689949, 42.321288830924836 ], [ -72.308967360337689, 42.321822873808422 ], [ -72.309392672716669, 42.326672700891784 ], [ -72.310499805993587, 42.328012904791279 ], [ -72.308707425322368, 42.329912735324051 ], [ -72.30875220900856, 42.333417229906821 ], [ -72.311333532435413, 42.336364647580226 ], [ -72.311347357655592, 42.337442952074241 ], [ -72.312831932052546, 42.339858869395279 ], [ -72.314292335591574, 42.340387735851131 ], [ -72.31683592067219, 42.340369692319847 ], [ -72.319718427981215, 42.33846197216991 ], [ -72.320784025877899, 42.336567164053307 ], [ -72.320749062219264, 42.333871404687052 ], [ -72.322181374964643, 42.332243563234123 ], [ -72.323585549078089, 42.328459093928679 ], [ -72.323117068403619, 42.32037440174512 ], [ -72.321981796424794, 42.316877702074464 ], [ -72.320141176543871, 42.315003638007965 ], [ -72.321555585438901, 42.312027911596886 ], [ -72.325191161137482, 42.312271465336273 ], [ -72.327042416852464, 42.314954180387133 ], [ -72.329602640711883, 42.316283738655677 ], [ -72.333598173429394, 42.31625482688198 ], [ -72.335766875782952, 42.315430268509296 ], [ -72.338284462763383, 42.313524713687038 ], [ -72.344800728747984, 42.311859378353496 ], [ -72.346954708433714, 42.309956301673139 ], [ -72.350208966299604, 42.308853857318944 ], [ -72.350920846859665, 42.30777017454826 ], [ -72.350506965425325, 42.303998789765537 ], [ -72.348281057244506, 42.300510397263984 ], [ -72.361012903207353, 42.302033316510268 ], [ -72.364303307326821, 42.303626236773745 ], [ -72.3650517189498, 42.305238228906788 ], [ -72.366882310519458, 42.30630284889773 ], [ -72.366900766513751, 42.307650729425838 ], [ -72.368005088202835, 42.308720808529365 ], [ -72.368394157471613, 42.310605095903526 ], [ -72.367678849321919, 42.311419310434466 ], [ -72.366002976130687, 42.321676880625454 ], [ -72.365283826847033, 42.322221503088656 ], [ -72.365012666009221, 42.328963615122959 ], [ -72.362102579440332, 42.328715874838885 ], [ -72.359210814346412, 42.32981593633415 ], [ -72.358498827763555, 42.330899665411678 ], [ -72.358524426448099, 42.332786690120194 ], [ -72.357093036360524, 42.33441498404855 ], [ -72.35714415426034, 42.338189030457301 ], [ -72.358659759144103, 42.342760950707209 ], [ -72.359096341839276, 42.348149719179574 ], [ -72.360201238398062, 42.349219864007758 ], [ -72.359489050422496, 42.350303594647279 ], [ -72.35952567384787, 42.352999332277562 ], [ -72.358806112763432, 42.353543910515278 ], [ -72.3588646681809, 42.357857087196194 ], [ -72.359991719334189, 42.360544671531315 ], [ -72.360017374549713, 42.362431683632934 ], [ -72.361122536154326, 42.363501816213684 ], [ -72.362249783820587, 42.36618937502061 ], [ -72.362326963039294, 42.371850400196266 ], [ -72.363061416591592, 42.372384091884847 ], [ -72.364593010666425, 42.378034187428085 ], [ -72.366069495856024, 42.379640679348505 ], [ -72.366091648038491, 42.381258110170627 ], [ -72.366826242625351, 42.381791776673701 ], [ -72.367219423422341, 42.383945609406027 ], [ -72.368707223944952, 42.386360779562942 ], [ -72.36836580534046, 42.387980952438802 ], [ -72.367645922306934, 42.388525581667039 ], [ -72.367731011688392, 42.394725715925134 ], [ -72.370336143185867, 42.39901962061203 ], [ -72.370362122786617, 42.400906613708393 ], [ -72.372217890803938, 42.403588547733456 ], [ -72.372236488967417, 42.404936398272568 ], [ -72.374816230581089, 42.40734320222974 ], [ -72.374838616284791, 42.408960620877139 ], [ -72.375944842318674, 42.410030599497055 ], [ -72.375978466052544, 42.412456725346942 ], [ -72.374890854048871, 42.412734595276447 ], [ -72.374178202277648, 42.413818401042413 ], [ -72.372782606944412, 42.418142552617901 ], [ -72.372032661201047, 42.416530651560343 ], [ -72.369842411861981, 42.416008028437851 ], [ -72.368728773839706, 42.414398853599629 ], [ -72.368290912398734, 42.409010203536802 ], [ -72.365689199881885, 42.404985832963412 ], [ -72.36529225038251, 42.402562435159759 ], [ -72.364550053857229, 42.401489620417699 ], [ -72.363822616795488, 42.401495082974165 ], [ -72.363782098753163, 42.39852980582944 ], [ -72.359711727614098, 42.393437916683446 ], [ -72.360035062846521, 42.390469914902503 ], [ -72.358547496888391, 42.38805463491888 ], [ -72.359216168431459, 42.383736058747701 ], [ -72.358375494488627, 42.375384752430008 ], [ -72.35652114103695, 42.372702577689736 ], [ -72.354692445051825, 42.371907380679602 ], [ -72.353950788054334, 42.370834489971408 ], [ -72.353823415088314, 42.361399432485406 ], [ -72.352325873398172, 42.358175335473277 ], [ -72.352289553766695, 42.355479598653332 ], [ -72.351184681717882, 42.354409379288754 ], [ -72.35150821751057, 42.351441375156597 ], [ -72.349298678261462, 42.349300908635186 ], [ -72.348532070037862, 42.346340957148158 ], [ -72.348866538589832, 42.344181678909045 ], [ -72.347020719735411, 42.342038481732942 ], [ -72.347933840628968, 42.328821266387585 ], [ -72.352569603537106, 42.322316517723664 ], [ -72.353655759875508, 42.322038853051538 ], [ -72.354723705482769, 42.320413299615879 ], [ -72.354661827194093, 42.315830509882616 ], [ -72.350978822710175, 42.312083397711575 ], [ -72.348788746417867, 42.311290785343665 ], [ -72.34660954009118, 42.311306860697279 ], [ -72.345163933125477, 42.311856707714632 ], [ -72.344110264676843, 42.314560480969732 ], [ -72.34159639590834, 42.316735739361263 ], [ -72.339456324622603, 42.319717018037942 ], [ -72.336532512757699, 42.318390324747966 ], [ -72.333263331619193, 42.318414073620566 ], [ -72.329299448458002, 42.320869162887881 ], [ -72.328587050439154, 42.321952708703158 ], [ -72.328622341336597, 42.324648472553569 ], [ -72.32789578436487, 42.324653708109871 ], [ -72.327183319720149, 42.325737244354215 ], [ -72.327236170673828, 42.329780886931658 ], [ -72.326516595783218, 42.330325265841623 ], [ -72.326206073613861, 42.334371516607256 ], [ -72.323673258402039, 42.335198495082658 ], [ -72.323323948200795, 42.336279401101926 ], [ -72.321877568510871, 42.336828952262238 ], [ -72.321528218637866, 42.337909852443893 ], [ -72.319365541575806, 42.33927328967286 ], [ -72.318670204864716, 42.341704647935224 ], [ -72.316500379274302, 42.342528879029693 ], [ -72.315427604446867, 42.34388449383183 ], [ -72.316279581481723, 42.35358404719711 ], [ -72.317390814666268, 42.355193751777421 ], [ -72.31741171371344, 42.35681120064514 ], [ -72.318893484520927, 42.358957454777531 ], [ -72.320354379635702, 42.359486242008792 ], [ -72.321105831357002, 42.361368075193653 ], [ -72.318603266278259, 42.364621105343701 ], [ -72.31790762161657, 42.367052445350573 ], [ -72.318365317109738, 42.374328354889144 ], [ -72.317652129588453, 42.375411820187409 ], [ -72.317697441165734, 42.378916275903975 ], [ -72.319179739627373, 42.381062515619803 ], [ -72.319329929013577, 42.392654148890578 ], [ -72.318231942682502, 42.392122767171465 ], [ -72.316413609492528, 42.392135683048238 ], [ -72.314965891970687, 42.392685140359134 ], [ -72.313532024200981, 42.394312869811976 ], [ -72.313958174421231, 42.39916260137754 ], [ -72.312887850430286, 42.400787747218864 ], [ -72.312929449312492, 42.404022612157604 ], [ -72.313663859494554, 42.404556615162875 ], [ -72.314800246053551, 42.408053328225982 ], [ -72.314946220111665, 42.419375322514874 ], [ -72.31277714625547, 42.420469039516107 ], [ -72.311706431038715, 42.422094166098603 ], [ -72.311741057769169, 42.42478987364899 ], [ -72.313217291518171, 42.426397025808953 ], [ -72.316502516102148, 42.427182558799146 ], [ -72.316509482689611, 42.427721699494448 ], [ -72.319067065212792, 42.428512317919413 ], [ -72.318353278174001, 42.429595773695524 ], [ -72.318395175830062, 42.432830614211504 ], [ -72.31912996704294, 42.433364578623959 ], [ -72.319518346223916, 42.435248977814823 ], [ -72.318090610928138, 42.437415886661924 ], [ -72.318122027570723, 42.439842012690256 ], [ -72.318867380266965, 42.44118468609765 ], [ -72.318139482303678, 42.44118985985002 ], [ -72.317432512249923, 42.442812445124623 ], [ -72.316690655698963, 42.441739332375811 ], [ -72.314493039774774, 42.440676520572126 ], [ -72.312298963803912, 42.439883236210981 ], [ -72.310479254821402, 42.439896058175563 ], [ -72.309030391270881, 42.440445434501797 ], [ -72.307959241114077, 42.442070518272779 ], [ -72.307973031873829, 42.443148796664772 ], [ -72.306894922205956, 42.444234730502231 ], [ -72.306922468807471, 42.446391286087035 ], [ -72.308035096118914, 42.448001045822387 ], [ -72.308066131817071, 42.450427168180688 ], [ -72.308807943879813, 42.451500334152449 ], [ -72.30990342658194, 42.451762229223775 ], [ -72.309920709236224, 42.453110073608592 ], [ -72.310662584317086, 42.454183226910793 ], [ -72.311390632625319, 42.454178100434589 ], [ -72.311768514930876, 42.455253810137208 ], [ -72.313599083365034, 42.456049673489836 ], [ -72.315783291758962, 42.456034224579476 ], [ -72.316504391260295, 42.45548992883414 ], [ -72.319423636703164, 42.456008384356153 ], [ -72.31980166676955, 42.457084067202651 ], [ -72.319073585650443, 42.457089246839232 ], [ -72.318359475768247, 42.458172694948274 ], [ -72.319147005849032, 42.462750176713151 ], [ -72.318058277929566, 42.463027506141088 ], [ -72.317354550295349, 42.464919649801914 ], [ -72.314452292748157, 42.465748982393272 ], [ -72.313738005658124, 42.466832399462255 ], [ -72.31375884809394, 42.468449805785099 ], [ -72.311577674294483, 42.468734783974107 ], [ -72.310842535386442, 42.46820077611202 ], [ -72.309022010116834, 42.468213574964238 ], [ -72.307572484186238, 42.468762929027555 ], [ -72.30685804497142, 42.469846302599933 ], [ -72.307242836121191, 42.47146115821716 ], [ -72.306164230506042, 42.472547077427826 ], [ -72.306569681076681, 42.475779338804251 ], [ -72.307689714072211, 42.477928224314994 ], [ -72.306600674121, 42.478205444376108 ], [ -72.305896433953691, 42.480097510632227 ], [ -72.305154335392146, 42.479024333752463 ], [ -72.301869978257486, 42.478508054507223 ], [ -72.30042015376587, 42.479057317122873 ], [ -72.300069649610109, 42.480138115438976 ], [ -72.298980538088031, 42.480415263320673 ], [ -72.297561292904575, 42.483390594027142 ], [ -72.297980002462509, 42.487701143857109 ], [ -72.296523130359688, 42.487711222584402 ], [ -72.296863529219053, 42.485821736416696 ], [ -72.296121516924018, 42.484748502972565 ], [ -72.294657926325968, 42.484219423987192 ], [ -72.292472737722122, 42.484234472192689 ], [ -72.291022699978072, 42.484783615746913 ], [ -72.290307795474376, 42.485866882170605 ], [ -72.290324669097203, 42.487214717651753 ], [ -72.291430833442305, 42.488285487014359 ], [ -72.29109025869036, 42.490174955909076 ], [ -72.292935123611642, 42.492049407353775 ], [ -72.290017802886467, 42.49179985209377 ], [ -72.288567570003778, 42.492348963665535 ], [ -72.288213422997444, 42.49316015547565 ], [ -72.28639889007367, 42.493711730100372 ], [ -72.284621184423926, 42.497228508776963 ], [ -72.282428859852928, 42.496704233439345 ] ], [ [ -72.302036848074067, 42.348292278370607 ], [ -72.305252688706162, 42.343956205614447 ], [ -72.305544007048553, 42.338292562953853 ], [ -72.303329637619214, 42.335612054570284 ], [ -72.301869435915933, 42.335083048322382 ], [ -72.299326059099002, 42.335100760767737 ], [ -72.295346261615208, 42.336476364246089 ], [ -72.293563328284534, 42.339184684629373 ], [ -72.293617423150891, 42.34349790689366 ], [ -72.294371274244099, 42.345649497461011 ], [ -72.296218807188268, 42.348063113689278 ], [ -72.298409497373015, 42.348856721489227 ], [ -72.300590008922825, 42.348841560259814 ], [ -72.302036848074067, 42.348292278370607 ] ], [ [ -72.307578857896743, 42.383840511795931 ], [ -72.309005743785761, 42.381673705607639 ], [ -72.309248606408943, 42.372236065783092 ], [ -72.307022572565316, 42.368746925921769 ], [ -72.304464128577905, 42.367686454378976 ], [ -72.300465333946093, 42.367714352927024 ], [ -72.298657910669533, 42.368535712048342 ], [ -72.296884405111896, 42.372052787971768 ], [ -72.296989713960897, 42.380409587994599 ], [ -72.299949665406245, 42.384433005715486 ], [ -72.302141662415096, 42.385226535915642 ], [ -72.304687054577954, 42.385208761356509 ], [ -72.307578857896743, 42.383840511795931 ] ], [ [ -72.301598947787639, 42.399788548456669 ], [ -72.303383245974771, 42.397080140547203 ], [ -72.30336269250482, 42.395462704028283 ], [ -72.304440031171808, 42.394376790468577 ], [ -72.304381724967143, 42.389794049704626 ], [ -72.302892877995916, 42.387108477034381 ], [ -72.299239455769978, 42.385785927846392 ], [ -72.297057669925678, 42.385801063327172 ], [ -72.294525800969694, 42.386896963649825 ], [ -72.292744790656329, 42.389874814133201 ], [ -72.292051250903242, 42.392575556894698 ], [ -72.292122176491262, 42.398236592862872 ], [ -72.292863105482326, 42.399309875133966 ], [ -72.295058919696899, 42.40037311033165 ], [ -72.296513779299787, 42.400363049907973 ], [ -72.297248008291547, 42.400897158116535 ], [ -72.299430315088088, 42.400882019074885 ], [ -72.301598947787639, 42.399788548456669 ] ] ], [ [ [ -72.281961828049461, 42.400193253378887 ], [ -72.2826892568728, 42.400188308250975 ], [ -72.283066328042239, 42.401264126233997 ], [ -72.282338886869212, 42.401269073744025 ], [ -72.281961828049461, 42.400193253378887 ] ] ], [ [ [ -72.373915052871524, 42.421099531834969 ], [ -72.374638983802186, 42.420824436559613 ], [ -72.374668831980443, 42.42298098767629 ], [ -72.373915052871524, 42.421099531834969 ] ] ], [ [ [ -72.375129734718726, 42.4299870056714 ], [ -72.374398240100959, 42.429722966685702 ], [ -72.373982158842765, 42.425951770347126 ], [ -72.37540398399031, 42.423514594145772 ], [ -72.375430124990061, 42.425401575029184 ], [ -72.377286827462569, 42.428083411548542 ], [ -72.377309283752552, 42.429700821619285 ], [ -72.37658526275338, 42.429975933091697 ], [ -72.376236333792292, 42.431056976052069 ], [ -72.375508557357165, 42.431062512434927 ], [ -72.375129734718726, 42.4299870056714 ] ] ], [ [ [ -72.30590331581314, 42.480636644772247 ], [ -72.306642001885322, 42.481440249415101 ], [ -72.305559775856906, 42.482256593253616 ], [ -72.30590331581314, 42.480636644772247 ] ] ], [ [ [ -72.225644549334632, 42.405684430061271 ], [ -72.228545212801464, 42.404857322971125 ], [ -72.228896522315964, 42.403776722381167 ], [ -72.229620884910361, 42.403502538297765 ], [ -72.230006412108892, 42.405387251959041 ], [ -72.227823933897923, 42.405401074520597 ], [ -72.22529626680749, 42.407034594522528 ], [ -72.225644549334632, 42.405684430061271 ] ] ], [ [ [ -72.261801681244151, 42.417582531892158 ], [ -72.259976121175185, 42.417055410645226 ], [ -72.259212874618342, 42.414094911439953 ], [ -72.258102087786227, 42.4124846669487 ], [ -72.255909698673861, 42.411690302913499 ], [ -72.255166031342156, 42.410347212740213 ], [ -72.255156369225404, 42.409538492920639 ], [ -72.2558839076585, 42.40953371723743 ], [ -72.258381775023452, 42.405473366040283 ], [ -72.258372072511463, 42.404664645553275 ], [ -72.260168085030003, 42.402765632171736 ], [ -72.260561005393669, 42.405189390601826 ], [ -72.261671726667245, 42.406799614167255 ], [ -72.264234294823652, 42.408130600895767 ], [ -72.265689337788913, 42.408120930166547 ], [ -72.266069434124816, 42.409466374809931 ], [ -72.265715462776001, 42.410277514358469 ], [ -72.264263629714108, 42.410556758398826 ], [ -72.263912887188482, 42.41163746510896 ], [ -72.263185325149962, 42.411642291539948 ], [ -72.262470770869172, 42.412725405065224 ], [ -72.262902889339841, 42.41838402125704 ], [ -72.261808180137052, 42.418121677042052 ], [ -72.261801681244151, 42.417582531892158 ] ] ], [ [ [ -72.264088866047501, 42.426194377028168 ], [ -72.264413598775064, 42.422957096798989 ], [ -72.265901654922317, 42.425643144224551 ], [ -72.266996511414888, 42.425905449033195 ], [ -72.267370195214554, 42.426711739950406 ], [ -72.264088866047501, 42.426194377028168 ] ] ], [ [ [ -72.267370195214554, 42.426711739950406 ], [ -72.26992383706957, 42.427233878292938 ], [ -72.271769528948383, 42.429378270020457 ], [ -72.269228911916571, 42.429934459322723 ], [ -72.267370195214554, 42.426711739950406 ] ] ], [ [ [ -72.258351139677103, 42.433241737704897 ], [ -72.25980352010609, 42.432962569773039 ], [ -72.261587297142498, 42.429985260003122 ], [ -72.262337836911996, 42.431867445618337 ], [ -72.263439300767587, 42.432668927067041 ], [ -72.258006638274381, 42.434861563614803 ], [ -72.256931040997216, 42.436216603242976 ], [ -72.255842497499984, 42.436493346448501 ], [ -72.258351139677103, 42.433241737704897 ] ] ] ] } },
{ "type": "Feature", "properties": { "stage": 8, "pool_ft": 506.0, "pct": 61.0 }, "geometry": { "type": "MultiPolygon", "coordinates": [ [ [ [ -72.238622917416009, 42.395626871819637 ], [ -72.238992909294083, 42.396163686031933 ], [ -72.238265523456576, 42.396168354964189 ], [ -72.238622917416009, 42.395626871819637 ] ] ], [ [ [ -72.28170365721796, 42.496978743413123 ], [ -72.282766386171119, 42.494545226666993 ], [ -72.282686164534667, 42.488075619162181 ], [ -72.279361584353722, 42.484323891265802 ], [ -72.279692491114346, 42.481625750982815 ], [ -72.280775040740224, 42.480809649978923 ], [ -72.281109203647176, 42.478381071115393 ], [ -72.281005832956438, 42.470024455955084 ], [ -72.280274268557378, 42.469759821801738 ], [ -72.28025761411169, 42.468411978754993 ], [ -72.278400524874868, 42.465459037386047 ], [ -72.279373028239036, 42.455747160017623 ], [ -72.277900289795298, 42.454409155418084 ], [ -72.275352101587089, 42.454426337051189 ], [ -72.272416808467966, 42.452558914850904 ], [ -72.268779924689341, 42.452852839557735 ], [ -72.263729300009231, 42.456660723842546 ], [ -72.263030529397881, 42.459091677915836 ], [ -72.260862440531298, 42.460453975516501 ], [ -72.261129040202718, 42.452364469491712 ], [ -72.260384783040536, 42.451021426437592 ], [ -72.258184556394667, 42.449687972279598 ], [ -72.25773324591762, 42.442411955735302 ], [ -72.254441522449966, 42.441085606480833 ], [ -72.254035744135535, 42.437583562418041 ], [ -72.255121092400543, 42.43703726487503 ], [ -72.255104983166149, 42.43568940714664 ], [ -72.25655097833527, 42.434871137155149 ], [ -72.25654129474195, 42.434062422260467 ], [ -72.260511859659687, 42.431340334701567 ], [ -72.260492392416921, 42.429722904016195 ], [ -72.262659434854513, 42.428360602956253 ], [ -72.262328079714692, 42.431058730615256 ], [ -72.264531006925978, 42.43266168332319 ], [ -72.262360604677042, 42.433754446664594 ], [ -72.261268879389519, 42.433761669828243 ], [ -72.260190127354903, 42.434847168800445 ], [ -72.259098382939001, 42.43485437138321 ], [ -72.255852172521287, 42.437302060917212 ], [ -72.255877973789012, 42.43945863203939 ], [ -72.259546555591925, 42.441860825200507 ], [ -72.259578967423991, 42.444556534835442 ], [ -72.260680617520563, 42.445358040157615 ], [ -72.263228443901241, 42.445341183064961 ], [ -72.263585902067319, 42.44479962885773 ], [ -72.265402495367269, 42.444517977216258 ], [ -72.266484593704462, 42.443702002756908 ], [ -72.266474781596301, 42.442893290470906 ], [ -72.268291307199021, 42.442611593127978 ], [ -72.270812707530098, 42.44043800159384 ], [ -72.270796262665485, 42.439090147216966 ], [ -72.271520848210017, 42.438815701800564 ], [ -72.271464888607341, 42.434232993582839 ], [ -72.270727201895582, 42.433429153905024 ], [ -72.274362958599355, 42.433135166309107 ], [ -72.275795406368715, 42.43123836893816 ], [ -72.275828505997097, 42.433934081030706 ], [ -72.276950066580568, 42.436352858892143 ], [ -72.280615938326974, 42.438484811856299 ], [ -72.284983155429671, 42.438455123386653 ], [ -72.283968288184411, 42.444662679700428 ], [ -72.285066899395147, 42.445194381574034 ], [ -72.285544846070266, 42.454357272280085 ], [ -72.287047977388085, 42.45812130239517 ], [ -72.290375008485142, 42.462142402711876 ], [ -72.291140296489587, 42.465102659853088 ], [ -72.293345142459515, 42.466705047537786 ], [ -72.297350208352796, 42.466677397074086 ], [ -72.299514310715722, 42.465044846703975 ], [ -72.29950407233278, 42.464236141644918 ], [ -72.304202815344794, 42.461507512450531 ], [ -72.304515372101505, 42.457461441846512 ], [ -72.303780424118258, 42.456927387388845 ], [ -72.303766701924445, 42.455849112221991 ], [ -72.302300292741435, 42.455050557492626 ], [ -72.302990653246368, 42.452080224799907 ], [ -72.302911840596138, 42.44588013046716 ], [ -72.301068027944112, 42.444005816552547 ], [ -72.296697035056994, 42.443766545144506 ], [ -72.295247962905705, 42.444315747531604 ], [ -72.294142503758309, 42.443245002770823 ], [ -72.293414580062759, 42.443250020239425 ], [ -72.291176790925391, 42.438951921917116 ], [ -72.289336896512864, 42.437346987431091 ], [ -72.288609040389673, 42.437351974531865 ], [ -72.290037785252096, 42.435185431312675 ], [ -72.290000708262937, 42.432220153358365 ], [ -72.289262809261359, 42.431416432052146 ], [ -72.289535754959601, 42.424135516567489 ], [ -72.28768961338757, 42.421991406949289 ], [ -72.286234254479098, 42.42200135576541 ], [ -72.286220839244137, 42.420923069208172 ], [ -72.286941792687912, 42.420378953840441 ], [ -72.28692165241614, 42.418761523387417 ], [ -72.28983222034411, 42.418741589963474 ], [ -72.290913561888289, 42.417925380838149 ], [ -72.29124025298897, 42.414957590557613 ], [ -72.289771582284956, 42.413889296306323 ], [ -72.286133651374229, 42.413914199704998 ], [ -72.28505231673121, 42.414730364717229 ], [ -72.284187585929828, 42.403682852667124 ], [ -72.283443412045671, 42.402339942708309 ], [ -72.281244393407718, 42.401006913293813 ], [ -72.281568118286614, 42.397769565227222 ], [ -72.283356557706028, 42.395331040086219 ], [ -72.283690169674117, 42.392902402478185 ], [ -72.286966575841262, 42.393149637441709 ], [ -72.289475263526327, 42.390166890636991 ], [ -72.289411314796283, 42.385044990167366 ], [ -72.288303629977065, 42.38370460017962 ], [ -72.288283466553295, 42.382087155962751 ], [ -72.286808900918388, 42.38047966731223 ], [ -72.282442352947555, 42.380239851147962 ], [ -72.279920427792263, 42.382144154300882 ], [ -72.279943702343616, 42.384031174171028 ], [ -72.278475940771727, 42.382962728026527 ], [ -72.274839784647497, 42.382987274640762 ], [ -72.273401806872215, 42.384344933204417 ], [ -72.273100804961331, 42.389469287303633 ], [ -72.27165935235621, 42.390557348062508 ], [ -72.271335157043026, 42.393794673705926 ], [ -72.26951676647478, 42.393806848504134 ], [ -72.268075153298938, 42.394894863261626 ], [ -72.268150485720355, 42.401095057683698 ], [ -72.26743613572917, 42.402178204747088 ], [ -72.266711952393223, 42.402452626895176 ], [ -72.265607708692684, 42.401381597403535 ], [ -72.262697932524574, 42.401400918438547 ], [ -72.261256028817101, 42.402488845822923 ], [ -72.261661981861266, 42.40599089421282 ], [ -72.263864018556447, 42.407593869380321 ], [ -72.266410321931488, 42.407576941722638 ], [ -72.266810052340261, 42.410539821911179 ], [ -72.265354953863834, 42.410549506802255 ], [ -72.26319509031832, 42.412451010275248 ], [ -72.263263453494432, 42.418112037004846 ], [ -72.264397294939315, 42.421609235736099 ], [ -72.265128235446028, 42.421873973883322 ], [ -72.265521464859603, 42.424297704268547 ], [ -72.26846179800377, 42.426704458926572 ], [ -72.270648290452797, 42.42695943756685 ], [ -72.272861177293748, 42.42937094728984 ], [ -72.269956684110113, 42.42992959471183 ], [ -72.268881427064557, 42.431284747595498 ], [ -72.268153639180028, 42.431289605408182 ], [ -72.268491303831595, 42.429130604472775 ], [ -72.267380016269556, 42.427520455384752 ], [ -72.266278592173947, 42.42671901062446 ], [ -72.263370906089889, 42.427007920430498 ], [ -72.263676133379917, 42.422153209735875 ], [ -72.262912651935764, 42.419192738705718 ], [ -72.260343176658481, 42.417322580809532 ], [ -72.259251734982314, 42.417329784875577 ], [ -72.258482048852798, 42.413830135239252 ], [ -72.256276705811857, 42.411957486387948 ], [ -72.255549139509711, 42.411962264551143 ], [ -72.255169252102675, 42.410616785978519 ], [ -72.254438483491398, 42.410351983884858 ], [ -72.254789380868289, 42.409271305719678 ], [ -72.255874236481461, 42.40872499732118 ], [ -72.256933247958855, 42.4060220913805 ], [ -72.257657514634673, 42.405747730998165 ], [ -72.258359136214992, 42.403586351328109 ], [ -72.26161001377352, 42.401677718489161 ], [ -72.262678418571056, 42.399783476480728 ], [ -72.265558739588471, 42.397337992564808 ], [ -72.266266532333873, 42.395715708220159 ], [ -72.266220792412014, 42.391941672401686 ], [ -72.263645814977664, 42.389532427647822 ], [ -72.261096992561434, 42.389279719815576 ], [ -72.259989833836272, 42.387939058622507 ], [ -72.25708390234621, 42.388227812291419 ], [ -72.257051625755722, 42.385532065471587 ], [ -72.25557777383203, 42.383924177914473 ], [ -72.253032420017064, 42.383940866025519 ], [ -72.251954376528403, 42.38502630073225 ], [ -72.249408977397408, 42.385042908677249 ], [ -72.2483276625629, 42.385858734173972 ], [ -72.248349995652845, 42.38774575868608 ], [ -72.247629082273519, 42.388289636521222 ], [ -72.246531774683788, 42.387757570284464 ], [ -72.2436226197228, 42.387776409079031 ], [ -72.242904832683763, 42.388589832267179 ], [ -72.240722937099235, 42.388603899478895 ], [ -72.240707147121341, 42.387256024128121 ], [ -72.239609915717182, 42.386723891753185 ], [ -72.240327723960121, 42.385910488768509 ], [ -72.239938853390413, 42.383756225759377 ], [ -72.241750636132522, 42.383205367695624 ], [ -72.243571897041107, 42.383463206917533 ], [ -72.24430865561618, 42.384267230105984 ], [ -72.24721764893026, 42.384248373952609 ], [ -72.249016609660856, 42.382619100778065 ], [ -72.248991065574174, 42.380462498863864 ], [ -72.250072279581374, 42.379646666118497 ], [ -72.257707820825772, 42.379596629282211 ], [ -72.258064954649981, 42.37905508368835 ], [ -72.261697644144007, 42.378761492169922 ], [ -72.262431328225901, 42.379295825144602 ], [ -72.263885708024247, 42.379286177147243 ], [ -72.264259076682663, 42.380092487054526 ], [ -72.263191051917829, 42.381986752425682 ], [ -72.263223588429014, 42.384682499725244 ], [ -72.264720474218095, 42.388177310161083 ], [ -72.26582120719047, 42.388978777184285 ], [ -72.269094061064848, 42.388956946954195 ], [ -72.271252944700919, 42.387055322278322 ], [ -72.27153763940926, 42.380583097043669 ], [ -72.273001933199154, 42.381382057721318 ], [ -72.277368524223974, 42.381622232127064 ], [ -72.279169954855263, 42.380262061109121 ], [ -72.279116813861791, 42.375948867533516 ], [ -72.278373073986728, 42.374605916135856 ], [ -72.279810723614276, 42.373248192412817 ], [ -72.280134379798113, 42.370010827597795 ], [ -72.281935420246199, 42.368650609673068 ], [ -72.282632465133574, 42.366219488315451 ], [ -72.284069832725578, 42.364861708785554 ], [ -72.284043100740604, 42.362705106130051 ], [ -72.285110175516053, 42.360810638953865 ], [ -72.284656402380435, 42.353534575556807 ], [ -72.286086739275504, 42.351637614919511 ], [ -72.28640326241883, 42.347861064400057 ], [ -72.288836242068285, 42.33894761642015 ], [ -72.289909502789328, 42.337592248329372 ], [ -72.290232460009548, 42.334354829544942 ], [ -72.290942285024883, 42.333001947483972 ], [ -72.292025521051102, 42.332455288932493 ], [ -72.293078334166296, 42.329482426870904 ], [ -72.294161491505065, 42.328935747779433 ], [ -72.294837316708126, 42.324887067567971 ], [ -72.296266701117446, 42.322989968532589 ], [ -72.296253135959603, 42.321911658903105 ], [ -72.298408916925951, 42.320009496481966 ], [ -72.298004880769966, 42.316777088311106 ], [ -72.296168364193278, 42.315172218116238 ], [ -72.295075302031918, 42.314910184170067 ], [ -72.295054987505338, 42.313292716668215 ], [ -72.294325175582188, 42.313028162066999 ], [ -72.296117509796758, 42.311128549033761 ], [ -72.296083610474668, 42.308432767736917 ], [ -72.294983894836278, 42.307631576080851 ], [ -72.296423058559071, 42.306543203327841 ], [ -72.296759093921182, 42.30438405877198 ], [ -72.297478629802029, 42.303839863197346 ], [ -72.297787441378901, 42.29952408562103 ], [ -72.301411971595329, 42.298959656253558 ], [ -72.302511617955062, 42.299760787824731 ], [ -72.305053574380324, 42.29974300478748 ], [ -72.306132687524695, 42.298926631029296 ], [ -72.30761615989573, 42.30134263533273 ], [ -72.307647107652286, 42.303768839046199 ], [ -72.306208199940556, 42.304857352987106 ], [ -72.306619448110723, 42.308628896150495 ], [ -72.309189324240535, 42.31076764422999 ], [ -72.312098378203245, 42.311016724960297 ], [ -72.310649026271818, 42.311296560236066 ], [ -72.308497352704748, 42.313468533267468 ], [ -72.308963914977411, 42.321553296735345 ], [ -72.309697334848082, 42.322087334931147 ], [ -72.310122704938507, 42.32693715904049 ], [ -72.31085619697366, 42.327471189230373 ], [ -72.310873465978517, 42.32881907245882 ], [ -72.309430596448252, 42.329638044467458 ], [ -72.309482316355073, 42.333681691740431 ], [ -72.31057921527011, 42.334213163921888 ], [ -72.310589574148977, 42.335021892760132 ], [ -72.312063684573772, 42.336629092851481 ], [ -72.312077522293279, 42.337707397195921 ], [ -72.312807693033406, 42.337971837665137 ], [ -72.312821543724482, 42.339050141606201 ], [ -72.313922031189421, 42.339851157189685 ], [ -72.317192327003326, 42.339827958558672 ], [ -72.319707951874832, 42.337653244760546 ], [ -72.320025891852012, 42.33414616649555 ], [ -72.321458229416862, 42.332518334149029 ], [ -72.322862452866701, 42.328733873899694 ], [ -72.322387057588841, 42.320110025757991 ], [ -72.321251830675195, 42.316613318681945 ], [ -72.320155147126968, 42.316081946347495 ], [ -72.319411240091156, 42.314739242820998 ], [ -72.320490423693016, 42.313922736765413 ], [ -72.320822182081599, 42.311493947943617 ], [ -72.325184133318515, 42.311732311073996 ], [ -72.327031851072419, 42.314145449594726 ], [ -72.329232347540952, 42.315747206550149 ], [ -72.333954300539475, 42.315713038377439 ], [ -72.337554467604846, 42.313260433658435 ], [ -72.343711115431745, 42.311867383382634 ], [ -72.345865128143359, 42.309964327128455 ], [ -72.348037066269228, 42.30940911278045 ], [ -72.350198105614368, 42.30804512765657 ], [ -72.349777029085061, 42.303734586854326 ], [ -72.349043483831821, 42.303200802415915 ], [ -72.348658649165174, 42.301586023680791 ], [ -72.3464581534639, 42.299984634015338 ], [ -72.362461820260734, 42.301752845562888 ], [ -72.367608653604478, 42.306297366889275 ], [ -72.367630819446148, 42.307914823339225 ], [ -72.368727759811961, 42.308445743469768 ], [ -72.368764752416993, 42.311141502351838 ], [ -72.366725804357671, 42.321401828903838 ], [ -72.366006664418265, 42.321946455921406 ], [ -72.365750332176916, 42.329766869570008 ], [ -72.365016350503382, 42.329233190032397 ], [ -72.361746620142512, 42.329257749043009 ], [ -72.361390654749414, 42.329799622081978 ], [ -72.36030073468838, 42.329807784375049 ], [ -72.359221793934381, 42.330624661423705 ], [ -72.359247414064242, 42.332511686082654 ], [ -72.357816048798611, 42.334139989109559 ], [ -72.357874518779312, 42.338453184640656 ], [ -72.359390182760919, 42.343025094999447 ], [ -72.359826829488455, 42.348413860386252 ], [ -72.360560989896371, 42.348947570835215 ], [ -72.360252553673277, 42.352993896822788 ], [ -72.359529336362058, 42.353268905951587 ], [ -72.359595266955097, 42.35812122930664 ], [ -72.360722353854385, 42.360808806323242 ], [ -72.36074803097263, 42.362695818150193 ], [ -72.361478693497375, 42.362959948010079 ], [ -72.362602270296875, 42.365377930823065 ], [ -72.363057737915994, 42.372114519479346 ], [ -72.363792200701809, 42.372648206469961 ], [ -72.365323866463001, 42.378298291942485 ], [ -72.366800376384887, 42.37990477438553 ], [ -72.367950358510882, 42.38420969687575 ], [ -72.369056034984979, 42.385279747916059 ], [ -72.369089381238538, 42.387705889901802 ], [ -72.368369507569014, 42.388250523691866 ], [ -72.368462073543114, 42.394989799482538 ], [ -72.371067265576528, 42.399283687352536 ], [ -72.371093267109188, 42.401170680166331 ], [ -72.37182441753987, 42.401434741962767 ], [ -72.371843006680294, 42.402782593252425 ], [ -72.37294907389763, 42.403852602233954 ], [ -72.372967687729201, 42.405200452570483 ], [ -72.375540000045149, 42.407068100379767 ], [ -72.375569872468077, 42.409224658390357 ], [ -72.376672376555987, 42.410025060329104 ], [ -72.376706028212823, 42.412451185969587 ], [ -72.374902048667067, 42.413543303629872 ], [ -72.374916975270295, 42.414621581188726 ], [ -72.374193116596757, 42.414896678623904 ], [ -72.373885231302978, 42.418942979540766 ], [ -72.375370376427284, 42.421088474588082 ], [ -72.376161573896482, 42.425665607737791 ], [ -72.377268114765712, 42.42673556933142 ], [ -72.377283084859329, 42.427813843140832 ], [ -72.378014569430675, 42.4280778639217 ], [ -72.37804079027751, 42.429964842111836 ], [ -72.376596482112006, 42.430784637901503 ], [ -72.376615181681217, 42.432132478892512 ], [ -72.375898603702225, 42.432946722117435 ], [ -72.375163337774936, 42.432413120035122 ], [ -72.375140935450744, 42.430795710620728 ], [ -72.37366675159646, 42.429458923035668 ], [ -72.37325444100631, 42.425957292488953 ], [ -72.374334828013161, 42.425140301567502 ], [ -72.374308719826601, 42.423253320315702 ], [ -72.372842176107682, 42.422455657478991 ], [ -72.373554948190446, 42.421371862240804 ], [ -72.373525138781261, 42.41921530999533 ], [ -72.37205869865349, 42.41841763639794 ], [ -72.372043819918844, 42.417339359453678 ], [ -72.368747300776192, 42.415746701224485 ], [ -72.368732479163782, 42.414668423159732 ], [ -72.368001188563554, 42.414404342551713 ], [ -72.367622593514767, 42.413328806748765 ], [ -72.367559689104681, 42.408746119766214 ], [ -72.366828471920599, 42.408482031333598 ], [ -72.366809988028251, 42.407134181058389 ], [ -72.365707659247931, 42.406333684106876 ], [ -72.364561114197059, 42.402298331934929 ], [ -72.363095179608095, 42.401500540932638 ], [ -72.363051015513321, 42.398265692759857 ], [ -72.362319938381916, 42.398001575029511 ], [ -72.362305230551726, 42.396923291593779 ], [ -72.360839449060308, 42.396125470848375 ], [ -72.359715393264082, 42.393707487870955 ], [ -72.358984382774238, 42.393443348668256 ], [ -72.359304088452021, 42.390205777531214 ], [ -72.357816556629615, 42.387790487949445 ], [ -72.358492595016997, 42.384011059446266 ], [ -72.35764470138011, 42.375120603598425 ], [ -72.356543046598077, 42.374320012906232 ], [ -72.356532093677473, 42.373511295372936 ], [ -72.354703374171521, 42.37271609868295 ], [ -72.353220066001185, 42.370570312758353 ], [ -72.353092802555537, 42.361135253901999 ], [ -72.35159530435466, 42.357911147186591 ], [ -72.35155901600497, 42.355215409977603 ], [ -72.350824858807755, 42.354681642796493 ], [ -72.350777729639546, 42.351177181281372 ], [ -72.348571839928326, 42.34930627485609 ], [ -72.348136145558868, 42.343917467831666 ], [ -72.34629035914989, 42.341774258806836 ], [ -72.347203628754073, 42.32855704850823 ], [ -72.349714155151517, 42.326112097354482 ], [ -72.350055717455021, 42.324491957577123 ], [ -72.354000836399337, 42.32068827591295 ], [ -72.353931737087763, 42.315566334015557 ], [ -72.349889206321791, 42.3120914613176 ], [ -72.346253546074024, 42.311848688910651 ], [ -72.345174730154838, 42.312665437209148 ], [ -72.344840302192779, 42.314824719282946 ], [ -72.34339819117227, 42.315644120009402 ], [ -72.343408966289516, 42.316452849027911 ], [ -72.34160714819231, 42.317544468362904 ], [ -72.339463474891019, 42.320256170515542 ], [ -72.336902883264031, 42.31892683303218 ], [ -72.332907183399342, 42.318955859675931 ], [ -72.329310044332331, 42.321677892326065 ], [ -72.329348898188073, 42.324643232404703 ], [ -72.327906362937753, 42.325462437027738 ], [ -72.327959259857451, 42.329506079509954 ], [ -72.327239694310848, 42.330050462978278 ], [ -72.326576450102436, 42.334908056335273 ], [ -72.325123100125978, 42.334918496966928 ], [ -72.323683784776293, 42.336007222559438 ], [ -72.323690802508594, 42.336546374131586 ], [ -72.321888072207912, 42.337637679618076 ], [ -72.321898576173425, 42.338446406831238 ], [ -72.319376013574313, 42.340082016829051 ], [ -72.319396958374341, 42.341699470711838 ], [ -72.316150906077766, 42.343609761529741 ], [ -72.317009953022435, 42.353848460057868 ], [ -72.317387331595626, 42.354924176909272 ], [ -72.318117723237563, 42.355188582655835 ], [ -72.318142127243789, 42.357075606125889 ], [ -72.321081337288561, 42.359481054159545 ], [ -72.321829308234257, 42.361093308234096 ], [ -72.32112332801492, 42.36271594686967 ], [ -72.319326791232356, 42.364346354326976 ], [ -72.318631177403674, 42.366777698860204 ], [ -72.319036587063223, 42.370009999124015 ], [ -72.318428111201058, 42.37918067824878 ], [ -72.319910440658489, 42.38132690841978 ], [ -72.320057268104293, 42.392648967554834 ], [ -72.31970408360948, 42.39346027619272 ], [ -72.318602589803703, 42.392659325628905 ], [ -72.316056901632308, 42.392677408008318 ], [ -72.3142559109735, 42.394038152566523 ], [ -72.313660389597317, 42.404287043236003 ], [ -72.314394809026112, 42.404821041543521 ], [ -72.314412174614574, 42.40616890072296 ], [ -72.315143145919919, 42.406433322249782 ], [ -72.315531240773964, 42.408317747169534 ], [ -72.315670387801632, 42.419100598009059 ], [ -72.315316999167194, 42.41991188808219 ], [ -72.314589345926933, 42.419917039420952 ], [ -72.31243064396719, 42.421819462153856 ], [ -72.312472233289839, 42.42505431095546 ], [ -72.314308883426918, 42.426389310096461 ], [ -72.315764338890261, 42.42637900638033 ], [ -72.31760109707848, 42.427713952570301 ], [ -72.319791319697217, 42.428237568100862 ], [ -72.319801811888297, 42.429046278609512 ], [ -72.319077548180289, 42.429321028439738 ], [ -72.319126472243369, 42.433095008737233 ], [ -72.319861272710995, 42.433628968448168 ], [ -72.320249675328014, 42.435513365049651 ], [ -72.319164916678844, 42.436060276501493 ], [ -72.31881497172165, 42.437141143586395 ], [ -72.318853403998943, 42.440106408493016 ], [ -72.319591780893703, 42.440909938392167 ], [ -72.318149955500942, 42.441998567928195 ], [ -72.318177885337889, 42.444155122003679 ], [ -72.316711565450603, 42.443356748411034 ], [ -72.31670111044096, 42.442548040475195 ], [ -72.315231367873437, 42.441480078314754 ], [ -72.314139515333437, 42.44148780274363 ], [ -72.312669840733378, 42.440419807610468 ], [ -72.310122226419551, 42.440437758511649 ], [ -72.309040747741989, 42.441254143553238 ], [ -72.308697502395816, 42.442874117625628 ], [ -72.307619409868806, 42.443960058319519 ], [ -72.307653874180687, 42.446655752586139 ], [ -72.308385285677915, 42.446920214422811 ], [ -72.308766524788595, 42.44826550514896 ], [ -72.308797588709311, 42.450691627149176 ], [ -72.310263978833859, 42.451490100037226 ], [ -72.310652204961471, 42.453374520620535 ], [ -72.312125612960969, 42.454712106705074 ], [ -72.313228106766346, 42.455513107182213 ], [ -72.316140359768653, 42.455492508808064 ], [ -72.31649742165358, 42.45495079185568 ], [ -72.319780673344852, 42.455466657296988 ], [ -72.320169207846533, 42.457351043900601 ], [ -72.319084073444472, 42.45789795160767 ], [ -72.319875152223915, 42.462744996619747 ], [ -72.318068753708445, 42.463836209781498 ], [ -72.317725617210243, 42.46545620153622 ], [ -72.315905172459296, 42.465469109163884 ], [ -72.314462722800869, 42.466557685798676 ], [ -72.314490537580767, 42.468714227389526 ], [ -72.313398214070688, 42.468721944739151 ], [ -72.312680405968806, 42.469535786834541 ], [ -72.311213566250444, 42.46873734836894 ], [ -72.308664809115143, 42.468755266912545 ], [ -72.307582826630878, 42.469571632428398 ], [ -72.306913159883322, 42.474159384588908 ], [ -72.30842148798088, 42.478192683816218 ], [ -72.306611005665076, 42.479014145892265 ], [ -72.306707446173789, 42.486562018450222 ], [ -72.305621693066172, 42.487108795215846 ], [ -72.305563215452182, 42.482526160191576 ], [ -72.304831403289214, 42.482261682836572 ], [ -72.305164648544732, 42.479833035226143 ], [ -72.304061832379176, 42.479031962563106 ], [ -72.301512657656872, 42.479049722839477 ], [ -72.298990772388763, 42.481223965052173 ], [ -72.298286270494089, 42.483115983304508 ], [ -72.298715259640502, 42.488235231083721 ], [ -72.295801490553401, 42.488255388707579 ], [ -72.296131715303986, 42.485557204042905 ], [ -72.295028913770494, 42.484756046130208 ], [ -72.292115304086508, 42.484776110572689 ], [ -72.291032833049314, 42.485592317259595 ], [ -72.291056477891829, 42.487479286786247 ], [ -72.292155893910319, 42.488010915211909 ], [ -72.291822105010553, 42.490439519976107 ], [ -72.29439888131337, 42.492578507130155 ], [ -72.289660305349187, 42.492341481782965 ], [ -72.286408965340044, 42.494520430119216 ], [ -72.286419040864558, 42.495329129964169 ], [ -72.285336315198606, 42.496145280874636 ], [ -72.285359793695477, 42.498032246314715 ], [ -72.28170365721796, 42.496978743413123 ] ], [ [ -72.302746577041248, 42.346939327539538 ], [ -72.304529335802883, 42.344230869335753 ], [ -72.304813862964039, 42.338028076372005 ], [ -72.302239610221363, 42.33561966635218 ], [ -72.298969526457057, 42.335642439687582 ], [ -72.297156208054204, 42.335924627959884 ], [ -72.294286671096913, 42.338910089597007 ], [ -72.294347583546283, 42.343762464264479 ], [ -72.295101462620167, 42.345914049919948 ], [ -72.297309049680933, 42.348055559012771 ], [ -72.300946602068237, 42.348299877872968 ], [ -72.302746577041248, 42.346939327539538 ] ], [ [ -72.308281975745032, 42.381948390613658 ], [ -72.308518054981207, 42.371971604720137 ], [ -72.307399870167586, 42.369822671949706 ], [ -72.304834515705721, 42.3682230601882 ], [ -72.30010862722547, 42.368256031476569 ], [ -72.29866812274193, 42.369344435819215 ], [ -72.298331807417014, 42.371503555554995 ], [ -72.297608109406724, 42.371778174048458 ], [ -72.297720314649652, 42.38067412176013 ], [ -72.299205383338105, 42.383090191658518 ], [ -72.301040534511131, 42.384425415724365 ], [ -72.305043817709063, 42.384667070707593 ], [ -72.308281975745032, 42.381948390613658 ] ], [ [ -72.301588693305959, 42.398979830630076 ], [ -72.301578439086626, 42.398171112648647 ], [ -72.302659277132605, 42.397354789197543 ], [ -72.302631897315507, 42.395198207001798 ], [ -72.303716097875949, 42.394651445941406 ], [ -72.303650991032512, 42.389529558799921 ], [ -72.301801962825607, 42.387116084583241 ], [ -72.300347408857206, 42.387126211892067 ], [ -72.299609904577608, 42.386322548257489 ], [ -72.296700831983799, 42.38634272906809 ], [ -72.294535963158282, 42.387705684386084 ], [ -72.293468716914532, 42.389600227378111 ], [ -72.292775211096142, 42.392300974675685 ], [ -72.292852962827766, 42.398501156442087 ], [ -72.294688427186756, 42.399836477029559 ], [ -72.296506986254826, 42.399823904479341 ], [ -72.296877494128125, 42.4003605319283 ], [ -72.299787211710438, 42.400340346709022 ], [ -72.301588693305959, 42.398979830630076 ] ], [ [ -72.29145214339529, 42.402824335829074 ], [ -72.291415019044663, 42.399859035202041 ], [ -72.290680851391443, 42.39932488965016 ], [ -72.290667365127078, 42.39824659777431 ], [ -72.289936590879591, 42.397982020300333 ], [ -72.289919749346339, 42.396634154878122 ], [ -72.288448164704846, 42.395296265890458 ], [ -72.285174989419815, 42.395318646592344 ], [ -72.283012903574061, 42.396950955496798 ], [ -72.283430048586041, 42.401261650754698 ], [ -72.286373345486822, 42.403937534069691 ], [ -72.290010702158014, 42.40391262304545 ], [ -72.29145214339529, 42.402824335829074 ] ] ], [ [ [ -72.260868935817811, 42.460993114994899 ], [ -72.261284992343604, 42.465303822691226 ], [ -72.259464540860762, 42.465315838447552 ], [ -72.260868935817811, 42.460993114994899 ] ] ], [ [ [ -72.295134165001855, 42.493112616517543 ], [ -72.295862663552754, 42.493107588242268 ], [ -72.296601367734041, 42.493911254614659 ], [ -72.295876258829765, 42.494185853957944 ], [ -72.295134165001855, 42.493112616517543 ] ] ], [ [ [ -72.23282262528538, 42.397281524328633 ], [ -72.234277423269859, 42.397272250676856 ], [ -72.231389657774699, 42.399177802320928 ], [ -72.231377182815024, 42.398099503720019 ], [ -72.23282262528538, 42.397281524328633 ] ] ], [ [ [ -72.230674699678076, 42.400260721593696 ], [ -72.231047768597918, 42.40106713528769 ], [ -72.230323440097749, 42.401341328509695 ], [ -72.230674699678076, 42.400260721593696 ] ] ], [ [ [ -72.224913961467962, 42.40541944022474 ], [ -72.227453982803695, 42.404864225571863 ], [ -72.230332783276964, 42.402150051953747 ], [ -72.230733904633595, 42.405382635241686 ], [ -72.230012638563196, 42.405926400439661 ], [ -72.227466392175558, 42.405942522873289 ], [ -72.225305546510327, 42.407843317281767 ], [ -72.225317919816831, 42.408921614050669 ], [ -72.224596566773911, 42.409465344848613 ], [ -72.224913961467962, 42.40541944022474 ] ] ], [ [ [ -72.214551182380475, 42.421929421535602 ], [ -72.215651866796151, 42.422731361937579 ], [ -72.214211713436455, 42.424088267638133 ], [ -72.214551182380475, 42.421929421535602 ] ] ], [ [ [ -72.212046811021381, 42.425719231459922 ], [ -72.213138402815062, 42.425712474972549 ], [ -72.21280190619494, 42.428140888171477 ], [ -72.212046811021381, 42.425719231459922 ] ] ] ] } },
{ "type": "Feature", "properties": { "stage": 9, "pool_ft": 512.0, "pct": 68.0 }, "geometry": { "type": "MultiPolygon", "coordinates": [ [ [ [ -72.320833604657906, 42.396417794358875 ], [ -72.32011671321186, 42.397231697240642 ], [ -72.320099228462126, 42.395883836082177 ], [ -72.320833604657906, 42.396417794358875 ] ] ], [ [ [ -72.280978448275206, 42.497253248804057 ], [ -72.282395445443385, 42.494008566434609 ], [ -72.282328625185329, 42.488617226638659 ], [ -72.281212601704212, 42.486737668054197 ], [ -72.279004037730658, 42.484865488960274 ], [ -72.27932165242008, 42.481089079038107 ], [ -72.280404197637608, 42.480272981404006 ], [ -72.280020039234799, 42.478658039911899 ], [ -72.280738371968241, 42.477844403277196 ], [ -72.280648381401079, 42.470566060759396 ], [ -72.27842046179677, 42.467076450531977 ], [ -72.277652426639662, 42.463846541381983 ], [ -72.277983299127655, 42.461148391759536 ], [ -72.279048893682287, 42.458984456047979 ], [ -72.279015643482396, 42.456288761727592 ], [ -72.277906929890023, 42.454948294750487 ], [ -72.274991382192511, 42.454698356726162 ], [ -72.271692069164189, 42.45283336496275 ], [ -72.268786486773791, 42.453391979624378 ], [ -72.264457380575962, 42.456655894025047 ], [ -72.263397842100389, 42.459358835562576 ], [ -72.26123300119643, 42.460990709703921 ], [ -72.261265494831221, 42.463686405879649 ], [ -72.262383771617408, 42.46583573815662 ], [ -72.259106931225503, 42.465857377055819 ], [ -72.260498378232526, 42.460456379636703 ], [ -72.260108360728395, 42.458302223789396 ], [ -72.260771518162372, 42.452906015046331 ], [ -72.259656767107927, 42.451026230520014 ], [ -72.257823790137422, 42.449959938509984 ], [ -72.257801152053943, 42.448072944158064 ], [ -72.257060246890347, 42.446999448943856 ], [ -72.257778515322883, 42.446185948910284 ], [ -72.257765580655175, 42.445107665510101 ], [ -72.257031171718793, 42.444573311194681 ], [ -72.257375751091843, 42.442953492097516 ], [ -72.256638141831388, 42.442149563902021 ], [ -72.254084006913871, 42.44162713280268 ], [ -72.253327168301766, 42.439205755148144 ], [ -72.254737843132972, 42.435422221476209 ], [ -72.255823148200378, 42.434875917024556 ], [ -72.256534839150788, 42.433523278907458 ], [ -72.259065996586969, 42.432158655142992 ], [ -72.260141479004318, 42.430803594221132 ], [ -72.259764621880151, 42.429727708804954 ], [ -72.262292305461273, 42.428093440892987 ], [ -72.263335085196715, 42.424042628100558 ], [ -72.262555332835973, 42.419734294228277 ], [ -72.260349663082593, 42.417861726075465 ], [ -72.258891158026572, 42.417601756613422 ], [ -72.258124722107539, 42.414371677708161 ], [ -72.257384206503076, 42.413298175711667 ], [ -72.254821573097615, 42.411967038115478 ], [ -72.253704506502643, 42.409817603821701 ], [ -72.255146707355905, 42.408729772944206 ], [ -72.255491139627907, 42.407109945344907 ], [ -72.257287308168401, 42.40521097802246 ], [ -72.258349434282238, 42.40277763047758 ], [ -72.26088256618587, 42.401682530375695 ], [ -72.261950992861387, 42.399788295122761 ], [ -72.264831342236363, 42.397342829415933 ], [ -72.265896311523477, 42.395178981669034 ], [ -72.265863655655721, 42.392483241696752 ], [ -72.263652326712261, 42.390071576275297 ], [ -72.260736583503942, 42.389551699139524 ], [ -72.25999631423322, 42.388478207655972 ], [ -72.258174841931023, 42.388220628732213 ], [ -72.257093585860034, 42.389036536006969 ], [ -72.255999408860603, 42.388774134727932 ], [ -72.256717029530222, 42.387960629896746 ], [ -72.256694446671744, 42.386073607111697 ], [ -72.255951063938355, 42.384730513919763 ], [ -72.254853748091961, 42.384198526611904 ], [ -72.253038840684042, 42.384480015948 ], [ -72.252324419552068, 42.385563073399155 ], [ -72.249415367281571, 42.385582058664191 ], [ -72.248697679671082, 42.386395518401336 ], [ -72.248716831865536, 42.388012967771175 ], [ -72.247638644867521, 42.389098361015925 ], [ -72.245807665804818, 42.38803186181083 ], [ -72.244353082123325, 42.388041281247688 ], [ -72.243271650781608, 42.38885705865966 ], [ -72.23964144930062, 42.389419642664599 ], [ -72.24034981832402, 42.3877975148025 ], [ -72.23961306895454, 42.386993466920565 ], [ -72.238885788652055, 42.386998139783131 ], [ -72.238879488404919, 42.386458989392182 ], [ -72.239957780743779, 42.385373677566371 ], [ -72.239948316946055, 42.384564951738795 ], [ -72.239211610344128, 42.383760900684813 ], [ -72.237753978764559, 42.383500661326053 ], [ -72.237747688515697, 42.382961510437447 ], [ -72.240299318858433, 42.38348431122246 ], [ -72.241744311837678, 42.382666216989413 ], [ -72.245032727888201, 42.383992947774523 ], [ -72.246487218345209, 42.383983519737427 ], [ -72.248646611942334, 42.382082317108399 ], [ -72.248624272001535, 42.380195290187437 ], [ -72.249341890191772, 42.379381829746059 ], [ -72.251156667742876, 42.37910039839818 ], [ -72.252981058622467, 42.379627664221758 ], [ -72.25370182722844, 42.379083751768469 ], [ -72.256977400040469, 42.379331841383582 ], [ -72.257698130902497, 42.37878790385659 ], [ -72.262421577944181, 42.378487100062294 ], [ -72.264246045033943, 42.379014187315072 ], [ -72.2649862756586, 42.380087653801887 ], [ -72.263561172532278, 42.382523489324825 ], [ -72.2647074330349, 42.387099012484896 ], [ -72.265814677074971, 42.388439628542805 ], [ -72.268363484475813, 42.388692231920579 ], [ -72.270525666074093, 42.387060195134005 ], [ -72.271229928385452, 42.385168301977984 ], [ -72.270797291780511, 42.379509672834835 ], [ -72.269693379499685, 42.378438676825034 ], [ -72.268966199845877, 42.378443539832837 ], [ -72.269676974613091, 42.377090802370219 ], [ -72.269290437729651, 42.375206209387549 ], [ -72.270371299990302, 42.374390184910354 ], [ -72.271461999359289, 42.374382875346285 ], [ -72.270387718974163, 42.375738060097824 ], [ -72.270423843202309, 42.378703384041138 ], [ -72.272264843467667, 42.380578217784333 ], [ -72.276637997737893, 42.381357569183976 ], [ -72.278442754967372, 42.380266984015485 ], [ -72.278759877856032, 42.376490478847572 ], [ -72.277655883437149, 42.375419558507645 ], [ -72.277645939072499, 42.374610834011747 ], [ -72.279440519384821, 42.372711506659449 ], [ -72.279767515289791, 42.36974371759387 ], [ -72.281208354072291, 42.368655550073193 ], [ -72.281908759432667, 42.366494008362395 ], [ -72.283699641442681, 42.364325035721812 ], [ -72.283672922305286, 42.362168432720416 ], [ -72.284739999113995, 42.360273968751045 ], [ -72.284666433048073, 42.354343303276359 ], [ -72.283929510136446, 42.353539533173354 ], [ -72.285716608260202, 42.351100946765911 ], [ -72.28533309856634, 42.349485972877424 ], [ -72.286053245628963, 42.348941854089631 ], [ -72.28846616195915, 42.338410955625932 ], [ -72.289539421504799, 42.337055590832279 ], [ -72.28986239491806, 42.333818172712057 ], [ -72.291655451862439, 42.331918637652208 ], [ -72.292351718826069, 42.329487437749194 ], [ -72.293791424784487, 42.328399102970302 ], [ -72.293414605418462, 42.327323302516078 ], [ -72.294494338901544, 42.326507042784847 ], [ -72.294467267928866, 42.32435042447112 ], [ -72.295886482213035, 42.321644597497716 ], [ -72.298038866381788, 42.319472864329143 ], [ -72.297278411657132, 42.316782130344045 ], [ -72.294715462394251, 42.315182274376504 ], [ -72.294698541138814, 42.31383438485377 ], [ -72.293598749197315, 42.313033180844613 ], [ -72.295747530585672, 42.310591908503604 ], [ -72.295727200270633, 42.308974439661966 ], [ -72.294257530422314, 42.307636599028093 ], [ -72.295696706745716, 42.306548235373235 ], [ -72.296389148682778, 42.303847419556526 ], [ -72.297108681644843, 42.303303226238206 ], [ -72.297057776731819, 42.299259547618377 ], [ -72.301771690267998, 42.298687544165972 ], [ -72.303234471597861, 42.299486134211236 ], [ -72.304323876856884, 42.299478512941583 ], [ -72.305406423856283, 42.298931724457518 ], [ -72.306475218199978, 42.297306611771141 ], [ -72.306495819315074, 42.298924082593651 ], [ -72.307598967722399, 42.299994743853979 ], [ -72.308356217672497, 42.302415840765576 ], [ -72.30801714784613, 42.30430544202008 ], [ -72.306578234301128, 42.305393960474071 ], [ -72.307345822920354, 42.308623795064605 ], [ -72.30991227458486, 42.310492949230976 ], [ -72.316813031167669, 42.310444105817048 ], [ -72.316456787011504, 42.310985841792196 ], [ -72.313187980803775, 42.311009019664844 ], [ -72.310655930256345, 42.311835715428451 ], [ -72.308867456802716, 42.314005132421059 ], [ -72.309320282732216, 42.321011585192323 ], [ -72.310053699332826, 42.321545621175403 ], [ -72.31047909308883, 42.326395444524366 ], [ -72.311586244520527, 42.327735638039087 ], [ -72.311243679987129, 42.329355662215995 ], [ -72.310517067556262, 42.329360787917061 ], [ -72.309800803014312, 42.330174638777351 ], [ -72.309838747967632, 42.333139979992886 ], [ -72.312046388087523, 42.335281212064849 ], [ -72.313548267225102, 42.339045001349007 ], [ -72.314645293255055, 42.33957643411744 ], [ -72.317185364274394, 42.339288806974928 ], [ -72.318981244858975, 42.337658423954409 ], [ -72.319690492292551, 42.336305365427997 ], [ -72.319655575359121, 42.333609605577017 ], [ -72.321087910305437, 42.331981777656424 ], [ -72.322492143993841, 42.328197321495225 ], [ -72.322030806738539, 42.320651777912019 ], [ -72.320895589788037, 42.317155067716712 ], [ -72.319054993998861, 42.315280986363732 ], [ -72.319041042331804, 42.314202677709353 ], [ -72.320472953995719, 42.312574850743658 ], [ -72.320455485042274, 42.311226964339504 ], [ -72.3259070252643, 42.311457515512046 ], [ -72.327021285562324, 42.313336718664317 ], [ -72.329225284918166, 42.315208052927971 ], [ -72.333224298224707, 42.315448730965151 ], [ -72.337187689775519, 42.312993503548896 ], [ -72.343703929936765, 42.311328230220163 ], [ -72.3458579245208, 42.309425173886964 ], [ -72.349471740986502, 42.308050499611603 ], [ -72.349421104749311, 42.304276425731196 ], [ -72.34793235850313, 42.301591385912353 ], [ -72.345735481706598, 42.300259559497448 ], [ -72.346087812794309, 42.299448154412659 ], [ -72.362821292347434, 42.301480542566424 ], [ -72.367597571108334, 42.305488638459444 ], [ -72.367986608386431, 42.307372928477982 ], [ -72.369457829532564, 42.308709825732407 ], [ -72.369487448357603, 42.310866432653441 ], [ -72.368772151316051, 42.311680653945118 ], [ -72.367096448377197, 42.32193823951507 ], [ -72.366377305532581, 42.322482868789727 ], [ -72.36649908977904, 42.331378843405744 ], [ -72.364293425406885, 42.329508230544462 ], [ -72.362476900803202, 42.329521874496606 ], [ -72.360308063666395, 42.33034693438195 ], [ -72.359592428364095, 42.331161095176334 ], [ -72.359618059762369, 42.333048119535121 ], [ -72.358186691900372, 42.334676426988743 ], [ -72.35823056295726, 42.33791132350067 ], [ -72.359746239684682, 42.342483229704591 ], [ -72.36018291299763, 42.347871994378778 ], [ -72.361287823084339, 42.348942128831595 ], [ -72.360582990509783, 42.350565013886275 ], [ -72.36061966069866, 42.353260751012208 ], [ -72.359900106057765, 42.353805336063687 ], [ -72.359951407087777, 42.357579365180456 ], [ -72.361078499463332, 42.360266939031909 ], [ -72.361104186985713, 42.362153951008295 ], [ -72.362209362123934, 42.363224073212535 ], [ -72.36333665101823, 42.365911621535382 ], [ -72.363413927178755, 42.371572646336951 ], [ -72.364148386677584, 42.372106331119063 ], [ -72.365680071137049, 42.37775641254737 ], [ -72.367156577455845, 42.379362890618374 ], [ -72.367178757345116, 42.380980321334221 ], [ -72.367913357879175, 42.381513980930087 ], [ -72.368306573976625, 42.383667810084866 ], [ -72.369794409486133, 42.386082966338329 ], [ -72.369460433965031, 42.38824228499832 ], [ -72.36874055738474, 42.388786921042026 ], [ -72.3688183453596, 42.394447912464983 ], [ -72.370317587277682, 42.397671767883487 ], [ -72.371794676563894, 42.399278179001143 ], [ -72.371449551204634, 42.40062878578987 ], [ -72.373305357200053, 42.403310702455833 ], [ -72.373323978468733, 42.404658552907819 ], [ -72.375900014688412, 42.406795762830079 ], [ -72.375926163581809, 42.408682751190945 ], [ -72.377399910665744, 42.410019516562542 ], [ -72.377437332580655, 42.412715211398243 ], [ -72.375273302404921, 42.414079676709974 ], [ -72.374241591648556, 42.418401078819493 ], [ -72.375726736136215, 42.420546569550481 ], [ -72.376517952631957, 42.425123700853092 ], [ -72.378374693107304, 42.427805520010573 ], [ -72.378761055808809, 42.429420153232208 ], [ -72.378772302915365, 42.430228857939788 ], [ -72.377324255251224, 42.43077909464175 ], [ -72.376622661732299, 42.43267161516323 ], [ -72.376652583213072, 42.434828159526802 ], [ -72.378494621271798, 42.436431699045116 ], [ -72.378524608429871, 42.438588240922492 ], [ -72.375932237855736, 42.435372834492753 ], [ -72.375906077735337, 42.433485858326826 ], [ -72.374803173996156, 42.432685453594068 ], [ -72.374784512915227, 42.431337612491966 ], [ -72.373310323958762, 42.430000820520824 ], [ -72.373265617024657, 42.426765998416762 ], [ -72.372526723042697, 42.425962810031024 ], [ -72.373963517261487, 42.424603926893688 ], [ -72.373952332694415, 42.423795220608092 ], [ -72.372845899450368, 42.422725226382248 ], [ -72.372118218669385, 42.422730741346456 ], [ -72.373168767701202, 42.419757208392141 ], [ -72.371698601254508, 42.418689961173548 ], [ -72.371316201079338, 42.417344869355475 ], [ -72.368387204327178, 42.416019015816779 ], [ -72.366895020460476, 42.413334288710317 ], [ -72.367203325908008, 42.409288001056289 ], [ -72.364601671197661, 42.405263606165178 ], [ -72.364204761644814, 42.402840204770342 ], [ -72.363466262441037, 42.402036953625753 ], [ -72.362738818987566, 42.402042409331031 ], [ -72.36269467274856, 42.398807561434751 ], [ -72.358624371306178, 42.393715634158369 ], [ -72.358947759000515, 42.390747635625274 ], [ -72.357460228041788, 42.388332341741098 ], [ -72.357409050742831, 42.384558337843806 ], [ -72.358121660156314, 42.383474628459723 ], [ -72.357288442705055, 42.375662458437681 ], [ -72.355804977728027, 42.373516707285383 ], [ -72.353976267207869, 42.372721499037318 ], [ -72.352863795050709, 42.371112154455112 ], [ -72.352736583653808, 42.361677096356708 ], [ -72.351239090781405, 42.358452985393427 ], [ -72.35120281729958, 42.355757248397062 ], [ -72.35009795878581, 42.354687018657678 ], [ -72.350421546978382, 42.351719017765518 ], [ -72.348212034796717, 42.349578530495464 ], [ -72.347445474043511, 42.346618571944887 ], [ -72.347779981143262, 42.344459296997961 ], [ -72.345934190992651, 42.342316082509008 ], [ -72.345905360153836, 42.34015948404403 ], [ -72.346887222922618, 42.332064205978369 ], [ -72.346473422975933, 42.32829282597541 ], [ -72.347559708616231, 42.328015219264273 ], [ -72.349699678780794, 42.3250337949599 ], [ -72.349688821826447, 42.324225068000359 ], [ -72.353630310677318, 42.320151822936758 ], [ -72.353575781790227, 42.31610818442612 ], [ -72.349896444579855, 42.312630614005997 ], [ -72.346983561264267, 42.312112913759101 ], [ -72.345545140406841, 42.313201918286076 ], [ -72.345207122898131, 42.315091624865545 ], [ -72.342333622423368, 42.317539146129931 ], [ -72.339833881156522, 42.320792669142989 ], [ -72.338377286902997, 42.320533701174071 ], [ -72.338370145854768, 42.319994548660581 ], [ -72.33727326004859, 42.319463340062114 ], [ -72.333637224835257, 42.319220168907258 ], [ -72.330036567029566, 42.321672647827057 ], [ -72.33007899036258, 42.324907563918778 ], [ -72.328276701706287, 42.325998972302649 ], [ -72.32832962273568, 42.330042614150884 ], [ -72.327610054274629, 42.330586999874924 ], [ -72.327299600733326, 42.334633253366135 ], [ -72.324410472444725, 42.336002013639288 ], [ -72.324417496367587, 42.336541165167631 ], [ -72.322614778747109, 42.337632482050275 ], [ -72.322265437030381, 42.338713384283849 ], [ -72.320102748390525, 42.340076835142504 ], [ -72.31940743117589, 42.342508197438107 ], [ -72.317597490496851, 42.343060283226059 ], [ -72.316521251377026, 42.344146332572542 ], [ -72.316576915534768, 42.34845953920162 ], [ -72.318498616506133, 42.356533870306201 ], [ -72.319609957970073, 42.358143552387766 ], [ -72.321070840277969, 42.358672330614084 ], [ -72.32255628423421, 42.361088111063758 ], [ -72.319697284880831, 42.364882912672712 ], [ -72.319001679392755, 42.367314259152764 ], [ -72.319459502645287, 42.374590163905268 ], [ -72.318746330916852, 42.375673635922368 ], [ -72.318784722620535, 42.378638944247264 ], [ -72.320637649419353, 42.38132172340152 ], [ -72.320774108354868, 42.391835064170721 ], [ -72.320088737970124, 42.395075119181335 ], [ -72.318976735156625, 42.393465455295015 ], [ -72.317878737704802, 42.392934070306339 ], [ -72.316063860617888, 42.393216553172785 ], [ -72.314626535580189, 42.394574723590402 ], [ -72.315052771528428, 42.399424450804212 ], [ -72.313982471243108, 42.401049606725437 ], [ -72.314017183504873, 42.403745327183849 ], [ -72.314751599654031, 42.404279323283156 ], [ -72.31552428466874, 42.407778603892908 ], [ -72.316258760410619, 42.408312589863272 ], [ -72.316356245220888, 42.415860587792992 ], [ -72.316041171393636, 42.419637161279567 ], [ -72.313515216453169, 42.421272612241083 ], [ -72.312801416004177, 42.422356035505736 ], [ -72.312829154634628, 42.424512601287326 ], [ -72.314301935761236, 42.425850169093025 ], [ -72.316855930176061, 42.426371266518629 ], [ -72.317594121178331, 42.427174811940077 ], [ -72.320151695136616, 42.427965406376778 ], [ -72.319483381958364, 42.432553279506251 ], [ -72.320218179142159, 42.433087237010625 ], [ -72.320617092817983, 42.435780341757123 ], [ -72.319892755462064, 42.436055096261171 ], [ -72.319185887891919, 42.437677694362868 ], [ -72.319210355664268, 42.439564681045653 ], [ -72.320319675512806, 42.440904755459769 ], [ -72.318520894542061, 42.442535120200759 ], [ -72.319665228724816, 42.446570890970044 ], [ -72.318937268763975, 42.446576069758308 ], [ -72.318184868095074, 42.444694260340533 ], [ -72.316351087392277, 42.44362889833409 ], [ -72.315973196592239, 42.442553200533219 ], [ -72.31194541562688, 42.440694511806321 ], [ -72.309768647187255, 42.441249027312217 ], [ -72.309068366294596, 42.443410700224945 ], [ -72.307990270985556, 42.444496644245532 ], [ -72.308010958890677, 42.446114060741266 ], [ -72.308745816833706, 42.446648089658382 ], [ -72.309504868741342, 42.449069098083818 ], [ -72.309154686425998, 42.450149932305742 ], [ -72.309893057343388, 42.450953522372302 ], [ -72.310621068489269, 42.450948400756047 ], [ -72.311009301940629, 42.452832820392565 ], [ -72.312853667246415, 42.454706970982045 ], [ -72.313952696251135, 42.455238395935837 ], [ -72.315408816538451, 42.455228096792005 ], [ -72.316490452165866, 42.454411654803422 ], [ -72.317589506629076, 42.454943045096037 ], [ -72.320137703862173, 42.454924929057043 ], [ -72.320900795592834, 42.457615425540901 ], [ -72.319812163885103, 42.457892771905819 ], [ -72.319465606701471, 42.45924320318796 ], [ -72.320200714251257, 42.459777157245355 ], [ -72.320606801222922, 42.463009379765154 ], [ -72.318796912693372, 42.463831036504857 ], [ -72.318093198235871, 42.465723184289537 ], [ -72.316636836397805, 42.465733517339025 ], [ -72.315190913460384, 42.466552535318364 ], [ -72.31485812389333, 42.468981220241922 ], [ -72.313405158737552, 42.469261080014242 ], [ -72.313047989410293, 42.469802785405882 ], [ -72.30939648080998, 42.469019720847662 ], [ -72.307953837851159, 42.470108214993907 ], [ -72.308342109504537, 42.471992634433327 ], [ -72.307260067376262, 42.472808996238385 ], [ -72.307270406482402, 42.473617698825059 ], [ -72.308789103810838, 42.478459695378255 ], [ -72.306982064112248, 42.479550730277737 ], [ -72.307727648675268, 42.48089346222735 ], [ -72.307016520639706, 42.482246400276146 ], [ -72.307078549804444, 42.487098601467871 ], [ -72.30635012149412, 42.487103700643964 ], [ -72.305271233260228, 42.488189607078851 ], [ -72.305291865819342, 42.48980700595866 ], [ -72.306030651415838, 42.490610612591382 ], [ -72.30456684186494, 42.490081660271969 ], [ -72.304917324234495, 42.489000851088264 ], [ -72.30418200567, 42.488466803538792 ], [ -72.305254040268522, 42.486841774151401 ], [ -72.305205903797187, 42.483067839409323 ], [ -72.30409959725749, 42.48199720081594 ], [ -72.304807348711449, 42.480374713588155 ], [ -72.304068698456845, 42.479571096961955 ], [ -72.302244418688957, 42.479314221491563 ], [ -72.299719133454147, 42.481218912385017 ], [ -72.298657282294258, 42.483652593921086 ], [ -72.298691385596214, 42.486348263510052 ], [ -72.299433460382659, 42.487421479956907 ], [ -72.299086305173375, 42.488771839599607 ], [ -72.294708826666522, 42.488262928823794 ], [ -72.295787897830579, 42.487177121298991 ], [ -72.295774305572067, 42.486098853583883 ], [ -72.294303903179369, 42.485030636242236 ], [ -72.292122068768293, 42.48531524487057 ], [ -72.291403797747634, 42.486128950879547 ], [ -72.291784911760018, 42.48747428427771 ], [ -72.2932485537399, 42.488003399299842 ], [ -72.292169424775977, 42.489089182811824 ], [ -72.292550572976722, 42.490434512632021 ], [ -72.293646663863186, 42.49069655969636 ], [ -72.295127373758888, 42.492573483501708 ], [ -72.297323065303289, 42.493367084293368 ], [ -72.296618377892642, 42.495259086315585 ], [ -72.295879657721599, 42.494455420338603 ], [ -72.295151143616764, 42.494460448719451 ], [ -72.294405666334924, 42.493117640188167 ], [ -72.290392170794178, 42.492606054779102 ], [ -72.289306172427288, 42.493152676952299 ], [ -72.289312914014204, 42.493691810227446 ], [ -72.287137480830026, 42.494515456995366 ], [ -72.28570729348661, 42.496681931338223 ], [ -72.28573413907219, 42.498838462798624 ], [ -72.280978448275206, 42.497253248804057 ] ], [ [ -72.301299774989175, 42.347488618522462 ], [ -72.304159091702431, 42.343694259682771 ], [ -72.304457360804903, 42.338569771966718 ], [ -72.302246445214308, 42.336158819261435 ], [ -72.299699618589827, 42.335906963521751 ], [ -72.297162999771118, 42.336463781134896 ], [ -72.296083130827398, 42.337280064185691 ], [ -72.29465680348622, 42.339446731595928 ], [ -72.294704201506434, 42.343220800634491 ], [ -72.295458086253149, 42.345372384206691 ], [ -72.297302255475245, 42.347516407208765 ], [ -72.298762705932489, 42.34804547003089 ], [ -72.301299774989175, 42.347488618522462 ] ], [ [ -72.306841300035529, 42.383036893906073 ], [ -72.307911478973949, 42.381411797584981 ], [ -72.308161393219294, 42.372513307717554 ], [ -72.305938844632536, 42.369293721397241 ], [ -72.304110883464944, 42.368497719796011 ], [ -72.300839100573626, 42.368520546168448 ], [ -72.299395195455034, 42.369339385057977 ], [ -72.298698760526051, 42.371770606237575 ], [ -72.297978462326881, 42.372314801435607 ], [ -72.298077111873013, 42.380132452149567 ], [ -72.301033704582835, 42.383886268559216 ], [ -72.302495026243292, 42.384415279647257 ], [ -72.304313140252077, 42.384402583693571 ], [ -72.306841300035529, 42.383036893906073 ] ], [ [ -72.300861279883307, 42.398984895220494 ], [ -72.30228873779933, 42.396818179984628 ], [ -72.302264791619834, 42.39493117030878 ], [ -72.303345565416507, 42.394114839791449 ], [ -72.303294188532817, 42.390071244519199 ], [ -72.301808799653372, 42.387655231299931 ], [ -72.299987180940889, 42.387398314266107 ], [ -72.298886042514255, 42.386597173858263 ], [ -72.297431500016771, 42.386607264305944 ], [ -72.295263247329444, 42.387700659764363 ], [ -72.29383913909281, 42.390136865893119 ], [ -72.293145643211048, 42.392837615085554 ], [ -72.293209902362946, 42.397959504171617 ], [ -72.295412459074058, 42.399561878686079 ], [ -72.296867299951799, 42.399551813791248 ], [ -72.297601522508501, 42.400085919846518 ], [ -72.299056375096612, 42.400075827279267 ], [ -72.300861279883307, 42.398984895220494 ] ], [ [ -72.291081667136908, 42.40228769122659 ], [ -72.291058053406104, 42.40040068166298 ], [ -72.290323882478759, 42.399866533902006 ], [ -72.28956278910573, 42.397175797111835 ], [ -72.288454888540201, 42.395835412366047 ], [ -72.285905712954971, 42.395583254468434 ], [ -72.283383280067099, 42.397487626745907 ], [ -72.283787084440789, 42.400720028066367 ], [ -72.286366638542589, 42.4033983885016 ], [ -72.289279865159003, 42.403648041755098 ], [ -72.291081667136908, 42.40228769122659 ] ], [ [ -72.288602310820693, 42.436812833451981 ], [ -72.289667131258284, 42.434648786349186 ], [ -72.289643547677727, 42.432761791213835 ], [ -72.28890564689388, 42.431958067725581 ], [ -72.289178636082326, 42.424677154050791 ], [ -72.288063538048007, 42.422797631445739 ], [ -72.28550992562964, 42.422275894890028 ], [ -72.285499873385845, 42.421467179989172 ], [ -72.286571251822508, 42.419842296972263 ], [ -72.286551121204695, 42.418224866244735 ], [ -72.289825482322172, 42.418202446505383 ], [ -72.290900067684589, 42.416847093765966 ], [ -72.29088320057744, 42.415499234529797 ], [ -72.289047361766109, 42.41416385822415 ], [ -72.286140357446925, 42.414453343935058 ], [ -72.28543286500134, 42.416075743253685 ], [ -72.284328066075318, 42.415004896887332 ], [ -72.284624933032504, 42.409610971843207 ], [ -72.283884023179638, 42.408537639156052 ], [ -72.283830536772527, 42.404224476218523 ], [ -72.282715958522573, 42.402344892600553 ], [ -72.280884004181857, 42.401278954969868 ], [ -72.280840717206033, 42.397774503271421 ], [ -72.283339857156108, 42.393983172867301 ], [ -72.282952809759962, 42.392098633168978 ], [ -72.284781186838899, 42.392894966663 ], [ -72.287320178655307, 42.392338429285189 ], [ -72.28910487820967, 42.389630238078027 ], [ -72.289054415622871, 42.385586632286419 ], [ -72.287946728880925, 42.384246239030304 ], [ -72.287182568890557, 42.381285902574028 ], [ -72.283172890812068, 42.380504477302431 ], [ -72.280290691316083, 42.382680837351025 ], [ -72.281438165214936, 42.387256193579304 ], [ -72.280317303770289, 42.384837431068341 ], [ -72.279223103098175, 42.384575250387748 ], [ -72.278482578272133, 42.383501876626802 ], [ -72.275570322434405, 42.383251948902547 ], [ -72.274486074023699, 42.383798446196948 ], [ -72.273772027956497, 42.384881636959314 ], [ -72.273467755755576, 42.389736417359885 ], [ -72.272743741099745, 42.390010878262324 ], [ -72.271679093209386, 42.392174791987166 ], [ -72.272069097020633, 42.394328943354118 ], [ -72.270247406992837, 42.394071555899373 ], [ -72.268445390942432, 42.395431582838455 ], [ -72.268520760315468, 42.401631776235583 ], [ -72.267088765155549, 42.403528496633477 ], [ -72.264883526545404, 42.401656008097909 ], [ -72.262704437397659, 42.401940065619883 ], [ -72.261626253039154, 42.403025586378469 ], [ -72.261648989174475, 42.404912600697386 ], [ -72.262389478969865, 42.405986077404435 ], [ -72.264588273156747, 42.407319465487276 ], [ -72.266767539281304, 42.407035372656679 ], [ -72.266793700605874, 42.409191957161639 ], [ -72.267534327905864, 42.410265399672824 ], [ -72.267544148505493, 42.411074118304448 ], [ -72.2653614823422, 42.411088652661299 ], [ -72.263565389359584, 42.412987743320045 ], [ -72.263620757354715, 42.417570479072346 ], [ -72.265878784343187, 42.423756140138558 ], [ -72.268455241460828, 42.42616531527576 ], [ -72.271376028273735, 42.426954563980864 ], [ -72.273595543394038, 42.42990520265532 ], [ -72.269963253854542, 42.430468737781219 ], [ -72.269251884780161, 42.431821459895275 ], [ -72.267065229723144, 42.431566455037505 ], [ -72.268143807637898, 42.430480890785233 ], [ -72.267389837575962, 42.428329170658614 ], [ -72.265554122570549, 42.426993423870712 ], [ -72.263738033736544, 42.427275079125245 ], [ -72.263020056983365, 42.428088620125244 ], [ -72.262685464800342, 42.430517177290369 ], [ -72.263793426772466, 42.431857798915637 ], [ -72.265983346713341, 42.432382437402296 ], [ -72.259104860541044, 42.435393514415544 ], [ -72.25766858472015, 42.43702053074437 ], [ -72.256580030602592, 42.437297280867107 ], [ -72.256235461677448, 42.438917099857086 ], [ -72.260274465914677, 42.44185602180405 ], [ -72.260648158269646, 42.442662331370919 ], [ -72.259936452434815, 42.444014991850104 ], [ -72.260674125448759, 42.444818898545876 ], [ -72.262497239830665, 42.4450764343825 ], [ -72.265395963084273, 42.4439788357586 ], [ -72.26610755161569, 42.44262614153071 ], [ -72.268284750460154, 42.442072451578689 ], [ -72.270442186030394, 42.439901295456387 ], [ -72.270429036518024, 42.43882301180539 ], [ -72.271150330208783, 42.438278997725938 ], [ -72.271107557755172, 42.434774573661251 ], [ -72.270373156097534, 42.434240303065749 ], [ -72.27035672222236, 42.432892446563905 ], [ -72.272543436449311, 42.433147388829163 ], [ -72.27435635103646, 42.432596023844134 ], [ -72.275074233042432, 42.43178241305629 ], [ -72.274697115828531, 42.430706576790065 ], [ -72.276519880160251, 42.430963891535733 ], [ -72.27656295022318, 42.434468316871289 ], [ -72.277677912107819, 42.436347945484549 ], [ -72.279878085547722, 42.437681031652225 ], [ -72.281340474268646, 42.438210304612809 ], [ -72.284979806042642, 42.438185552823533 ], [ -72.288602310820693, 42.436812833451981 ] ], [ [ -72.286432182383649, 42.437906049363328 ], [ -72.285353791967921, 42.438991782922443 ], [ -72.285397357529675, 42.442496197989115 ], [ -72.284315524151225, 42.443312350380879 ], [ -72.284696228903627, 42.444657721941788 ], [ -72.285427521134622, 42.444922329699132 ], [ -72.285902163912596, 42.45381565004984 ], [ -72.287405303634785, 42.457579676017303 ], [ -72.290732328949659, 42.461600766566868 ], [ -72.291868472247444, 42.465097656786583 ], [ -72.294069946831513, 42.466430462156062 ], [ -72.296618614249141, 42.466412866480326 ], [ -72.298786136175153, 42.465049898098172 ], [ -72.299136578556798, 42.463969099484572 ], [ -72.300939889144004, 42.462608614809433 ], [ -72.302392756475498, 42.462328911768616 ], [ -72.303831886518154, 42.460970916626508 ], [ -72.304158193257805, 42.458003121306341 ], [ -72.303423241991624, 42.457469064642993 ], [ -72.303038633739391, 42.45585419050677 ], [ -72.301572233643469, 42.455055626509619 ], [ -72.302619790076463, 42.45154362379342 ], [ -72.302554713484625, 42.446421806532705 ], [ -72.30144225363928, 42.444811993221904 ], [ -72.300343511274249, 42.444280447517187 ], [ -72.297428367230168, 42.444031076753902 ], [ -72.29634326479318, 42.444577772043012 ], [ -72.294523417381996, 42.444590341859488 ], [ -72.294149281293386, 42.443784142665855 ], [ -72.292686656251647, 42.443255033106944 ], [ -72.28971093307392, 42.438153203545596 ], [ -72.288612405217236, 42.437621545044728 ], [ -72.286432182383649, 42.437906049363328 ] ] ], [ [ [ -72.377822964147001, 42.440480765114025 ], [ -72.378888539876016, 42.438585463779262 ], [ -72.378944794606198, 42.44262897649913 ], [ -72.377822964147001, 42.440480765114025 ] ] ], [ [ [ -72.3067591202187, 42.490605515439142 ], [ -72.306766010591517, 42.491144648044397 ], [ -72.306034093477066, 42.490880178925011 ], [ -72.3067591202187, 42.490605515439142 ] ] ], [ [ [ -72.307188847421827, 42.495724721568884 ], [ -72.30899980151095, 42.494903254009614 ], [ -72.309395170415442, 42.497326789288451 ], [ -72.307188847421827, 42.495724721568884 ] ] ], [ [ [ -72.294922679319555, 42.505245601768415 ], [ -72.294929470177493, 42.505784732979329 ], [ -72.294200825219363, 42.505789755338739 ], [ -72.294922679319555, 42.505245601768415 ] ] ], [ [ [ -72.296407170360212, 42.507392067353223 ], [ -72.297146048678357, 42.508195727176847 ], [ -72.296795326614514, 42.509276507205435 ], [ -72.296070042006889, 42.509551106642967 ], [ -72.296407170360212, 42.507392067353223 ] ] ], [ [ [ -72.23877554983612, 42.377562998210259 ], [ -72.239499569345583, 42.37728875027873 ], [ -72.239872615278017, 42.37809513966544 ], [ -72.23877554983612, 42.377562998210259 ] ] ], [ [ [ -72.23964144930062, 42.389419642664599 ], [ -72.238566231495213, 42.390774525466085 ], [ -72.238189980084599, 42.389698559182918 ], [ -72.23964144930062, 42.389419642664599 ] ] ], [ [ [ -72.22383198198591, 42.406235031582369 ], [ -72.224547124874377, 42.405152156353402 ], [ -72.227447778276513, 42.404325076817223 ], [ -72.228159732399007, 42.402972604178892 ], [ -72.229247819820046, 42.402696120442336 ], [ -72.231010361370963, 42.397832239987721 ], [ -72.232816375719295, 42.396742374899979 ], [ -72.234274292270769, 42.397002676010054 ], [ -72.234995419880747, 42.3964588829609 ], [ -72.237174444499004, 42.396175349741803 ], [ -72.238613469158295, 42.394818147811534 ], [ -72.239340839436096, 42.394813476678522 ], [ -72.2397234492027, 42.396428587073387 ], [ -72.236813893232991, 42.396447253685352 ], [ -72.232117078743656, 42.399173176853623 ], [ -72.230693394943387, 42.401878168682245 ], [ -72.230721439635147, 42.404304338150112 ], [ -72.231461397052001, 42.405378013925898 ], [ -72.230737020949661, 42.405652209471249 ], [ -72.230385732475028, 42.40673281519814 ], [ -72.229288249892605, 42.406200586831012 ], [ -72.227472597020252, 42.406481671419982 ], [ -72.224605837881256, 42.410274067195743 ], [ -72.22383198198591, 42.406235031582369 ] ] ], [ [ [ -72.231147539921892, 42.409693510592902 ], [ -72.231141303416322, 42.409154362657091 ], [ -72.232957016742972, 42.408873220371845 ], [ -72.232608872844594, 42.410223405931077 ], [ -72.231147539921892, 42.409693510592902 ] ] ], [ [ [ -72.222885622842611, 42.418911866957956 ], [ -72.221781834415324, 42.41784042131161 ], [ -72.222466327746943, 42.41406182367917 ], [ -72.221362631126098, 42.412990372762927 ], [ -72.223175413708844, 42.412439811016235 ], [ -72.222494062029199, 42.416487988091241 ], [ -72.223227852545506, 42.417022566286079 ], [ -72.223610184983315, 42.418637721698616 ], [ -72.225074754361387, 42.419437285082758 ], [ -72.222885622842611, 42.418911866957956 ] ] ], [ [ [ -72.236714072970685, 42.41909379149169 ], [ -72.237444868383349, 42.419358705552973 ], [ -72.237087330125178, 42.419900181979607 ], [ -72.23635652994993, 42.41963526568324 ], [ -72.236714072970685, 42.41909379149169 ] ] ], [ [ [ -72.211713308697739, 42.428417214724256 ], [ -72.212055923903577, 42.426527951639052 ], [ -72.210952186075161, 42.42545640414064 ], [ -72.213493135420535, 42.424901500284541 ], [ -72.213835678356773, 42.423012230285956 ], [ -72.213098855825635, 42.422208019385195 ], [ -72.21527276411534, 42.421385755325907 ], [ -72.216379560020172, 42.422726835972284 ], [ -72.215294122739181, 42.423272770219185 ], [ -72.213505310504303, 42.425979793883094 ], [ -72.213535750031625, 42.428675526633803 ], [ -72.212811029090346, 42.428949607812918 ], [ -72.211713308697739, 42.428417214724256 ] ] ] ] } },
{ "type": "Feature", "properties": { "stage": 10, "pool_ft": 516.0, "pct": 75.0 }, "geometry": { "type": "MultiPolygon", "coordinates": [ [ [ [ -72.282806503156252, 42.497780026251426 ], [ -72.281717011450397, 42.498057009678533 ], [ -72.280617508380544, 42.497525283082105 ], [ -72.282027850722969, 42.493741471768743 ], [ -72.281967740485783, 42.488889265765216 ], [ -72.280851722940071, 42.487009703820213 ], [ -72.278643160151802, 42.485137517943606 ], [ -72.278596615636985, 42.481363570589082 ], [ -72.280036691311523, 42.480005879425477 ], [ -72.27965254393375, 42.478390936596085 ], [ -72.280370878364025, 42.477577302195947 ], [ -72.27962591475395, 42.476234392154076 ], [ -72.280287592625811, 42.470838095901328 ], [ -72.277304935300123, 42.4651968436131 ], [ -72.277258485447931, 42.461422876299387 ], [ -72.278681516960518, 42.458717348286498 ], [ -72.278654929229603, 42.456560792747389 ], [ -72.277546218517458, 42.45522032239046 ], [ -72.274633965799325, 42.4552399449841 ], [ -72.274260020502467, 42.454433683351105 ], [ -72.27280061373844, 42.45417389247315 ], [ -72.271331343105118, 42.453105373284664 ], [ -72.269153790675801, 42.453659119301683 ], [ -72.264824685148383, 42.456923047286885 ], [ -72.263765157910356, 42.459625992019987 ], [ -72.261600317339784, 42.461257872953468 ], [ -72.261626324678545, 42.463414429813277 ], [ -72.262360991594477, 42.463948752284665 ], [ -72.262003414537645, 42.464490300072775 ], [ -72.262751120809696, 42.46610289740655 ], [ -72.258746076569778, 42.466129345061113 ], [ -72.258372269638826, 42.465323034093309 ], [ -72.259448331713926, 42.463967990898887 ], [ -72.259419156993118, 42.4615418641377 ], [ -72.260131071411905, 42.460189212819095 ], [ -72.259383502044855, 42.458576596052659 ], [ -72.260105116455819, 42.458032653853934 ], [ -72.259718369827695, 42.456148065445468 ], [ -72.260439953609421, 42.455604120814712 ], [ -72.260410744663986, 42.453177989159776 ], [ -72.25929599954614, 42.451298201270419 ], [ -72.257099017259975, 42.450234296974699 ], [ -72.257440393369563, 42.448344909297603 ], [ -72.256689803751399, 42.446462699441355 ], [ -72.257404838751398, 42.445379630739794 ], [ -72.256667200793373, 42.444575703216252 ], [ -72.255939258859897, 42.44458048380843 ], [ -72.257015019810652, 42.443225456252144 ], [ -72.256277411965314, 42.442421525800519 ], [ -72.253723269035916, 42.441899086735816 ], [ -72.253707188383586, 42.440551230434025 ], [ -72.252972866739597, 42.440016849633821 ], [ -72.252950377101413, 42.438129849657408 ], [ -72.25438358089697, 42.436233321060655 ], [ -72.254370706204895, 42.435155034617623 ], [ -72.255456009857213, 42.434608733590395 ], [ -72.255807024540786, 42.433528058676494 ], [ -72.258698860320038, 42.431891481870096 ], [ -72.259774346063253, 42.430536424288711 ], [ -72.259397496783478, 42.429460537600512 ], [ -72.261925179172408, 42.427826277641628 ], [ -72.262967978032393, 42.423775467910723 ], [ -72.261824427854364, 42.419469539608308 ], [ -72.259989087816706, 42.418133701217471 ], [ -72.258169994805002, 42.418145696647208 ], [ -72.258514400905952, 42.416525863655082 ], [ -72.25776415717813, 42.414643646109347 ], [ -72.257023644511278, 42.41357014186336 ], [ -72.25446100767293, 42.412238996326614 ], [ -72.254081141765383, 42.410893514251939 ], [ -72.252619613384425, 42.410363891626915 ], [ -72.252613193664047, 42.409824744957881 ], [ -72.253340735583848, 42.409819985350104 ], [ -72.254779723734913, 42.408462585660928 ], [ -72.255124163955159, 42.406842759056794 ], [ -72.25692033592793, 42.40494379734087 ], [ -72.257982471678417, 42.402510453028611 ], [ -72.260515599233131, 42.401415360934713 ], [ -72.261584032388825, 42.399521128969255 ], [ -72.264464383786333, 42.397075672293425 ], [ -72.265529361132565, 42.394911827806951 ], [ -72.265503248842379, 42.392755235747735 ], [ -72.263291924133085, 42.390343563552989 ], [ -72.260376171345882, 42.389823677317352 ], [ -72.259635905009887, 42.388750183582907 ], [ -72.258541722415529, 42.388487806462471 ], [ -72.257460466509841, 42.38930371713424 ], [ -72.254908459479296, 42.388781297660067 ], [ -72.256350159814644, 42.38769344631573 ], [ -72.25633403695231, 42.386345572847574 ], [ -72.255590658676809, 42.38500247741154 ], [ -72.254493341143103, 42.384470486699769 ], [ -72.252684842056382, 42.385291120174159 ], [ -72.252334041785588, 42.386371798013585 ], [ -72.250869893635183, 42.385572575225638 ], [ -72.249421757274703, 42.386121208583567 ], [ -72.249444123108802, 42.388008232768364 ], [ -72.248359567385165, 42.388554483222961 ], [ -72.248011864274901, 42.389904721809479 ], [ -72.246177674236648, 42.388568653871751 ], [ -72.244719903159435, 42.388308503057154 ], [ -72.243277988719086, 42.389396208509424 ], [ -72.241820210494126, 42.389136021007467 ], [ -72.240008258420218, 42.389686879409055 ], [ -72.238939345090969, 42.391580915367861 ], [ -72.238212011971086, 42.391585583966716 ], [ -72.237456380180433, 42.389164072916849 ], [ -72.239274643281632, 42.389152404734226 ], [ -72.23998932848454, 42.38806942922627 ], [ -72.239252580530788, 42.387265379086742 ], [ -72.237794867996953, 42.387005140457411 ], [ -72.237788577050807, 42.386465990007665 ], [ -72.238876338321631, 42.386189414171362 ], [ -72.239587843808508, 42.384836865108142 ], [ -72.238851138622252, 42.384032811796502 ], [ -72.237396645899892, 42.384042143299141 ], [ -72.237023596458371, 42.383235746985861 ], [ -72.237741398374069, 42.382422359481474 ], [ -72.239932544487786, 42.383217075022152 ], [ -72.241017081460498, 42.382670903328261 ], [ -72.241010763473312, 42.382131752515342 ], [ -72.241737987650666, 42.382127066215858 ], [ -72.242107926985838, 42.382663872096202 ], [ -72.24612041492955, 42.383716303294918 ], [ -72.248279810429793, 42.381815107433283 ], [ -72.248257481528569, 42.379928080325222 ], [ -72.248975101404696, 42.379114622121868 ], [ -72.256610579282466, 42.3790646581011 ], [ -72.257331310254557, 42.37852072283885 ], [ -72.262051490624799, 42.37795035899962 ], [ -72.263515603602102, 42.378749440892939 ], [ -72.264969970669213, 42.378739779187192 ], [ -72.264612897756905, 42.379281346253784 ], [ -72.265356400394921, 42.38062438515999 ], [ -72.264278624989046, 42.381709936160235 ], [ -72.263941069724666, 42.383868949070717 ], [ -72.265808147070842, 42.387900479833469 ], [ -72.267996561306092, 42.388425085521988 ], [ -72.270158743239961, 42.386793055529388 ], [ -72.270863013554006, 42.384901164502338 ], [ -72.270436980125211, 42.37978168315486 ], [ -72.268235745245988, 42.378178823345806 ], [ -72.269310113204995, 42.376823659446224 ], [ -72.268563295211862, 42.375211069852071 ], [ -72.270004451314719, 42.374123044035933 ], [ -72.272549405465966, 42.374105980414832 ], [ -72.270754578636755, 42.376005199651601 ], [ -72.270784148770545, 42.378431373695022 ], [ -72.271891369868399, 42.379771933952256 ], [ -72.275907477366658, 42.381092901586172 ], [ -72.278075838105963, 42.379999869241082 ], [ -72.278399617651246, 42.376762514292622 ], [ -72.276555236489273, 42.374618202207792 ], [ -72.278002874009545, 42.374069225921751 ], [ -72.27907364214154, 42.372444394606205 ], [ -72.279400653880103, 42.369476606403744 ], [ -72.280841492889394, 42.36838844341267 ], [ -72.281541907828796, 42.366226903805455 ], [ -72.283332794855667, 42.364057936746427 ], [ -72.28330608833781, 42.361901333530533 ], [ -72.284373171626825, 42.360006872851415 ], [ -72.283606132431728, 42.356776920635646 ], [ -72.284323035107803, 42.355963237753976 ], [ -72.284306324359036, 42.354615358574769 ], [ -72.283562725118372, 42.35327243428852 ], [ -72.2853498298348, 42.350833853437088 ], [ -72.284966331121936, 42.349218878230296 ], [ -72.285686478298629, 42.348674761707478 ], [ -72.28566639294128, 42.347057304277641 ], [ -72.287073079568785, 42.343273293482667 ], [ -72.286692934258028, 42.341927897912804 ], [ -72.287412983611645, 42.341383769708308 ], [ -72.288099445479816, 42.338143870325737 ], [ -72.289172708349966, 42.336788508877056 ], [ -72.289495699159517, 42.333551091600349 ], [ -72.29128875954315, 42.331651562150789 ], [ -72.291985037654513, 42.32922036432948 ], [ -72.29342474384309, 42.328132034080888 ], [ -72.293047932299643, 42.32705623236329 ], [ -72.294127665955514, 42.326239976029761 ], [ -72.294453733134304, 42.323272114940856 ], [ -72.297672219227522, 42.319205808482572 ], [ -72.296918570848121, 42.317054227341401 ], [ -72.294355619663335, 42.315454363440701 ], [ -72.294338705996836, 42.314106473941905 ], [ -72.29286894635176, 42.312768616981344 ], [ -72.292862193746885, 42.312229460837166 ], [ -72.29394843863642, 42.311952359867888 ], [ -72.295380944529541, 42.310324844850264 ], [ -72.295367397171631, 42.309246532246924 ], [ -72.293531165893171, 42.307641617383972 ], [ -72.295330144316765, 42.306281171333453 ], [ -72.296022598969188, 42.303580357576536 ], [ -72.296742132046774, 42.303036166523562 ], [ -72.296691250756226, 42.298992487519428 ], [ -72.302131405849039, 42.298415430937006 ], [ -72.303957318969879, 42.299211476034642 ], [ -72.305039864569295, 42.29866469097432 ], [ -72.30574554281408, 42.297042128822042 ], [ -72.306831470790442, 42.296764905212989 ], [ -72.306855515938125, 42.298651954588067 ], [ -72.307958665686471, 42.299722612454595 ], [ -72.30871592613579, 42.302143707130988 ], [ -72.308383752346117, 42.304572465694704 ], [ -72.306944839035339, 42.305660988679335 ], [ -72.307705570997371, 42.308351664942464 ], [ -72.310272022251269, 42.310220811180336 ], [ -72.311721351222118, 42.309940980596686 ], [ -72.312454659827409, 42.310475002500198 ], [ -72.315360241193716, 42.310454423077587 ], [ -72.316442880544088, 42.309907531854783 ], [ -72.317902623337162, 42.310436355818844 ], [ -72.316463740422847, 42.311524996669391 ], [ -72.313554645931191, 42.311276026470061 ], [ -72.311022589492509, 42.312102730266311 ], [ -72.309234121060285, 42.314272152843884 ], [ -72.30968009272415, 42.320739449595791 ], [ -72.310413509207251, 42.321273483313696 ], [ -72.310838928704314, 42.326123305611347 ], [ -72.311946082994936, 42.32746349573803 ], [ -72.311966833739675, 42.329080955371261 ], [ -72.310167564886882, 42.330441655307041 ], [ -72.310198624684602, 42.332867843477565 ], [ -72.312406267487461, 42.335009068764307 ], [ -72.313908161570794, 42.338772853568756 ], [ -72.315005185905164, 42.339304282934577 ], [ -72.316818521514733, 42.33902181334598 ], [ -72.318970778306522, 42.336849696337104 ], [ -72.319288755098029, 42.333342619502133 ], [ -72.320721093436916, 42.331714796058442 ], [ -72.322125343135269, 42.327930344161523 ], [ -72.321290303930311, 42.319578664647402 ], [ -72.320535848387763, 42.317427238626898 ], [ -72.319435667062791, 42.316626282513781 ], [ -72.318318089237593, 42.314477429922775 ], [ -72.320106252168245, 42.312307866085455 ], [ -72.319725590820951, 42.310962570940141 ], [ -72.326266709650639, 42.311185327449813 ], [ -72.327380975834743, 42.313064527221478 ], [ -72.329584976346595, 42.314935854693772 ], [ -72.332857525975783, 42.315181787158558 ], [ -72.336820915039198, 42.312726572253879 ], [ -72.343337137374462, 42.311061319629623 ], [ -72.34549113390301, 42.309158270065723 ], [ -72.349104943098311, 42.307783607248965 ], [ -72.349061559163104, 42.304548686644544 ], [ -72.348328010509945, 42.304014897728308 ], [ -72.347943189141958, 42.302400116867886 ], [ -72.345739082459872, 42.300529136640399 ], [ -72.345012803673853, 42.300534480418641 ], [ -72.345721079000043, 42.299181250775355 ], [ -72.363180761342335, 42.301208238430114 ], [ -72.367957042316732, 42.305216319606018 ], [ -72.370206432493518, 42.310321782590556 ], [ -72.369139054685604, 42.311947483307179 ], [ -72.368835047046517, 42.316263440013913 ], [ -72.368115983627504, 42.316808080819023 ], [ -72.367463404140594, 42.322205073651205 ], [ -72.366744261421772, 42.322749705190972 ], [ -72.367118606607448, 42.323555690757658 ], [ -72.366414206234623, 42.325178620468925 ], [ -72.366488017069187, 42.330570119145023 ], [ -72.367592731701549, 42.331640197033863 ], [ -72.367603818715338, 42.332448921002197 ], [ -72.36540914318185, 42.331387054130964 ], [ -72.364664096284272, 42.330044648072807 ], [ -72.362843881059803, 42.329788722949473 ], [ -72.360315392769266, 42.330886084326053 ], [ -72.359985048412113, 42.333314976912412 ], [ -72.358553683956899, 42.334943288841714 ], [ -72.358590258647141, 42.337639035821098 ], [ -72.360091297705765, 42.34113264021569 ], [ -72.360542656911079, 42.347599701182858 ], [ -72.3616475683272, 42.348669832242983 ], [ -72.360986770820915, 42.353527604013941 ], [ -72.36026721630499, 42.354072191330253 ], [ -72.360311207199203, 42.357307073293441 ], [ -72.36143831000939, 42.359994643782002 ], [ -72.361464008154599, 42.361881655793006 ], [ -72.364067361499053, 42.366175734759075 ], [ -72.363355048849442, 42.367259485244986 ], [ -72.363773791987072, 42.371300344474022 ], [ -72.364508251360334, 42.371834026991422 ], [ -72.36603996137535, 42.377484103978787 ], [ -72.367516470478577, 42.379090577531031 ], [ -72.367538659477219, 42.380708008278589 ], [ -72.369022691290184, 42.382853604559841 ], [ -72.368666486547625, 42.383395493669632 ], [ -72.370525380035204, 42.386347037318501 ], [ -72.369107908040704, 42.389053745966784 ], [ -72.369178317093031, 42.39417559513064 ], [ -72.370677570909336, 42.397399446065045 ], [ -72.372154662980023, 42.399005852665049 ], [ -72.371809546798247, 42.400356460619996 ], [ -72.37366536007174, 42.403038371653395 ], [ -72.373683988936151, 42.404386222134043 ], [ -72.376260026229573, 42.406523424136658 ], [ -72.376286185757564, 42.408410412538011 ], [ -72.377028662729273, 42.409483149820375 ], [ -72.378123699529482, 42.409744398640939 ], [ -72.37740739479338, 42.410558655669632 ], [ -72.377429847942309, 42.41217607257115 ], [ -72.378168643058117, 42.412979232163977 ], [ -72.375997147020072, 42.413804572428283 ], [ -72.374931902382826, 42.415699858466439 ], [ -72.374601676443859, 42.418128746070344 ], [ -72.376461868759691, 42.421080169579497 ], [ -72.376116724081797, 42.422430783325431 ], [ -72.377219465489546, 42.423231177481476 ], [ -72.376878065923449, 42.424851361427102 ], [ -72.378734813679742, 42.427533174954931 ], [ -72.37912118391796, 42.429147807075537 ], [ -72.379139936856461, 42.430495648196505 ], [ -72.378412167141249, 42.430501202933144 ], [ -72.377335484210548, 42.431587799220345 ], [ -72.377706864626177, 42.432124162103172 ], [ -72.376990300809567, 42.432938412123676 ], [ -72.377012751234446, 42.434555820326551 ], [ -72.378854790494103, 42.436159354190885 ], [ -72.378884789816709, 42.438315896119562 ], [ -72.379995353211427, 42.439655395766287 ], [ -72.379278733470116, 42.440469658514935 ], [ -72.379668950338953, 42.442353851047876 ], [ -72.378948545177579, 42.442898543868466 ], [ -72.379706488230454, 42.445049523870296 ], [ -72.378607083671127, 42.444518725101908 ], [ -72.377860422157354, 42.443176439793405 ], [ -72.378205642895068, 42.441825827698146 ], [ -72.377102564429052, 42.441025446640197 ], [ -72.378164423937818, 42.438860584580489 ], [ -72.375200677530671, 42.435108800954566 ], [ -72.375545911043062, 42.433758194137212 ], [ -72.374806906307882, 42.432955021760606 ], [ -72.374079107885748, 42.432960549105758 ], [ -72.374424353634126, 42.431609944937847 ], [ -72.372950165943607, 42.430273148444662 ], [ -72.372567669029593, 42.428928064569199 ], [ -72.372905477253653, 42.427038326416046 ], [ -72.372159143393361, 42.425695998364127 ], [ -72.37359221281298, 42.424067550952437 ], [ -72.372485780898359, 42.422997553336373 ], [ -72.371758096950174, 42.423003066023966 ], [ -72.371383103522462, 42.422197113794283 ], [ -72.372463450439014, 42.421380139687756 ], [ -72.372808667452873, 42.420029536551986 ], [ -72.371702319497587, 42.418959530359437 ], [ -72.370974681975227, 42.418965038100467 ], [ -72.370956106593312, 42.417617191878968 ], [ -72.368027104775123, 42.416291329264773 ], [ -72.366534929775327, 42.413606597665996 ], [ -72.366843259602035, 42.409560311239979 ], [ -72.364241616607657, 42.40553590847081 ], [ -72.364226874245333, 42.404457627198703 ], [ -72.363492038212598, 42.403923946922433 ], [ -72.363844719148005, 42.403112505990656 ], [ -72.363106221338029, 42.402309252587479 ], [ -72.362378774720113, 42.402314706016661 ], [ -72.362334646713819, 42.399079858190042 ], [ -72.358264356737251, 42.393987918504813 ], [ -72.358587762723772, 42.391019921172102 ], [ -72.356718331430883, 42.387259472921308 ], [ -72.357423672204888, 42.385636625010335 ], [ -72.357041775570195, 42.38429147529385 ], [ -72.357754388270607, 42.383207768117842 ], [ -72.357714166486687, 42.380242476215138 ], [ -72.356594163931518, 42.378094026074891 ], [ -72.35692852515318, 42.37593473974038 ], [ -72.35544506600074, 42.373788984079972 ], [ -72.353616352133258, 42.372993770159532 ], [ -72.352133074329927, 42.370847970353559 ], [ -72.352376726082753, 42.361949364278999 ], [ -72.351991448938392, 42.360334617092043 ], [ -72.350890123199591, 42.359533969592313 ], [ -72.35084298680124, 42.356029511880067 ], [ -72.349738129619823, 42.354959278748353 ], [ -72.350061736085195, 42.35199127904766 ], [ -72.348222877225012, 42.350387253154018 ], [ -72.347474360320604, 42.348775166976274 ], [ -72.347420200166283, 42.344731550449289 ], [ -72.345574414260042, 42.342588330312154 ], [ -72.345538391190189, 42.339892582118722 ], [ -72.34652029675793, 42.331797306720034 ], [ -72.346106520420349, 42.32802592518059 ], [ -72.347192803089115, 42.327748321920865 ], [ -72.349332781512686, 42.324766904277425 ], [ -72.349321929291932, 42.32395817723733 ], [ -72.353263425133605, 42.319884944524695 ], [ -72.353216186872345, 42.316380457667961 ], [ -72.349536853591303, 42.31290287593395 ], [ -72.347350375292592, 42.31237981265231 ], [ -72.345911954680744, 42.313468821709719 ], [ -72.34593356867741, 42.315086279874613 ], [ -72.342700448288937, 42.317806059560965 ], [ -72.340204293700907, 42.321329166515845 ], [ -72.339107369375512, 42.320797975571438 ], [ -72.338384428072885, 42.321072853625672 ], [ -72.33691357595545, 42.319735562098252 ], [ -72.3340040237712, 42.319487109998605 ], [ -72.33040336499208, 42.321939600270809 ], [ -72.330445807250626, 42.325174516043717 ], [ -72.328643517318028, 42.326265930117025 ], [ -72.328696462006945, 42.330309571565593 ], [ -72.327976893666104, 42.330853959554716 ], [ -72.327666462269846, 42.33490021380419 ], [ -72.324777329728164, 42.336268983217835 ], [ -72.324784356806177, 42.336808134692646 ], [ -72.322981637907077, 42.337899457264662 ], [ -72.32263230098286, 42.338980360550366 ], [ -72.320469611123144, 42.340343818230885 ], [ -72.319774305071178, 42.342775182603731 ], [ -72.31796435995625, 42.343327274134658 ], [ -72.316888122592118, 42.344413326851836 ], [ -72.316936850404034, 42.348187382500655 ], [ -72.317670646301437, 42.348721366747391 ], [ -72.317317676415911, 42.349532676145053 ], [ -72.318079377026152, 42.352223258453115 ], [ -72.317726392844662, 42.353034568478364 ], [ -72.318837653189973, 42.354644259273869 ], [ -72.31885858904694, 42.356261708075891 ], [ -72.31996993488913, 42.357871386776381 ], [ -72.32143081392077, 42.358400160462132 ], [ -72.322923279175811, 42.361355085085179 ], [ -72.320064289772489, 42.365149895589511 ], [ -72.319368695455665, 42.367581244142791 ], [ -72.319826562863994, 42.374857146993705 ], [ -72.319113394413293, 42.375940621220415 ], [ -72.31914481975403, 42.378366782479382 ], [ -72.320997753854755, 42.381049556001415 ], [ -72.32114127423884, 42.392102042002605 ], [ -72.320431431943121, 42.393455092492935 ], [ -72.320459418157512, 42.395611671287327 ], [ -72.321204299039138, 42.396954343896532 ], [ -72.31976699945659, 42.398312577329506 ], [ -72.3197285497358, 42.39534728285016 ], [ -72.318249386584668, 42.393470629799843 ], [ -72.317154879314998, 42.393208810412695 ], [ -72.315350420594939, 42.394299999476559 ], [ -72.31541995732799, 42.399691446416476 ], [ -72.314349661961671, 42.401316605650294 ], [ -72.314377444178191, 42.40347318193065 ], [ -72.31511186020883, 42.404007175765472 ], [ -72.315884561840335, 42.407506454182652 ], [ -72.316619037463468, 42.408040437888594 ], [ -72.316754885595671, 42.418553717215843 ], [ -72.316051614168174, 42.420445873820015 ], [ -72.313882522698336, 42.421539611365425 ], [ -72.31316872553063, 42.422623036837386 ], [ -72.313189538814996, 42.424240461108887 ], [ -72.314662321227047, 42.425578024392948 ], [ -72.31721630761443, 42.426099113858633 ], [ -72.317954500020022, 42.426902657022779 ], [ -72.32087944060055, 42.427960219889208 ], [ -72.320536570981332, 42.429580234541007 ], [ -72.31981580189418, 42.430124559037431 ], [ -72.320984513412981, 42.436047317274685 ], [ -72.320260174594154, 42.436322074071839 ], [ -72.319553313473079, 42.43794467432199 ], [ -72.319570798216645, 42.439292521898224 ], [ -72.320676619115915, 42.440363023574726 ], [ -72.320687124653176, 42.441171731587779 ], [ -72.318888345563579, 42.442802101960133 ], [ -72.319633749471095, 42.444144769419751 ], [ -72.319280271639599, 42.444956066671317 ], [ -72.320015211370418, 42.445490023831766 ], [ -72.319675722346702, 42.447379597824934 ], [ -72.318576781923738, 42.446848226429481 ], [ -72.317824388751674, 42.44496641478451 ], [ -72.315990606228127, 42.443901047110344 ], [ -72.315612719938173, 42.442825348199499 ], [ -72.311584932228143, 42.44096664699029 ], [ -72.310136053740052, 42.441516037081648 ], [ -72.309421966617933, 42.442599434010205 ], [ -72.308371487058139, 42.44584193709381 ], [ -72.309106344883375, 42.446375963746831 ], [ -72.309865407338592, 42.448796969960974 ], [ -72.30951523270079, 42.449877805352855 ], [ -72.310253605023973, 42.450681393162903 ], [ -72.310981613004287, 42.450676269267355 ], [ -72.311369855539184, 42.452560687817531 ], [ -72.313581721413414, 42.45470183065715 ], [ -72.315041307936568, 42.454961104761928 ], [ -72.316483482797111, 42.453872517677432 ], [ -72.318678097257035, 42.454665719530354 ], [ -72.320123702868173, 42.453846655313235 ], [ -72.321247313159901, 42.456264989384373 ], [ -72.321268344407855, 42.457882398695837 ], [ -72.320179709712491, 42.458159748515605 ], [ -72.319826160457339, 42.458971044584146 ], [ -72.320561267887612, 42.459504996377518 ], [ -72.320596293081678, 42.462200676185446 ], [ -72.321334950466408, 42.463004190445034 ], [ -72.319164488788729, 42.464098015950846 ], [ -72.318821378976082, 42.465718010860819 ], [ -72.318100182654874, 42.466262319695176 ], [ -72.317004414434578, 42.466000503547363 ], [ -72.315558490151318, 42.466819526084137 ], [ -72.315229193463011, 42.469517779458556 ], [ -72.314497491572595, 42.469253362599801 ], [ -72.311962579364774, 42.470349624287479 ], [ -72.309764047362449, 42.469286729931575 ], [ -72.308321404639443, 42.470375228605697 ], [ -72.308709688903775, 42.472259646676875 ], [ -72.307631094875305, 42.473345579395925 ], [ -72.309517432198831, 42.478454580774802 ], [ -72.307349681761963, 42.479817746337787 ], [ -72.308091826964642, 42.480890908857269 ], [ -72.308820183454969, 42.480885798664261 ], [ -72.30738415413127, 42.482513416038799 ], [ -72.307806977997032, 42.487093497687567 ], [ -72.305638893980159, 42.488456627994012 ], [ -72.305652655240181, 42.489534893871131 ], [ -72.306391442244916, 42.490338498248626 ], [ -72.307119907878501, 42.490333398815579 ], [ -72.307865622728656, 42.491676126082332 ], [ -72.306772901082027, 42.491683780572622 ], [ -72.303841811601686, 42.490356310004344 ], [ -72.304556534696218, 42.489272960912032 ], [ -72.303450130428075, 42.488202317823387 ], [ -72.304886390580975, 42.486574751895354 ], [ -72.304845149407811, 42.483339950559483 ], [ -72.303738844217634, 42.482269308578758 ], [ -72.304446607992489, 42.480646823681674 ], [ -72.302612014925145, 42.479581252682067 ], [ -72.300086730099281, 42.481485951498961 ], [ -72.299024888618163, 42.483919636252764 ], [ -72.299052183699402, 42.48607617183918 ], [ -72.300165309743448, 42.487685991234244 ], [ -72.299453943122259, 42.489038880204468 ], [ -72.295447459468221, 42.489066603617438 ], [ -72.293980383930347, 42.488267949812574 ], [ -72.292537035312435, 42.489356245458268 ], [ -72.295488222804849, 42.492301403434496 ], [ -72.298412407565834, 42.493089953017204 ], [ -72.296975832248236, 42.494717435463038 ], [ -72.296652400389263, 42.497954748266224 ], [ -72.295549375643759, 42.497153597953009 ], [ -72.296257516809902, 42.495531169708443 ], [ -72.295518798049116, 42.49472750147649 ], [ -72.294790280775388, 42.49473252757609 ], [ -72.294412451472397, 42.493656773169043 ], [ -72.290759794292299, 42.492873122846973 ], [ -72.28967379451413, 42.493419748445611 ], [ -72.289680539269398, 42.493958881661172 ], [ -72.28750510167778, 42.494782535309639 ], [ -72.286074920900646, 42.496949014060824 ], [ -72.286105136571933, 42.499375111597999 ], [ -72.282806503156252, 42.497780026251426 ] ], [ [ -72.300569542527455, 42.347224105517249 ], [ -72.303082611156995, 42.344780183076622 ], [ -72.304141961661998, 42.342346379781347 ], [ -72.304097426972049, 42.338841890173185 ], [ -72.302620048155433, 42.336965012341146 ], [ -72.301156408268611, 42.336166420772166 ], [ -72.297529744765072, 42.336730837620749 ], [ -72.295023555191278, 42.339713795903798 ], [ -72.29506420064061, 42.342948712096067 ], [ -72.296188275975211, 42.345636929779978 ], [ -72.297662267877513, 42.347244310791837 ], [ -72.299122715064456, 42.347773369073039 ], [ -72.300569542527455, 42.347224105517249 ] ], [ [ -72.306474247164786, 42.382769869887774 ], [ -72.307544431016922, 42.381144776881044 ], [ -72.307801282152084, 42.372785435467485 ], [ -72.305578742333765, 42.36956584238812 ], [ -72.303750777833756, 42.368769835113206 ], [ -72.301206046962363, 42.368787589033033 ], [ -72.299762140498032, 42.369606432479308 ], [ -72.299065716733878, 42.372037655733344 ], [ -72.298345418650754, 42.372581853196181 ], [ -72.298437306619434, 42.379860355299606 ], [ -72.301393907989137, 42.383614162687785 ], [ -72.302855226374703, 42.384143169234044 ], [ -72.306474247164786, 42.382769869887774 ] ], [ [ -72.30049415967818, 42.398717853116324 ], [ -72.301921624146587, 42.396551142298286 ], [ -72.301897689025225, 42.394664132427934 ], [ -72.302978462997004, 42.393847805307473 ], [ -72.302933956519539, 42.390343355932742 ], [ -72.301448575012074, 42.38792733821586 ], [ -72.29779853697427, 42.386874316935405 ], [ -72.295630281476178, 42.387967719242788 ], [ -72.294206181366363, 42.390403929763124 ], [ -72.293512698233855, 42.393104680999542 ], [ -72.293570219623945, 42.39768742368728 ], [ -72.295772775988354, 42.39928979140808 ], [ -72.297227610547267, 42.399279721957612 ], [ -72.297961832987966, 42.399813825748346 ], [ -72.30049415967818, 42.398717853116324 ] ], [ [ -72.289458297118827, 42.417935370420871 ], [ -72.290532885814528, 42.416580021021822 ], [ -72.290152225947082, 42.415234659510936 ], [ -72.288686931106298, 42.414435923481932 ], [ -72.286507508400646, 42.414720430826428 ], [ -72.285789967377909, 42.415534116263466 ], [ -72.286544411227723, 42.417685722527835 ], [ -72.28764257516859, 42.418217403346667 ], [ -72.289458297118827, 42.417935370420871 ] ], [ [ -72.29697590532578, 42.465871211560668 ], [ -72.298418640699651, 42.464782853703106 ], [ -72.298769087888658, 42.463702056133727 ], [ -72.300572398767329, 42.462341577118558 ], [ -72.302025261583324, 42.462061878693483 ], [ -72.303464393443093, 42.460703888050155 ], [ -72.303797577519418, 42.458275230931321 ], [ -72.303062626136125, 42.457741172003921 ], [ -72.302678025446937, 42.456126296774848 ], [ -72.301211623592948, 42.455327728241755 ], [ -72.302252356971877, 42.451276590713988 ], [ -72.302194156951714, 42.446693911930915 ], [ -72.301081701502639, 42.445084095246706 ], [ -72.299982957438843, 42.444552546138169 ], [ -72.297795737801806, 42.44429812570641 ], [ -72.296710633957005, 42.444844824420521 ], [ -72.294162836710569, 42.444862422237513 ], [ -72.294156058944139, 42.444323282488106 ], [ -72.292326075291285, 42.443527107824572 ], [ -72.289350368416549, 42.438425269290391 ], [ -72.287523976357619, 42.437898587627203 ], [ -72.285721082195977, 42.439258870724089 ], [ -72.285764668315949, 42.442763285419495 ], [ -72.28468283510901, 42.443579441207518 ], [ -72.285788139768101, 42.444650276676583 ], [ -72.286262831275508, 42.453543596147505 ], [ -72.287765986016879, 42.457307617666977 ], [ -72.291093019963867, 42.461328698076791 ], [ -72.292229178339085, 42.464825584981725 ], [ -72.294430651051201, 42.466158383551104 ], [ -72.29697590532578, 42.465871211560668 ] ], [ [ -72.295420286231234, 42.486910068869307 ], [ -72.294674892381693, 42.48556725941107 ], [ -72.293214681946566, 42.485307729274126 ], [ -72.292128833565599, 42.485854379091975 ], [ -72.291774768752617, 42.486665583229914 ], [ -72.292880948071215, 42.487736338828043 ], [ -72.293976993481678, 42.487998382936446 ], [ -72.295420286231234, 42.486910068869307 ] ], [ [ -72.289636864370607, 42.40310640122528 ], [ -72.290714569065187, 42.402020618134209 ], [ -72.29069770986888, 42.400672754107696 ], [ -72.289963538826541, 42.400138604082187 ], [ -72.289202457514634, 42.397447865081134 ], [ -72.288094559820877, 42.396107476951862 ], [ -72.286272753334089, 42.395850343304119 ], [ -72.283750320845783, 42.397754723507617 ], [ -72.283773715461763, 42.399641735740467 ], [ -72.285258696692452, 42.402057974950353 ], [ -72.286727016256521, 42.403126329793537 ], [ -72.289636864370607, 42.40310640122528 ] ], [ [ -72.285337037269471, 42.437643930159048 ], [ -72.288235022632392, 42.436545754678725 ], [ -72.289299851148613, 42.434381710829832 ], [ -72.289283013496146, 42.433033857109301 ], [ -72.28854511412105, 42.432230131364243 ], [ -72.288818146024056, 42.42494921902837 ], [ -72.287335849397039, 42.422802610516115 ], [ -72.284785590486905, 42.422550429439063 ], [ -72.285483120217876, 42.42011932146719 ], [ -72.286204070844192, 42.419575210613715 ], [ -72.286183949708359, 42.417957779717703 ], [ -72.283967610305183, 42.415276947312684 ], [ -72.284264509299618, 42.409883023549604 ], [ -72.283523602378111, 42.408809688611996 ], [ -72.283470140332682, 42.404496525785916 ], [ -72.282355568001734, 42.402616938798758 ], [ -72.280523611854292, 42.401550995499861 ], [ -72.280143255493712, 42.400205596082387 ], [ -72.280864024981298, 42.399661516085906 ], [ -72.280850706082205, 42.398583223152229 ], [ -72.280113316011892, 42.397779436717812 ], [ -72.280837387637433, 42.397504929943473 ], [ -72.282972840006437, 42.393716074560366 ], [ -72.282572458571622, 42.390753238798368 ], [ -72.283313137757276, 42.391826584428664 ], [ -72.285141511507319, 42.392622912247873 ], [ -72.286953154238688, 42.392071343571054 ], [ -72.288737861974496, 42.389363157887992 ], [ -72.288694147884925, 42.385858699398923 ], [ -72.287586464013856, 42.3845183027587 ], [ -72.286822317600979, 42.381557964095236 ], [ -72.283539832130202, 42.380771575789332 ], [ -72.280657633088936, 42.382947944896749 ], [ -72.282929442434281, 42.390211617436719 ], [ -72.282202128408926, 42.390216564094722 ], [ -72.282188788679875, 42.389138268933202 ], [ -72.280714213557317, 42.387530704790713 ], [ -72.27995700271093, 42.385109470868699 ], [ -72.278862798825358, 42.384847286778019 ], [ -72.278856157941931, 42.384308138367061 ], [ -72.277391722431531, 42.383509252739564 ], [ -72.275213314830495, 42.383793548304318 ], [ -72.274138954963803, 42.385148765159073 ], [ -72.273834709650416, 42.390003546229288 ], [ -72.273110693528622, 42.390278009423632 ], [ -72.272046053698972, 42.392441926409013 ], [ -72.272442658877068, 42.395135223887884 ], [ -72.270614372442253, 42.394338694768528 ], [ -72.268812356671674, 42.395698727369108 ], [ -72.268887762354495, 42.401898920136134 ], [ -72.267806410603612, 42.402714925459925 ], [ -72.267101850348439, 42.404606789886536 ], [ -72.265253776688908, 42.402192737089379 ], [ -72.26307141664671, 42.402207228048255 ], [ -72.261993234033227, 42.403292752176242 ], [ -72.262009481884888, 42.404640619496355 ], [ -72.264948766946262, 42.407047475235416 ], [ -72.266760999229078, 42.406496226356559 ], [ -72.267468863663154, 42.404873938123764 ], [ -72.267154195584411, 42.408919960123519 ], [ -72.268274980361781, 42.41133883714312 ], [ -72.265728525938073, 42.411355806035907 ], [ -72.263932436392068, 42.413254902300508 ], [ -72.264364689354082, 42.418913512283716 ], [ -72.265098862111103, 42.419447823197451 ], [ -72.265115180352069, 42.420795684866377 ], [ -72.26584938131974, 42.421329990750571 ], [ -72.26698015172758, 42.424557589302104 ], [ -72.268074993888902, 42.424819883923924 ], [ -72.268815826115514, 42.425893314146379 ], [ -72.271369446841106, 42.426415420529189 ], [ -72.27320856657964, 42.428020646375607 ], [ -72.27395612726275, 42.429633185675669 ], [ -72.277247663646236, 42.43095898084097 ], [ -72.276546384248974, 42.433120461331988 ], [ -72.277667957871728, 42.435539232685663 ], [ -72.279140251542159, 42.436877246560691 ], [ -72.281701072189776, 42.437938263934939 ], [ -72.285337037269471, 42.437643930159048 ] ], [ [ -72.267773367193598, 42.429944174744051 ], [ -72.266291668344167, 42.427797297956737 ], [ -72.264829646675054, 42.42726783253989 ], [ -72.26338718942543, 42.428355779868255 ], [ -72.263046099124978, 42.430245194521284 ], [ -72.26488511887591, 42.431850551812836 ], [ -72.267773367193598, 42.429944174744051 ] ], [ [ -72.273264647145368, 42.432603360744835 ], [ -72.274707031280158, 42.431515290806324 ], [ -72.273966033062337, 42.430441899968393 ], [ -72.272507181628058, 42.430182103819618 ], [ -72.269969823711079, 42.431007880778999 ], [ -72.269615781757139, 42.431819028093344 ], [ -72.270353435531462, 42.432622875209653 ], [ -72.273264647145368, 42.432603360744835 ] ], [ [ -72.265389430912776, 42.443439694228175 ], [ -72.266097744501096, 42.441817428996217 ], [ -72.267192882111502, 42.442079730895102 ], [ -72.268638866963443, 42.441261310409885 ], [ -72.270783107278973, 42.43801186338986 ], [ -72.270746932281341, 42.43504658137627 ], [ -72.270012530511494, 42.434512308516481 ], [ -72.269996104258411, 42.433164452053362 ], [ -72.268160193681254, 42.431828748400612 ], [ -72.259472018874078, 42.435660686163693 ], [ -72.25658971518753, 42.438105995113197 ], [ -72.256966568221259, 42.439181888701114 ], [ -72.259530350713106, 42.440512969702198 ], [ -72.261005623396883, 42.442120784811465 ], [ -72.260293931316795, 42.443473447682081 ], [ -72.26066763348777, 42.444279756861263 ], [ -72.261766041888848, 42.4448116810401 ], [ -72.265389430912776, 42.443439694228175 ] ] ], [ [ [ -72.319770495064617, 42.398582149451855 ], [ -72.319791469338767, 42.400199581824495 ], [ -72.319057058014508, 42.399665617371852 ], [ -72.319770495064617, 42.398582149451855 ] ] ], [ [ [ -72.308305803260723, 42.497604024055022 ], [ -72.306460319574313, 42.495729821430231 ], [ -72.308992891649083, 42.494364122073051 ], [ -72.310134096268555, 42.49813036801897 ], [ -72.308305803260723, 42.497604024055022 ] ] ], [ [ [ -72.308714978533246, 42.501105822186354 ], [ -72.308708070425226, 42.500566691120589 ], [ -72.310879967358417, 42.499473073010996 ], [ -72.311629336697379, 42.501085338133947 ], [ -72.308714978533246, 42.501105822186354 ] ] ], [ [ [ -72.293839893501314, 42.506061830399091 ], [ -72.293101082266602, 42.505258148926146 ], [ -72.294919283934092, 42.50497603613362 ], [ -72.296356145785182, 42.503348583759006 ], [ -72.295617334270432, 42.50254491782951 ], [ -72.29596803909979, 42.501464139436123 ], [ -72.296703439583311, 42.501998237552996 ], [ -72.296737469345999, 42.504693894642642 ], [ -72.296008837125768, 42.504698928431395 ], [ -72.29529039561362, 42.505512654487404 ], [ -72.295668310860123, 42.506588402620586 ], [ -72.293839893501314, 42.506061830399091 ] ] ], [ [ [ -72.290915164848244, 42.505273167519888 ], [ -72.290564352321965, 42.506353929437502 ], [ -72.289474746654804, 42.50663098555701 ], [ -72.289096936724832, 42.505555217135068 ], [ -72.290915164848244, 42.505273167519888 ] ] ], [ [ [ -72.295668310860123, 42.506588402620586 ], [ -72.297500165239626, 42.507384511171622 ], [ -72.297524011623892, 42.509271468451523 ], [ -72.29643778824375, 42.509818155393312 ], [ -72.296444592537568, 42.510357285852749 ], [ -72.295709096835253, 42.509823187280759 ], [ -72.295668310860123, 42.506588402620586 ] ] ], [ [ [ -72.291043560495197, 42.515516651491978 ], [ -72.290662292924708, 42.514171325694349 ], [ -72.291762170669841, 42.514702954095974 ], [ -72.292143464902111, 42.516048276062598 ], [ -72.291043560495197, 42.515516651491978 ] ] ], [ [ [ -72.236951336981136, 42.377035506873916 ], [ -72.237302348314287, 42.375954873632757 ], [ -72.238038939710066, 42.376758938353632 ], [ -72.240226737944681, 42.377284073526383 ], [ -72.240242515193529, 42.378631952040841 ], [ -72.236951336981136, 42.377035506873916 ] ] ], [ [ [ -72.253077366985295, 42.387714914063949 ], [ -72.253083788418763, 42.388254063513031 ], [ -72.252353286991024, 42.387989246785551 ], [ -72.253077366985295, 42.387714914063949 ] ] ], [ [ [ -72.223847416870157, 42.407582903213807 ], [ -72.222740727692255, 42.406241889492883 ], [ -72.223828895088047, 42.405965457204033 ], [ -72.223816547759867, 42.404887159517259 ], [ -72.22708093732021, 42.404057800952685 ], [ -72.22779289628096, 42.402705330498094 ], [ -72.228880980706066, 42.402428850212281 ], [ -72.230643543028336, 42.397564975069386 ], [ -72.232449556065461, 42.396475115670036 ], [ -72.233907464943613, 42.396735421443758 ], [ -72.234628592660428, 42.396191630659217 ], [ -72.236807609712841, 42.39590810436848 ], [ -72.23789239138236, 42.395361963741969 ], [ -72.238243488376014, 42.394281332210092 ], [ -72.239698216527202, 42.394271990022538 ], [ -72.239729757640546, 42.396967736164875 ], [ -72.23718073117405, 42.39671449900483 ], [ -72.232483912646998, 42.399440436973833 ], [ -72.231060238524321, 42.402145433170013 ], [ -72.231082061919196, 42.404032453799374 ], [ -72.232192011884408, 42.405642962202435 ], [ -72.231103886617007, 42.405919473581008 ], [ -72.230752602928675, 42.407000080359005 ], [ -72.23002820516362, 42.407274271337592 ], [ -72.228927607524142, 42.406472465421118 ], [ -72.227839453699147, 42.40674894588237 ], [ -72.226042356891952, 42.408647452825711 ], [ -72.226054742925285, 42.409725749308691 ], [ -72.22424824102788, 42.410815504922496 ], [ -72.223847416870157, 42.407582903213807 ] ] ], [ [ [ -72.230786885621669, 42.409965394782731 ], [ -72.230771302180656, 42.408617524851124 ], [ -72.23186571789914, 42.408880164795555 ], [ -72.234032662632359, 42.407518395758949 ], [ -72.234042054180961, 42.408327117716432 ], [ -72.232963268708062, 42.409412368245313 ], [ -72.233712711778765, 42.411294749714038 ], [ -72.232621371209305, 42.411301701298548 ], [ -72.230786885621669, 42.409965394782731 ] ] ], [ [ [ -72.222891789882382, 42.419451014075783 ], [ -72.222151813285208, 42.418377286825006 ], [ -72.221057273484661, 42.418114555115793 ], [ -72.222105611178605, 42.414333680381866 ], [ -72.220631976764054, 42.412725356207538 ], [ -72.222447839408304, 42.412444379949093 ], [ -72.223526857169276, 42.41135922877055 ], [ -72.223906075433987, 42.412704811444797 ], [ -72.222854789221998, 42.41621613031203 ], [ -72.223588579633059, 42.416750706242418 ], [ -72.223970919645041, 42.418365860562702 ], [ -72.226166236244879, 42.419430405063167 ], [ -72.224717109677059, 42.419978723074109 ], [ -72.222891789882382, 42.419451014075783 ] ] ], [ [ [ -72.235619460238141, 42.418831198290555 ], [ -72.236707788050495, 42.418554645074884 ], [ -72.238172521188375, 42.419354041832896 ], [ -72.238178818683679, 42.419893188065551 ], [ -72.236365953036724, 42.42044398509956 ], [ -72.235619460238141, 42.418831198290555 ] ] ], [ [ [ -72.211352463923291, 42.428689036782885 ], [ -72.21062773335747, 42.428963104218347 ], [ -72.211695091391221, 42.426799774896821 ], [ -72.210221431242744, 42.425191322303419 ], [ -72.212040735896167, 42.425180084584966 ], [ -72.213484004380376, 42.424092779899162 ], [ -72.213104939692371, 42.422747166593652 ], [ -72.212007324560389, 42.422214775503676 ], [ -72.215633550327126, 42.421113920498158 ], [ -72.217107253139886, 42.422722305407312 ], [ -72.215661025382261, 42.42354008241827 ], [ -72.213872221297748, 42.426247111606955 ], [ -72.213902676606665, 42.428942844084766 ], [ -72.212450185997753, 42.429221433276467 ], [ -72.211352463923291, 42.428689036782885 ] ] ], [ [ [ -72.2891576109905, 42.51040739788484 ], [ -72.289903180846423, 42.511750234159678 ], [ -72.288806739822149, 42.511488152962293 ], [ -72.2891576109905, 42.51040739788484 ] ] ] ] } },
{ "type": "Feature", "properties": { "stage": 11, "pool_ft": 520.0, "pct": 83.0 }, "geometry": { "type": "MultiPolygon", "coordinates": [ [ [ [ -72.290679181688205, 42.515519150959875 ], [ -72.290270913800839, 42.512017302422429 ], [ -72.288084761578304, 42.512032267320684 ], [ -72.288067929159709, 42.510684440405853 ], [ -72.288796631119766, 42.51067945681708 ], [ -72.289515215184096, 42.5098657723629 ], [ -72.289478118873788, 42.506900551232057 ], [ -72.288361559168976, 42.505021071000805 ], [ -72.292733376719383, 42.504991089205554 ], [ -72.295276807905964, 42.504434391951328 ], [ -72.295617334270432, 42.50254491782951 ], [ -72.294881936608164, 42.502010812861556 ], [ -72.294864961710971, 42.500662983321504 ], [ -72.295212272634529, 42.499312640641435 ], [ -72.295940842739014, 42.499307611880496 ], [ -72.295917047447773, 42.497420649249172 ], [ -72.294817435855563, 42.496889058023726 ], [ -72.294810646911557, 42.496349925527944 ], [ -72.295539182851044, 42.496344899301718 ], [ -72.295522195443553, 42.494997067829061 ], [ -72.294061763385713, 42.494737549070905 ], [ -72.294048198984726, 42.493659283298705 ], [ -72.29185930175538, 42.493404753347527 ], [ -72.290038045793082, 42.49341725214051 ], [ -72.29005154164048, 42.494495518452474 ], [ -72.288230253849648, 42.4945079886757 ], [ -72.287882819998828, 42.495858312036098 ], [ -72.286796743946567, 42.496404910093936 ], [ -72.286486217626262, 42.500720457808271 ], [ -72.28500892629134, 42.499112993412531 ], [ -72.2835517887317, 42.499122908134638 ], [ -72.283541749337715, 42.498314208853238 ], [ -72.281356070142607, 42.498329046211296 ], [ -72.281349396023543, 42.497789913135371 ], [ -72.279892288434795, 42.497799781599348 ], [ -72.281306017028598, 42.494285546253472 ], [ -72.281232617393229, 42.488355071793613 ], [ -72.277908108876275, 42.484603302240835 ], [ -72.278232433450427, 42.481366030742933 ], [ -72.278586642536311, 42.480554867098817 ], [ -72.279314997495618, 42.480549943400277 ], [ -72.279649215186794, 42.478121368607134 ], [ -72.279552693887837, 42.470303888706525 ], [ -72.278824457127328, 42.470308813920902 ], [ -72.278804508837553, 42.468691402185335 ], [ -72.277328162308152, 42.467083825898939 ], [ -72.276556868144198, 42.463584340386824 ], [ -72.27796005472895, 42.459261406750322 ], [ -72.277920210419552, 42.456026573193974 ], [ -72.277549537082166, 42.455489892020864 ], [ -72.274637271935916, 42.455509514696942 ], [ -72.274263325000916, 42.454703253129544 ], [ -72.272072562422593, 42.454178775029767 ], [ -72.272065972208054, 42.45363963525763 ], [ -72.270245858960905, 42.453651821413608 ], [ -72.268071556238539, 42.454475116803465 ], [ -72.267359876277553, 42.455827819147984 ], [ -72.26518872691571, 42.456920629491684 ], [ -72.26520179073222, 42.457998908851692 ], [ -72.264473694740715, 42.458003743372778 ], [ -72.264493272657575, 42.459621161979349 ], [ -72.263404358917413, 42.459897975047767 ], [ -72.263414134351549, 42.46070668413644 ], [ -72.262321943293529, 42.460713917237918 ], [ -72.262360991594477, 42.463948752284665 ], [ -72.26348582851864, 42.466637212337602 ], [ -72.258749315457081, 42.466398914478987 ], [ -72.258014650596451, 42.465864569309964 ], [ -72.25799847225305, 42.464516721746428 ], [ -72.258726643826634, 42.464511928161684 ], [ -72.258697496578193, 42.462085801554217 ], [ -72.259409432584278, 42.460733154882618 ], [ -72.259019450511431, 42.458578995499963 ], [ -72.259718369827695, 42.456148065445468 ], [ -72.259676219519093, 42.452643652792972 ], [ -72.258931989957347, 42.451300600445656 ], [ -72.256735013718725, 42.450236689207237 ], [ -72.256670429704712, 42.444845274160215 ], [ -72.25448659425598, 42.444859602193333 ], [ -72.2544769355585, 42.444050889126281 ], [ -72.25629677520638, 42.444038952124849 ], [ -72.256280639103295, 42.442691096900006 ], [ -72.25482479849876, 42.442700648601139 ], [ -72.25445439955935, 42.442163891333379 ], [ -72.252995357721261, 42.441903848723179 ], [ -72.252972866739597, 42.440016849633821 ], [ -72.252232138090434, 42.438943321208043 ], [ -72.252573598733747, 42.437053942647537 ], [ -72.253662166207093, 42.436777230382084 ], [ -72.253646088161801, 42.435429372363302 ], [ -72.255092096273515, 42.434611120639737 ], [ -72.255079209820707, 42.433532833845113 ], [ -72.256889058577016, 42.432712172163754 ], [ -72.256879370987534, 42.431903456868199 ], [ -72.258334962508727, 42.431893879169863 ], [ -72.258325256538981, 42.4310851638337 ], [ -72.259053042819886, 42.431080368144514 ], [ -72.258669729185314, 42.429465335468912 ], [ -72.261561304894187, 42.427828685140369 ], [ -72.26224677944893, 42.424319432670764 ], [ -72.261460601687048, 42.419471946793593 ], [ -72.260365879627017, 42.419209588931956 ], [ -72.259992329546222, 42.418403273816487 ], [ -72.25780940853916, 42.418417664943149 ], [ -72.257030102234054, 42.414109287802432 ], [ -72.255925818952193, 42.413038168393236 ], [ -72.254467443400372, 42.412778142581246 ], [ -72.253717364668731, 42.410895896970054 ], [ -72.252259047630773, 42.410635843044659 ], [ -72.252246214395242, 42.409557549666573 ], [ -72.253337522662164, 42.409550412009409 ], [ -72.253688434411956, 42.408469736994022 ], [ -72.254415960654697, 42.40846497058827 ], [ -72.254757191384684, 42.406575571581634 ], [ -72.255484695746247, 42.406570798418301 ], [ -72.255471808312706, 42.405492504356808 ], [ -72.256199300155529, 42.40548772667529 ], [ -72.257972774729367, 42.401701731940605 ], [ -72.260151876921, 42.401417763994061 ], [ -72.261217075017825, 42.399253961628844 ], [ -72.262304953780088, 42.398977165134745 ], [ -72.263012848369584, 42.397354901428344 ], [ -72.264100686591433, 42.397078087835219 ], [ -72.264808513840109, 42.395455812359742 ], [ -72.264769382616777, 42.392220924027328 ], [ -72.263295178519456, 42.390613137834386 ], [ -72.260015756087199, 42.390095654349075 ], [ -72.259639143727171, 42.389019758067334 ], [ -72.257820888245604, 42.389031748056468 ], [ -72.257830581308866, 42.389840471558927 ], [ -72.253093420774277, 42.389062787559411 ], [ -72.251989641601341, 42.387991624055921 ], [ -72.251970405696994, 42.386374175224027 ], [ -72.249785392004227, 42.38611883942788 ], [ -72.249807768689578, 42.388005863543022 ], [ -72.248369139362339, 42.389363207607168 ], [ -72.24840742971972, 42.392598103614255 ], [ -72.24728136502047, 42.389639872983352 ], [ -72.246180855566948, 42.388838228742991 ], [ -72.243998952140331, 42.388852358076321 ], [ -72.243281157728362, 42.389665783408851 ], [ -72.240011413503666, 42.389956454380105 ], [ -72.240024034106469, 42.391034754094335 ], [ -72.239296707349368, 42.391039429550048 ], [ -72.239306163781578, 42.391848154216007 ], [ -72.238215159490792, 42.391855158867777 ], [ -72.237506690239115, 42.393477272054795 ], [ -72.237465812793602, 42.389972798086909 ], [ -72.236371701078056, 42.389710210223711 ], [ -72.237099012761078, 42.389705553255354 ], [ -72.237086442305525, 42.388627252887595 ], [ -72.239271491379441, 42.388882829692605 ], [ -72.239255732271715, 42.387534954230098 ], [ -72.237070729839004, 42.387279377046333 ], [ -72.23705816034807, 42.386201076068502 ], [ -72.238512702780582, 42.386191748849306 ], [ -72.238870038235646, 42.385650263678968 ], [ -72.238854288490671, 42.384302387152424 ], [ -72.237399789568144, 42.384311718694271 ], [ -72.236659977833995, 42.383238075809885 ], [ -72.237368354091728, 42.381615963985055 ], [ -72.238471774292634, 42.382687269314552 ], [ -72.240653466231493, 42.382673244773883 ], [ -72.240979175153257, 42.379435997442656 ], [ -72.238421406996082, 42.378374059830321 ], [ -72.238415111567079, 42.377834908343111 ], [ -72.236960761326813, 42.377844234347734 ], [ -72.236214756191941, 42.376231435240101 ], [ -72.236941912876489, 42.376226779249805 ], [ -72.236932489012858, 42.375418051475528 ], [ -72.237659636292477, 42.375413390947642 ], [ -72.238035793692845, 42.376489362508288 ], [ -72.23985369228113, 42.37647768513839 ], [ -72.239859999839211, 42.377016836714233 ], [ -72.240950747967716, 42.377009816444279 ], [ -72.241737987650666, 42.382127066215858 ], [ -72.244286444351189, 42.382380203294481 ], [ -72.244659581361461, 42.383186576214541 ], [ -72.24684128914673, 42.383172434337155 ], [ -72.246831737646119, 42.382363708667611 ], [ -72.247558964057717, 42.382358985574378 ], [ -72.247530283123652, 42.379932807836468 ], [ -72.248617889406177, 42.379656139487508 ], [ -72.248605124541967, 42.378577837886532 ], [ -72.257331310254557, 42.37852072283885 ], [ -72.25768844122706, 42.377979178280235 ], [ -72.260230313174304, 42.377692811987551 ], [ -72.266054214578048, 42.378193370939954 ], [ -72.265330299902274, 42.378467785924911 ], [ -72.265346612501574, 42.379815660572589 ], [ -72.266083605403352, 42.380619544971836 ], [ -72.265356400394921, 42.38062438515999 ], [ -72.264648753214288, 42.382246669594771 ], [ -72.264674832022749, 42.384403267109903 ], [ -72.266171791411935, 42.387898058890222 ], [ -72.268717301018953, 42.387881080107682 ], [ -72.268707469017073, 42.387072357161053 ], [ -72.269795105406672, 42.386795489073833 ], [ -72.270142326266367, 42.385445183732763 ], [ -72.269703222767291, 42.379247401297093 ], [ -72.2682455698327, 42.378987547990619 ], [ -72.26787215687105, 42.378181250817605 ], [ -72.268589504608443, 42.377367669960094 ], [ -72.268199723911081, 42.37521349836075 ], [ -72.269283879461511, 42.374667059234547 ], [ -72.269274042268961, 42.373858333880136 ], [ -72.274727491364786, 42.373821734660481 ], [ -72.274734095951032, 42.374360884605906 ], [ -72.272552698475977, 42.374375555440842 ], [ -72.272202298254257, 42.375456296536882 ], [ -72.271475153085206, 42.37546117540677 ], [ -72.271517905792393, 42.378965648758594 ], [ -72.273352352589285, 42.380301315655728 ], [ -72.276991667105946, 42.380546390556482 ], [ -72.277712239641119, 42.38000232781107 ], [ -72.277665828056129, 42.37622828285344 ], [ -72.275461228217651, 42.374355985135274 ], [ -72.277639309637365, 42.374071684264528 ], [ -72.277626051106154, 42.372993384570336 ], [ -72.27835316742626, 42.372988466818391 ], [ -72.278703448871468, 42.371907706382743 ], [ -72.278673578013652, 42.36948153078081 ], [ -72.279400653880103, 42.369476606403744 ], [ -72.279750897978374, 42.368395841917945 ], [ -72.280477961280738, 42.368390910730035 ], [ -72.281171730004374, 42.365690222770624 ], [ -72.28189876209629, 42.365685282598804 ], [ -72.282612452297755, 42.364602036665964 ], [ -72.282585770108653, 42.36244543354627 ], [ -72.283652884147799, 42.360550979780989 ], [ -72.283199280473724, 42.353274910214743 ], [ -72.284629655187103, 42.351377967592512 ], [ -72.284946264001391, 42.347601420868237 ], [ -72.287379438894362, 42.338688003212681 ], [ -72.288452726413851, 42.337332648645237 ], [ -72.288775756831654, 42.334095233771912 ], [ -72.289495699159517, 42.333551091600349 ], [ -72.28948224710436, 42.332472783608161 ], [ -72.290568854240547, 42.332195715773821 ], [ -72.291618359577583, 42.328953289724858 ], [ -72.292704896937963, 42.328676201490786 ], [ -72.29232134481029, 42.327061243052086 ], [ -72.293407846612652, 42.326784148061478 ], [ -72.293727189194541, 42.323277134519891 ], [ -72.294810234742584, 42.322730448591955 ], [ -72.294793309451236, 42.32138256122753 ], [ -72.29587970295907, 42.321105442537856 ], [ -72.296226007030427, 42.319755038900645 ], [ -72.296952510345875, 42.319750003523005 ], [ -72.296555334672703, 42.317056745498448 ], [ -72.295818694869837, 42.316253045118486 ], [ -72.293995773839129, 42.315726451362679 ], [ -72.293605508160866, 42.313572336854868 ], [ -72.292505734605129, 42.31277112234185 ], [ -72.29249898509326, 42.312231966176633 ], [ -72.293945057766479, 42.311682781789216 ], [ -72.293934915329373, 42.31087404746156 ], [ -72.294661316913107, 42.310869026556851 ], [ -72.294634246939125, 42.308712401181289 ], [ -72.293541302654987, 42.308450352291331 ], [ -72.293164606268618, 42.307374546496789 ], [ -72.294250766539975, 42.307097442389441 ], [ -72.294240620932484, 42.306288707317719 ], [ -72.294966969884157, 42.306283684476014 ], [ -72.295303053523114, 42.304124544062638 ], [ -72.296022598969188, 42.303580357576536 ], [ -72.295598465727835, 42.298730457668846 ], [ -72.300672071907471, 42.297886405337223 ], [ -72.301761449952679, 42.297878808360636 ], [ -72.302861081963826, 42.298679936764508 ], [ -72.304676734207931, 42.298667234808548 ], [ -72.305019300728233, 42.297047219805165 ], [ -72.307191153706313, 42.29649277603648 ], [ -72.307588652769738, 42.299186008786485 ], [ -72.30906529738823, 42.30106283773199 ], [ -72.308753803479831, 42.30510906620723 ], [ -72.307664301875235, 42.305116729469944 ], [ -72.307688375017307, 42.307003775427667 ], [ -72.308805460121661, 42.309152734723256 ], [ -72.309531840764905, 42.309147619820124 ], [ -72.30953873500107, 42.309686775321012 ], [ -72.311721351222118, 42.309940980596686 ], [ -72.316439404001258, 42.309637954332331 ], [ -72.318992215239717, 42.310428595489682 ], [ -72.326622870983755, 42.310643561090394 ], [ -72.326636951005199, 42.311721869622737 ], [ -72.329581443563811, 42.314666277855324 ], [ -72.333576874204567, 42.314637366810494 ], [ -72.337176994721162, 42.312184773362979 ], [ -72.343333546249852, 42.310791742999001 ], [ -72.345487533714703, 42.308888693395666 ], [ -72.348741762253624, 42.307786290345625 ], [ -72.348328010509945, 42.304014897728308 ], [ -72.347594474225161, 42.303481104070457 ], [ -72.34720967480844, 42.301866320575826 ], [ -72.344649664234879, 42.300537150586223 ], [ -72.345350749273848, 42.29864476870862 ], [ -72.363173411276563, 42.300669085308819 ], [ -72.364281227987576, 42.302008778249345 ], [ -72.366108025598479, 42.302803834869671 ], [ -72.36648962334209, 42.30414897845467 ], [ -72.369057639015537, 42.306016813016825 ], [ -72.369079841776511, 42.307634269281124 ], [ -72.37017308419172, 42.307895599669415 ], [ -72.370573334032841, 42.310588607449027 ], [ -72.369858054096071, 42.311402835546787 ], [ -72.369554098092479, 42.315718794647644 ], [ -72.368835047046517, 42.316263440013913 ], [ -72.368182534484049, 42.321660437549191 ], [ -72.367463404140594, 42.322205073651205 ], [ -72.367133379390083, 42.324633991275086 ], [ -72.367222026657188, 42.331103789132868 ], [ -72.368326763015659, 42.332173859845163 ], [ -72.368345257318666, 42.333521732774194 ], [ -72.3679708375617, 42.332715752919569 ], [ -72.366880868130863, 42.332723977596523 ], [ -72.365045827586627, 42.331389788742868 ], [ -72.364667779356665, 42.330314222930973 ], [ -72.36212461241827, 42.330333324704711 ], [ -72.361768644211992, 42.330875198789236 ], [ -72.360678705676818, 42.330883364664189 ], [ -72.36070436935205, 42.33277038889328 ], [ -72.359273035721969, 42.334398709969932 ], [ -72.359324283621589, 42.338172755421404 ], [ -72.360840045634717, 42.342744646946009 ], [ -72.361276813910166, 42.348133407157057 ], [ -72.362378072631728, 42.348933957211955 ], [ -72.361669596621823, 42.350287275184982 ], [ -72.361713656590084, 42.353522159324342 ], [ -72.360986770820915, 42.353527604013941 ], [ -72.361045474900592, 42.357840779598703 ], [ -72.362172618415457, 42.360528342570845 ], [ -72.36219833868256, 42.362415354192258 ], [ -72.362929004023385, 42.362679474855199 ], [ -72.364430876940631, 42.366173003260158 ], [ -72.364118921218221, 42.369949751552248 ], [ -72.364508251360334, 42.371834026991422 ], [ -72.365242723128404, 42.372367704754637 ], [ -72.365264851619543, 42.373985138425063 ], [ -72.365999354753228, 42.374518811096138 ], [ -72.366774511688021, 42.378017771274209 ], [ -72.368251051910889, 42.379624235202193 ], [ -72.368273259885129, 42.381241665609821 ], [ -72.369007872691512, 42.381775318184964 ], [ -72.369401127693877, 42.383929143469061 ], [ -72.370506823812121, 42.384999180636584 ], [ -72.370525380035204, 42.386347037318501 ], [ -72.371616273309755, 42.386338778181077 ], [ -72.370532802745956, 42.386886179872704 ], [ -72.370547648547159, 42.38796446477761 ], [ -72.369827784494589, 42.388509107658514 ], [ -72.369913087819995, 42.3947092403249 ], [ -72.372518366843764, 42.399003095627286 ], [ -72.372544411574978, 42.40089008823773 ], [ -72.373271840917397, 42.400884570551597 ], [ -72.373294184819983, 42.402501991976756 ], [ -72.374400271690703, 42.403571987082493 ], [ -72.374418916382211, 42.404919837273773 ], [ -72.375513863347066, 42.405181111206701 ], [ -72.375525064598023, 42.405989820956592 ], [ -72.376991260155663, 42.406787452772562 ], [ -72.377021181959336, 42.408944010550293 ], [ -72.378487464921406, 42.40974162274555 ], [ -72.378539921203512, 42.413515594780627 ], [ -72.376360935872995, 42.413801803256298 ], [ -72.375336771444537, 42.418662353595494 ], [ -72.37682195925197, 42.420807830061733 ], [ -72.377613258346784, 42.425384953546349 ], [ -72.378719818881066, 42.426454901260605 ], [ -72.378734813679742, 42.427533174954931 ], [ -72.379462549183742, 42.42752761817497 ], [ -72.379860198963442, 42.429950952511824 ], [ -72.379507573901989, 42.430762437261926 ], [ -72.37805577432168, 42.431043114969384 ], [ -72.377748057715067, 42.435089410317623 ], [ -72.37884729098343, 42.435620218528108 ], [ -72.378854790494103, 42.436159354190885 ], [ -72.379582625344355, 42.436153796664023 ], [ -72.379620155868878, 42.438849473660618 ], [ -72.38035929074006, 42.439652613975682 ], [ -72.38039685648296, 42.442348288383215 ], [ -72.379668950338953, 42.442353851047876 ], [ -72.37969147268943, 42.443971254959955 ], [ -72.380426911385527, 42.444504826600031 ], [ -72.380441939606328, 42.445583095270976 ], [ -72.378622080833239, 42.445596994006351 ], [ -72.377860422157354, 42.443176439793405 ], [ -72.377132506248415, 42.443181986424712 ], [ -72.37747025414555, 42.441292241517871 ], [ -72.376010727593098, 42.441033757681062 ], [ -72.377098821845351, 42.440755879085359 ], [ -72.377429070050681, 42.438326997744838 ], [ -72.376701209975934, 42.438332541656536 ], [ -72.376682506736472, 42.436984702737092 ], [ -72.375954662059769, 42.436990241931831 ], [ -72.37594344981423, 42.436181538293503 ], [ -72.37521188007868, 42.435917504879178 ], [ -72.374810638651468, 42.433224589909159 ], [ -72.373355035470496, 42.433235640045609 ], [ -72.373689115711869, 42.431076333266596 ], [ -72.37259372756759, 42.430815043603467 ], [ -72.372214956025118, 42.429739527185305 ], [ -72.371795285884176, 42.425698754248728 ], [ -72.372147981724112, 42.424887292118228 ], [ -72.372875687335437, 42.424881776968704 ], [ -72.372857069669038, 42.423533932985443 ], [ -72.371397972127241, 42.423275389556999 ], [ -72.371022981676376, 42.422469436207571 ], [ -72.372095897711361, 42.421113327521944 ], [ -72.372073577895819, 42.419495913059727 ], [ -72.370614576786295, 42.419237359449156 ], [ -72.370592295542721, 42.417619943966947 ], [ -72.368405724454178, 42.417366862971363 ], [ -72.368027104775123, 42.416291329264773 ], [ -72.367295798344259, 42.416027244278482 ], [ -72.367281001429262, 42.414948966099708 ], [ -72.366549713647828, 42.414684876288305 ], [ -72.366534929775327, 42.413606597665996 ], [ -72.365807353429048, 42.413612072752279 ], [ -72.366108342158768, 42.409026648316306 ], [ -72.365377127793323, 42.408762550681068 ], [ -72.364987544304256, 42.406878294355579 ], [ -72.364256359472961, 42.406614189465067 ], [ -72.363109901977438, 42.402578823104527 ], [ -72.361655002412732, 42.402589725410586 ], [ -72.361599889162946, 42.398546165154876 ], [ -72.360868814850733, 42.398282038223243 ], [ -72.360854131705096, 42.397203754673271 ], [ -72.359388362023523, 42.396405915497304 ], [ -72.358264356737251, 42.393987918504813 ], [ -72.35753334906731, 42.393723770101523 ], [ -72.357853130462217, 42.390486203208127 ], [ -72.356365647466745, 42.388070895026431 ], [ -72.357034468188402, 42.383752331552628 ], [ -72.3561940821224, 42.37540100932749 ], [ -72.355092440819149, 42.374600404794705 ], [ -72.355081506398847, 42.373791687175043 ], [ -72.353252797024453, 42.372996467475573 ], [ -72.35176953149211, 42.370850662983131 ], [ -72.351642483833075, 42.361415603119262 ], [ -72.350145052911799, 42.358191477722428 ], [ -72.350108826197939, 42.355495740224328 ], [ -72.34900399075795, 42.354425499912544 ], [ -72.349327628932699, 42.351457501927086 ], [ -72.347121772328791, 42.349586567800607 ], [ -72.346351656479882, 42.346357027502464 ], [ -72.346686199523546, 42.344197755614125 ], [ -72.344840454048878, 42.342054523444411 ], [ -72.345800864834501, 42.332341806093211 ], [ -72.345376325349989, 42.327761695648654 ], [ -72.346829507602706, 42.327750998962784 ], [ -72.347530828905576, 42.325858614558506 ], [ -72.348613453694867, 42.325311422070612 ], [ -72.34859176772548, 42.323693967901868 ], [ -72.349681584011009, 42.323685916616185 ], [ -72.351098422854761, 42.320979408093763 ], [ -72.352188192084256, 42.320971333037001 ], [ -72.352544186606849, 42.320429487479451 ], [ -72.352111981567845, 42.315310238171818 ], [ -72.34954047125089, 42.313172452251166 ], [ -72.346631171172604, 42.312924319462539 ], [ -72.346300395507782, 42.315353181953078 ], [ -72.344854693455531, 42.315903024615295 ], [ -72.344869085208586, 42.316981329701619 ], [ -72.3430636868748, 42.317803395563267 ], [ -72.34200265774443, 42.319967993891836 ], [ -72.340916485834427, 42.320245548563406 ], [ -72.340970209546953, 42.324289189499979 ], [ -72.340243657727896, 42.324294503107033 ], [ -72.339841034762316, 42.321331821474466 ], [ -72.338387998703453, 42.321342429828242 ], [ -72.337647210526697, 42.320269422124461 ], [ -72.336553888768677, 42.320007782993095 ], [ -72.333284624103072, 42.320031532464419 ], [ -72.332935561728576, 42.321112471185238 ], [ -72.331845787642465, 42.321120363699265 ], [ -72.330766627812338, 42.321936975140055 ], [ -72.331172369989346, 42.325169264369372 ], [ -72.329363027765538, 42.325721537421288 ], [ -72.329416017969024, 42.329765179008788 ], [ -72.328696462006945, 42.330309571565593 ], [ -72.328043908989557, 42.335975900138074 ], [ -72.325140675035215, 42.336266375875937 ], [ -72.325151220340103, 42.33707510303153 ], [ -72.323344992649737, 42.337896855598913 ], [ -72.323359022880027, 42.338975158279823 ], [ -72.320832980004653, 42.340341224505678 ], [ -72.320853962132318, 42.341958678031567 ], [ -72.320130699794618, 42.342233440017935 ], [ -72.320141182062372, 42.343042166583182 ], [ -72.31905102871265, 42.343049937749505 ], [ -72.317607940524638, 42.343869009875867 ], [ -72.318460251626547, 42.353568547115188 ], [ -72.318837653189973, 42.354644259273869 ], [ -72.319564555329279, 42.354639081006304 ], [ -72.319592494820625, 42.356795679104899 ], [ -72.320322917286049, 42.357060070735827 ], [ -72.320333404467803, 42.35786879464024 ], [ -72.321794286477626, 42.358397563709254 ], [ -72.321801290590173, 42.358936712744878 ], [ -72.322528241809266, 42.358931515749212 ], [ -72.322542262782733, 42.360009813537253 ], [ -72.323276243133805, 42.360543760611435 ], [ -72.322587834247855, 42.363514279540048 ], [ -72.321497328382421, 42.363522073867095 ], [ -72.320088755694371, 42.367036914438849 ], [ -72.320546702000073, 42.374312815321517 ], [ -72.319833552024747, 42.375396294147215 ], [ -72.319878984474371, 42.378900749015848 ], [ -72.320997753854755, 42.381049556001415 ], [ -72.321728462336907, 42.381313937255449 ], [ -72.321151777700436, 42.392910759369684 ], [ -72.321193794233949, 42.396145627299497 ], [ -72.321931687447773, 42.396949150718228 ], [ -72.321204299039138, 42.396954343896532 ], [ -72.321214804113097, 42.397763060339081 ], [ -72.320487406281217, 42.397768248985052 ], [ -72.320511897455845, 42.39965525356854 ], [ -72.320158679653204, 42.400466562268072 ], [ -72.319431250627915, 42.400471744235041 ], [ -72.318693348079663, 42.399668205448997 ], [ -72.31899419530734, 42.394813317387531 ], [ -72.318252875454348, 42.393740202274273 ], [ -72.316434495751764, 42.393753118476596 ], [ -72.315714099784827, 42.394297421961326 ], [ -72.316140417292971, 42.399147145461981 ], [ -72.315070149662802, 42.400772311604804 ], [ -72.31511186020883, 42.404007175765472 ], [ -72.315846288647194, 42.404541164846215 ], [ -72.315863685108027, 42.405889023895966 ], [ -72.316591176765229, 42.40588386448551 ], [ -72.316982795656386, 42.408037856372232 ], [ -72.317129160677439, 42.419359847931403 ], [ -72.31678624158333, 42.42097985480104 ], [ -72.314967077818181, 42.4209927477376 ], [ -72.313889466312034, 42.422078752958868 ], [ -72.313924186157692, 42.424774459861851 ], [ -72.317944031826059, 42.426093945922815 ], [ -72.318682233424965, 42.426897484422 ], [ -72.320501566415615, 42.426884532795526 ], [ -72.320512067471753, 42.427693243506646 ], [ -72.321243313287695, 42.42795762492046 ], [ -72.321264335011634, 42.429575045622713 ], [ -72.320536570981332, 42.429580234541007 ], [ -72.320578580402781, 42.43281507427379 ], [ -72.321313389886171, 42.433349024754669 ], [ -72.321715857892897, 42.436311695145477 ], [ -72.320624095463671, 42.43631948106546 ], [ -72.320274174033756, 42.437400352515546 ], [ -72.320305674520071, 42.439826477956672 ], [ -72.321037059906544, 42.440090859891718 ], [ -72.321415022198565, 42.441166541732251 ], [ -72.320687124653176, 42.441171731587779 ], [ -72.320697630459392, 42.441980439437522 ], [ -72.319609267278636, 42.442257784971694 ], [ -72.320015211370418, 42.445490023831766 ], [ -72.320743158727907, 42.445484838228687 ], [ -72.320753665968738, 42.446293545204732 ], [ -72.319675722346702, 42.447379597824934 ], [ -72.32008520259933, 42.450881400998831 ], [ -72.318989692965829, 42.450619602711861 ], [ -72.318944258269795, 42.447115207723328 ], [ -72.31821280031572, 42.446850812958658 ], [ -72.317460417955203, 42.444968998937085 ], [ -72.315259197850864, 42.443636633374943 ], [ -72.314881325596332, 42.442560931993391 ], [ -72.313061540009855, 42.44257379475529 ], [ -72.313051131853015, 42.441765086331394 ], [ -72.310500004941758, 42.44151347607481 ], [ -72.310156795605806, 42.443133454392033 ], [ -72.309078723737954, 42.44421940867683 ], [ -72.309106344883375, 42.446375963746831 ], [ -72.309837759221637, 42.446640416377669 ], [ -72.310250147146363, 42.450411824168079 ], [ -72.311713084986621, 42.450940709703659 ], [ -72.312104816879113, 42.453094694438327 ], [ -72.312832852523556, 42.453089558844702 ], [ -72.313578249112012, 42.454432262035233 ], [ -72.315762401580599, 42.45441681351415 ], [ -72.316479998157362, 42.4536029490868 ], [ -72.317215014826033, 42.454136922958746 ], [ -72.319399156189391, 42.454121405475064 ], [ -72.320116702550408, 42.453307518330774 ], [ -72.320844739992964, 42.453302332096058 ], [ -72.320869263375911, 42.455189311059677 ], [ -72.321982401109466, 42.456798932474634 ], [ -72.321635896330093, 42.458149370659946 ], [ -72.320543756411752, 42.458157155777485 ], [ -72.321699025043245, 42.463001594059065 ], [ -72.321345468200064, 42.463812893791697 ], [ -72.319528569760507, 42.464095426425061 ], [ -72.319542562865337, 42.465173697436015 ], [ -72.318467769956172, 42.466529301198307 ], [ -72.315922586960852, 42.46681694795646 ], [ -72.315964384797653, 42.470051759148497 ], [ -72.313776217606033, 42.469797643871949 ], [ -72.313786639669217, 42.470606346498741 ], [ -72.311966045644326, 42.47061919186492 ], [ -72.311608856289894, 42.471160892605887 ], [ -72.311594997329465, 42.470082622290697 ], [ -72.309042732217762, 42.469830981564726 ], [ -72.309431034661543, 42.471715397468806 ], [ -72.309077271411667, 42.472526657729311 ], [ -72.30834901136194, 42.472531769558678 ], [ -72.308366266521077, 42.47387960704225 ], [ -72.309871223006468, 42.477643320406393 ], [ -72.309891969956396, 42.479260722916344 ], [ -72.308071125593003, 42.4792735067088 ], [ -72.308088376662383, 42.480621341880045 ], [ -72.309545083306134, 42.480611116933225 ], [ -72.309555452958364, 42.481419817678983 ], [ -72.308462909026986, 42.481427488212148 ], [ -72.308105628468311, 42.481969176575873 ], [ -72.308542311230354, 42.487627522300492 ], [ -72.306360451284817, 42.487912400304204 ], [ -72.306387998687271, 42.490068931887222 ], [ -72.30784492361586, 42.49005872845953 ], [ -72.307862172802871, 42.491406559859996 ], [ -72.308958344110124, 42.49166846123186 ], [ -72.308992891649083, 42.494364122073051 ], [ -72.310092578619773, 42.494895578412155 ], [ -72.310512220296388, 42.499206069593825 ], [ -72.311608538053605, 42.499467945219294 ], [ -72.311625870182738, 42.500815772696811 ], [ -72.313839435851946, 42.502956883801346 ], [ -72.313888103766459, 42.506730795053365 ], [ -72.311632803241636, 42.501354903551615 ], [ -72.308718432631508, 42.501375387690018 ], [ -72.307618644332962, 42.500843919154192 ], [ -72.307611745618274, 42.500304787985151 ], [ -72.30979402829982, 42.500019887220979 ], [ -72.309769818595612, 42.498132927831627 ], [ -72.307212979044266, 42.497611682706193 ], [ -72.307199189369058, 42.496533419315398 ], [ -72.305742114890364, 42.496543614561681 ], [ -72.306089170454968, 42.495193237642084 ], [ -72.307907024136554, 42.494910919246344 ], [ -72.308601009840274, 42.492210149677163 ], [ -72.30568361979411, 42.491960990970028 ], [ -72.305673298011669, 42.491152292110264 ], [ -72.304573713457472, 42.490620793082464 ], [ -72.30238830563988, 42.490636029285653 ], [ -72.302398585254224, 42.491444728549048 ], [ -72.3005773879392, 42.491457393888901 ], [ -72.301663259531466, 42.490910665272779 ], [ -72.30165298942407, 42.490101965830092 ], [ -72.303838378930507, 42.490086743568142 ], [ -72.303821216014413, 42.488738911098778 ], [ -72.30163587316315, 42.488754133041141 ], [ -72.303089339129428, 42.488474423111086 ], [ -72.304164835857861, 42.487118970546987 ], [ -72.304109897385416, 42.482805901757963 ], [ -72.303003614021534, 42.481735252569557 ], [ -72.30372854893001, 42.481460607490419 ], [ -72.303711390703398, 42.480112771962567 ], [ -72.301890520522193, 42.480125458087358 ], [ -72.30190421595006, 42.481203726760789 ], [ -72.300450912113845, 42.481483422277385 ], [ -72.299746451081788, 42.483375449328264 ], [ -72.299787431022622, 42.486610252453026 ], [ -72.300904005257834, 42.488489631176563 ], [ -72.299811337927565, 42.488497219669775 ], [ -72.299821584181473, 42.489305919617799 ], [ -72.299096542183818, 42.489580539553678 ], [ -72.293258715841986, 42.488812099933874 ], [ -72.293275653257382, 42.490159933939957 ], [ -72.294732582390296, 42.490149896271646 ], [ -72.294749551633956, 42.491497729586335 ], [ -72.295484825700569, 42.49203183688892 ], [ -72.296584358301828, 42.492563422431019 ], [ -72.299134080132845, 42.492545771237936 ], [ -72.299491497537645, 42.492004112195318 ], [ -72.299501740263267, 42.492812811424905 ], [ -72.298773245404675, 42.492817862702204 ], [ -72.298783479060575, 42.493626561821848 ], [ -72.297697535806506, 42.494173262912938 ], [ -72.297033697677932, 42.499300060104531 ], [ -72.295947641654976, 42.499846743886074 ], [ -72.29596803909979, 42.501464139436123 ], [ -72.297438852513238, 42.502532330902035 ], [ -72.2974592890412, 42.504149725028988 ], [ -72.297105190104602, 42.504960941612197 ], [ -72.296012237150052, 42.504968494054083 ], [ -72.296032637905668, 42.50658588737933 ], [ -72.297493352248907, 42.506845380343677 ], [ -72.297864496807918, 42.507381990141596 ], [ -72.297888354084947, 42.509268947347401 ], [ -72.296802133904407, 42.509815637722376 ], [ -72.295739689060653, 42.512249273918357 ], [ -72.295709096835253, 42.509823187280759 ], [ -72.294980405310596, 42.509828214562354 ], [ -72.295303983785558, 42.506590916710437 ], [ -72.294211002387797, 42.506598452071557 ], [ -72.293104469901252, 42.505527714594059 ], [ -72.290921921474762, 42.505812298962283 ], [ -72.290932056631007, 42.506620995979098 ], [ -72.29020340170058, 42.50662599307087 ], [ -72.290220278644242, 42.507973821145242 ], [ -72.291316664481087, 42.508235889147628 ], [ -72.291326805084992, 42.509044585603533 ], [ -72.290240531928248, 42.509591214186976 ], [ -72.290267537921864, 42.511747737141697 ], [ -72.291006389047482, 42.51255143537135 ], [ -72.291023284727018, 42.513899261177038 ], [ -72.292494304277767, 42.514967512162876 ], [ -72.292879002982886, 42.516582396483095 ], [ -72.291421463255517, 42.516592410644812 ], [ -72.291411320225521, 42.515783715845281 ], [ -72.290679181688205, 42.515519150959875 ] ], [ [ -72.317174920403431, 42.338480079480163 ], [ -72.318603942153359, 42.336582708263862 ], [ -72.31856907135024, 42.33388694824454 ], [ -72.320001440519633, 42.332259133958331 ], [ -72.321405745326359, 42.328474691293934 ], [ -72.32093754294408, 42.320389990256089 ], [ -72.319802391077715, 42.316893269069979 ], [ -72.318709201409689, 42.316631460010534 ], [ -72.317584684810285, 42.313943445882273 ], [ -72.319034066676494, 42.313663523290138 ], [ -72.319362390516417, 42.31096516118194 ], [ -72.317183188065641, 42.310980678527002 ], [ -72.316833900680265, 42.31206157038342 ], [ -72.312835163734917, 42.311820321861987 ], [ -72.312478877795584, 42.31236204534963 ], [ -72.311026043104746, 42.31237230781354 ], [ -72.309953662082421, 42.31372788027641 ], [ -72.310413509207251, 42.321273483313696 ], [ -72.311146938065662, 42.321807512291251 ], [ -72.311572417350902, 42.326657331323702 ], [ -72.312679596514499, 42.327997514232685 ], [ -72.311977209509777, 42.329889684976536 ], [ -72.310887281711999, 42.329897378759824 ], [ -72.31093218609729, 42.333401872503785 ], [ -72.312029092338037, 42.333933330883305 ], [ -72.312039469699315, 42.334742059639566 ], [ -72.313139872349311, 42.335543083456635 ], [ -72.314271521699496, 42.338770280579965 ], [ -72.317174920403431, 42.338480079480163 ] ], [ [ -72.301289532807559, 42.346679891046278 ], [ -72.30199242579134, 42.344787792500433 ], [ -72.302719216064247, 42.344782720699719 ], [ -72.303422045223257, 42.342890612629098 ], [ -72.303363860179189, 42.338307818163713 ], [ -72.301889931608898, 42.336700507114017 ], [ -72.297533142243537, 42.337000414158098 ], [ -72.295743507715244, 42.339169615268396 ], [ -72.295797751180757, 42.343482836519648 ], [ -72.29655167623477, 42.345634412798212 ], [ -72.29838908671401, 42.347239266364468 ], [ -72.301289532807559, 42.346679891046278 ] ], [ [ -72.305390274167223, 42.38331665844494 ], [ -72.306824102168079, 42.381689026299263 ], [ -72.307067290392581, 42.372251391116194 ], [ -72.305949149923634, 42.370102444380016 ], [ -72.304484701188017, 42.369303901047772 ], [ -72.300485804306831, 42.369331800299051 ], [ -72.299792820375743, 42.372032602461935 ], [ -72.299065716733878, 42.372037655733344 ], [ -72.299171313811087, 42.380394453785399 ], [ -72.301390491547807, 42.383344589073687 ], [ -72.305390274167223, 42.38331665844494 ] ], [ [ -72.299403043890663, 42.398725437900616 ], [ -72.300130454444769, 42.39872038252723 ], [ -72.300116807138238, 42.39764209161207 ], [ -72.301201071360282, 42.397095354561635 ], [ -72.301170325280751, 42.39466919897675 ], [ -72.302257950116811, 42.394392024532969 ], [ -72.302199802051788, 42.389809282681149 ], [ -72.301451991948639, 42.388196911542451 ], [ -72.299997413061007, 42.38820703442434 ], [ -72.299259900623596, 42.38740336874767 ], [ -72.29707805897489, 42.387418504609954 ], [ -72.295280200390224, 42.389048527213447 ], [ -72.294580002312856, 42.391210139144611 ], [ -72.294304392673112, 42.398221551011865 ], [ -72.295038578127844, 42.398755673585548 ], [ -72.297220811531105, 42.398740576433532 ], [ -72.297227610547267, 42.399279721957612 ], [ -72.299409861515599, 42.399264583297501 ], [ -72.299403043890663, 42.398725437900616 ] ], [ [ -72.289630129681285, 42.402567255741694 ], [ -72.289963538826541, 42.400138604082187 ], [ -72.289229380190548, 42.399604449305883 ], [ -72.289215918622986, 42.398526157331048 ], [ -72.288485147218495, 42.398261570657567 ], [ -72.288468336554956, 42.396913705111643 ], [ -72.288097920259631, 42.396377050157312 ], [ -72.285552073843689, 42.396394457662382 ], [ -72.284471031348829, 42.397210620606842 ], [ -72.28488158347912, 42.400982164352435 ], [ -72.286723661304976, 42.402856756976675 ], [ -72.289630129681285, 42.402567255741694 ] ], [ [ -72.289421257436629, 42.414970079833473 ], [ -72.28651086306003, 42.414990002887173 ], [ -72.286908226140994, 42.417683236065862 ], [ -72.289454929731377, 42.417665798637273 ], [ -72.289421257436629, 42.414970079833473 ] ], [ [ -72.29696910128925, 42.465332074837008 ], [ -72.298054554910564, 42.464785376512964 ], [ -72.298040928771073, 42.463707102819313 ], [ -72.2998510837391, 42.462885772168683 ], [ -72.299844255479755, 42.462346635204277 ], [ -72.302743122038493, 42.461248101435082 ], [ -72.303062626136125, 42.457741172003921 ], [ -72.302327687181744, 42.457207108315131 ], [ -72.302313989727764, 42.456128833051658 ], [ -72.300486977677281, 42.455602359329305 ], [ -72.301531182771939, 42.451820797807507 ], [ -72.301459353863038, 42.446159841217451 ], [ -72.300727980166613, 42.445895335346783 ], [ -72.300717729350438, 42.445086626485626 ], [ -72.299258429781702, 42.444827170239002 ], [ -72.29416961459269, 42.445401561914039 ], [ -72.293792090899089, 42.444325791839702 ], [ -72.291965491225085, 42.443799181394738 ], [ -72.28898643415873, 42.438427763457753 ], [ -72.28680282800903, 42.438442704308102 ], [ -72.286101792453763, 42.440604238993458 ], [ -72.28649594309266, 42.443027886517264 ], [ -72.285404060352789, 42.443035338496443 ], [ -72.285420817911088, 42.444383189446533 ], [ -72.286512723944981, 42.444375737310843 ], [ -72.286606709952324, 42.451923693321717 ], [ -72.287375058017332, 42.455153552532103 ], [ -72.288500803001, 42.457841774242304 ], [ -72.291827911871493, 42.461862832882431 ], [ -72.292593264591886, 42.464823080582335 ], [ -72.293695687143455, 42.465624265934835 ], [ -72.29696910128925, 42.465332074837008 ] ], [ [ -72.294678285679751, 42.485836826438501 ], [ -72.292493041097245, 42.485851875023137 ], [ -72.292509961371223, 42.487199710189195 ], [ -72.294698646076782, 42.48745422820113 ], [ -72.294678285679751, 42.485836826438501 ] ], [ [ -72.255227030585331, 42.385004864915146 ], [ -72.253048471889812, 42.385288740705171 ], [ -72.253447435276598, 42.388251682784805 ], [ -72.255629315847898, 42.388237374280273 ], [ -72.255227030585331, 42.385004864915146 ] ], [ [ -72.288017277638176, 42.38990728850866 ], [ -72.287960165765554, 42.385324534744498 ], [ -72.286852506809794, 42.383984130872676 ], [ -72.286458710519383, 42.381560450307184 ], [ -72.282819300968598, 42.381315674937468 ], [ -72.282105425680342, 42.382398918032635 ], [ -72.281378201448177, 42.38240385949134 ], [ -72.281404850875035, 42.384560453094721 ], [ -72.282512404446095, 42.38590090923168 ], [ -72.283306458192357, 42.391287437148456 ], [ -72.284407480878954, 42.392088725769767 ], [ -72.286589486701601, 42.392073830190363 ], [ -72.288017277638176, 42.38990728850866 ] ], [ [ -72.266367833025143, 42.404072489850321 ], [ -72.265257040051225, 42.402462310565888 ], [ -72.262714194915304, 42.402748786262421 ], [ -72.262743468966235, 42.405174947256306 ], [ -72.264214739481034, 42.406513161777141 ], [ -72.266397247920068, 42.406498649151217 ], [ -72.266367833025143, 42.404072489850321 ] ], [ [ -72.287510535736246, 42.43682030541413 ], [ -72.288578758233655, 42.434925839104444 ], [ -72.288548478403129, 42.432499702219104 ], [ -72.287810594609212, 42.431695971661405 ], [ -72.288083708832261, 42.424415060117347 ], [ -72.287339208018892, 42.423072182026651 ], [ -72.285519978130722, 42.423084609631424 ], [ -72.284421747470134, 42.422552909189641 ], [ -72.284762157177354, 42.42066342773397 ], [ -72.285483120217876, 42.42011932146719 ], [ -72.285449616025673, 42.417423603098705 ], [ -72.283603809127726, 42.415279424482499 ], [ -72.282735985955526, 42.403962330137325 ], [ -72.281991839618115, 42.402619410881428 ], [ -72.279792841868101, 42.401286353819287 ], [ -72.280116642507508, 42.398049010049306 ], [ -72.279385914704278, 42.397784365566366 ], [ -72.280473688605241, 42.397507397231031 ], [ -72.282252156445367, 42.394260168523942 ], [ -72.281831804532771, 42.389679888132214 ], [ -72.280714213557317, 42.387530704790713 ], [ -72.279983604806446, 42.38726606345282 ], [ -72.279593374938813, 42.385111935381076 ], [ -72.278866119309555, 42.385116860958142 ], [ -72.278125594200475, 42.38404348503375 ], [ -72.275216619701382, 42.384063122655128 ], [ -72.274562021876861, 42.389998652460676 ], [ -72.273474351262493, 42.390275565402348 ], [ -72.272766804357971, 42.391897896137856 ], [ -72.272816230261526, 42.395941503056676 ], [ -72.271711996875894, 42.394870530497158 ], [ -72.269533172283246, 42.395154717767127 ], [ -72.269608648012792, 42.401354910855027 ], [ -72.267816233511056, 42.403523645520245 ], [ -72.267888275845934, 42.409454254528605 ], [ -72.269009098190054, 42.411873124091251 ], [ -72.265731791798231, 42.411625378911609 ], [ -72.265741589545854, 42.412434097433795 ], [ -72.26465349421828, 42.412710925529005 ], [ -72.264715464533666, 42.41783280608535 ], [ -72.267344006963413, 42.42455516467556 ], [ -72.268438850592915, 42.424817455837399 ], [ -72.2688125463619, 42.425623742286696 ], [ -72.27099900283271, 42.425878714333372 ], [ -72.273572441515995, 42.42801820206666 ], [ -72.275054392909894, 42.430164985031809 ], [ -72.277972127925921, 42.43068449428209 ], [ -72.277280825087445, 42.433654692700607 ], [ -72.278402436309676, 42.436073456582086 ], [ -72.280966544182306, 42.437404061325047 ], [ -72.287510535736246, 42.43682030541413 ] ], [ [ -72.267055412068103, 42.430757740376556 ], [ -72.266665354337931, 42.428603590789443 ], [ -72.265927794399602, 42.427799719255461 ], [ -72.264108424258922, 42.42781180849915 ], [ -72.263780392394096, 42.430779512371082 ], [ -72.264150803818609, 42.4313162411486 ], [ -72.267055412068103, 42.430757740376556 ] ], [ [ -72.273985845422231, 42.432059328070466 ], [ -72.273969335051888, 42.43071147136353 ], [ -72.270333715974985, 42.431005446707601 ], [ -72.270350148868616, 42.432353303837459 ], [ -72.273985845422231, 42.432059328070466 ] ], [ [ -72.262844936996615, 42.443726169982298 ], [ -72.265025466836676, 42.443442112665991 ], [ -72.26572725496689, 42.44128070787287 ], [ -72.267914240850644, 42.44153573752542 ], [ -72.268265080915015, 42.440455026495307 ], [ -72.269353638243089, 42.440178166130259 ], [ -72.269333941923705, 42.438560740469811 ], [ -72.270061813475976, 42.438555875205076 ], [ -72.270012530511494, 42.434512308516481 ], [ -72.269278141161593, 42.43397803090253 ], [ -72.268894548597757, 42.432363033427009 ], [ -72.266711147352012, 42.432377593308956 ], [ -72.265265340834617, 42.433195991386086 ], [ -72.265271870888242, 42.43373513429021 ], [ -72.264180146267634, 42.433742385056391 ], [ -72.264186667117883, 42.434281527949516 ], [ -72.261645786188581, 42.434837549255036 ], [ -72.261294864097351, 42.435918241617095 ], [ -72.25947525929675, 42.435930257624783 ], [ -72.258393203545083, 42.436746167793459 ], [ -72.258402911254223, 42.437554881997002 ], [ -72.257311119846435, 42.437562067629628 ], [ -72.257330508061827, 42.439179495730272 ], [ -72.258058387660242, 42.439174706338001 ], [ -72.258064856830288, 42.439713848853359 ], [ -72.259520628117698, 42.439704256185784 ], [ -72.259900783098345, 42.441049710863069 ], [ -72.261740037438869, 42.442655114107666 ], [ -72.26101536537378, 42.442929497717174 ], [ -72.261031602556201, 42.444277352196522 ], [ -72.262851447482376, 42.444265311618345 ], [ -72.262844936996615, 42.443726169982298 ] ] ], [ [ [ -72.369523115515079, 42.41924560902234 ], [ -72.369170417457198, 42.420057064221602 ], [ -72.368795474509398, 42.419251102988703 ], [ -72.369523115515079, 42.41924560902234 ] ] ], [ [ [ -72.380494542419356, 42.449357033316168 ], [ -72.379766555520746, 42.44936259658828 ], [ -72.379751537929195, 42.448284328848054 ], [ -72.381226289880303, 42.449621032285108 ], [ -72.381237572144698, 42.450429732702396 ], [ -72.380494542419356, 42.449357033316168 ] ] ], [ [ [ -72.299855740257243, 42.492001584861775 ], [ -72.299848908808713, 42.491462451966946 ], [ -72.3005773879392, 42.491457393888901 ], [ -72.299855740257243, 42.492001584861775 ] ] ], [ [ [ -72.305783410660595, 42.499778404316551 ], [ -72.305776527738274, 42.499239272884878 ], [ -72.306505096148229, 42.499234177350232 ], [ -72.306511985293213, 42.499773308739087 ], [ -72.305783410660595, 42.499778404316551 ] ] ], [ [ [ -72.306518874555891, 42.500312440050216 ], [ -72.306511985293213, 42.499773308739087 ], [ -72.307604847021423, 42.499765656738305 ], [ -72.307611745618274, 42.500304787985151 ], [ -72.306518874555891, 42.500312440050216 ] ] ], [ [ [ -72.274313912912163, 42.399436179488767 ], [ -72.272501948877675, 42.399987548212927 ], [ -72.272488772535453, 42.398909254399435 ], [ -72.274313912912163, 42.399436179488767 ] ] ], [ [ [ -72.22252488039581, 42.419183724657103 ], [ -72.220693453606771, 42.418116833459635 ], [ -72.221371861371452, 42.413799094687953 ], [ -72.220274332001054, 42.413266781270238 ], [ -72.220265115876316, 42.412458059154048 ], [ -72.222444758110512, 42.412174805932835 ], [ -72.22243551437488, 42.411366083779249 ], [ -72.223163076264115, 42.411361514923151 ], [ -72.223477486779089, 42.407046041761937 ], [ -72.221291873758048, 42.406790166117787 ], [ -72.221282645559455, 42.405981442833337 ], [ -72.223465145234258, 42.405967744314211 ], [ -72.223082893132869, 42.404352583525402 ], [ -72.225629076595041, 42.40433655806342 ], [ -72.227077836673786, 42.403788226522451 ], [ -72.227065434352539, 42.40270992862861 ], [ -72.228517251385483, 42.402431153291325 ], [ -72.228859223565564, 42.400541828450898 ], [ -72.229934815517666, 42.399187039461594 ], [ -72.229916140455614, 42.397569591224396 ], [ -72.231728406372852, 42.397018892763214 ], [ -72.232446432899678, 42.396205540903139 ], [ -72.234628592660428, 42.396191630659217 ], [ -72.235349707972162, 42.395647835286461 ], [ -72.237528703048341, 42.395364295305122 ], [ -72.237876660060337, 42.394014090126142 ], [ -72.240058742983862, 42.394000076903652 ], [ -72.240466624729535, 42.397771781427835 ], [ -72.241194028852291, 42.397767098584282 ], [ -72.241203510561647, 42.398575821820458 ], [ -72.240106078518437, 42.398043695584121 ], [ -72.240096610927125, 42.397234972156447 ], [ -72.23645961944527, 42.39725830571544 ], [ -72.235014224563685, 42.398076330793181 ], [ -72.235020493005152, 42.398615479933291 ], [ -72.232847624615701, 42.399438121356731 ], [ -72.232508901276191, 42.401597032979005 ], [ -72.231781452445304, 42.40160166092025 ], [ -72.231815780472985, 42.404566978838282 ], [ -72.232922632841309, 42.405907905824307 ], [ -72.231467635915095, 42.405917162328898 ], [ -72.230768185572202, 42.408347950812598 ], [ -72.232587001732398, 42.408336388366848 ], [ -72.232577628798339, 42.407527666292538 ], [ -72.233668904213872, 42.40752071511681 ], [ -72.233656388727553, 42.406442418891253 ], [ -72.234750778773915, 42.406705031538912 ], [ -72.234763312981116, 42.407783327578002 ], [ -72.233684549172239, 42.408868585007674 ], [ -72.233709582493503, 42.411025175927549 ], [ -72.234437139636952, 42.411020535808809 ], [ -72.234446536881137, 42.411829257057413 ], [ -72.231896932251416, 42.41157590375736 ], [ -72.231884446191003, 42.410497608381924 ], [ -72.230429343462049, 42.410506851751165 ], [ -72.230059340356149, 42.409970011829792 ], [ -72.230395077248133, 42.407541537603635 ], [ -72.229661336181465, 42.407007003885134 ], [ -72.227842557738796, 42.407018520102667 ], [ -72.227491212189435, 42.408099116643363 ], [ -72.226763688164468, 42.408103712860893 ], [ -72.226421612437107, 42.409993028083775 ], [ -72.22424824102788, 42.410815504922496 ], [ -72.223570061788251, 42.415133263737061 ], [ -72.224334740838032, 42.418363571860723 ], [ -72.2265207664135, 42.418619389009002 ], [ -72.226900091986252, 42.419964959469731 ], [ -72.222534126418466, 42.419992445283242 ], [ -72.22252488039581, 42.419183724657103 ] ] ], [ [ [ -72.215948523478417, 42.416798478020318 ], [ -72.21559386786042, 42.417609461864856 ], [ -72.215220898481647, 42.41680300126778 ], [ -72.215948523478417, 42.416798478020318 ] ] ], [ [ [ -72.234888678576937, 42.418566272607556 ], [ -72.236340825341188, 42.418287399636505 ], [ -72.237074753863254, 42.418821889326267 ], [ -72.238893870291065, 42.418810227249431 ], [ -72.238906477588372, 42.419888519706852 ], [ -72.237454305355868, 42.42016742493422 ], [ -72.236736071035821, 42.420980803394592 ], [ -72.23564142552803, 42.420718210522253 ], [ -72.234888678576937, 42.418566272607556 ] ] ], [ [ [ -72.212450185997753, 42.429221433276467 ], [ -72.209902996505008, 42.429237167073545 ], [ -72.209893910785809, 42.428428447259037 ], [ -72.210982516432523, 42.428152137909329 ], [ -72.210961284910667, 42.426265124458098 ], [ -72.209499762596337, 42.425734956348123 ], [ -72.209490682541045, 42.424926235810851 ], [ -72.212762376346447, 42.424636434539629 ], [ -72.212741092859346, 42.422749419802003 ], [ -72.210921858305412, 42.42276066859484 ], [ -72.210915793061943, 42.422221521272959 ], [ -72.212007324560389, 42.422214775503676 ], [ -72.212362052047354, 42.421403803611916 ], [ -72.213817408289174, 42.421394788668074 ], [ -72.214175154366259, 42.420853384728844 ], [ -72.215994333435148, 42.420842084521844 ], [ -72.216370392356879, 42.421918115389232 ], [ -72.217825759868816, 42.421909049773838 ], [ -72.217834946155236, 42.422717770242663 ], [ -72.216024876663198, 42.423537819982052 ], [ -72.216037094684054, 42.424616113670055 ], [ -72.215309379679994, 42.424620637468536 ], [ -72.215321585701275, 42.425698930948464 ], [ -72.214593858176542, 42.425703450223047 ], [ -72.214630441487657, 42.428938329182515 ], [ -72.213541838248744, 42.429214672970019 ], [ -72.21354792656976, 42.429753819234833 ], [ -72.212450185997753, 42.429221433276467 ] ] ], [ [ [ -72.25879790208495, 42.47044245350105 ], [ -72.259896749822801, 42.470974391985827 ], [ -72.259555324870732, 42.472863776075314 ], [ -72.258827057048507, 42.4728685748874 ], [ -72.25879790208495, 42.47044245350105 ] ] ], [ [ [ -72.291154450156455, 42.49529672194096 ], [ -72.29042592596673, 42.495301720453917 ], [ -72.290419174701569, 42.494762587473474 ], [ -72.291154450156455, 42.49529672194096 ] ] ], [ [ [ -72.301617382380101, 42.515982795326316 ], [ -72.302352999885713, 42.516516855314634 ], [ -72.297616003894404, 42.516549723207525 ], [ -72.297244807526212, 42.516013113936687 ], [ -72.301617382380101, 42.515982795326316 ] ] ] ] } },
{ "type": "Feature", "properties": { "stage": 12, "pool_ft": 523.0, "pct": 91.0 }, "geometry": { "type": "MultiPolygon", "coordinates": [ [ [ [ -72.29502455437266, 42.513332561689843 ], [ -72.295348148551255, 42.510095266768523 ], [ -72.293890759045112, 42.510105312162217 ], [ -72.294616059504747, 42.509830726475975 ], [ -72.294966821970235, 42.508749953238627 ], [ -72.294943052241493, 42.506862995166223 ], [ -72.293850066088652, 42.506870527104773 ], [ -72.29274353495542, 42.505799786240878 ], [ -72.291650566953692, 42.505807297327898 ], [ -72.291299764052113, 42.506888061328681 ], [ -72.290571106067318, 42.506893060744268 ], [ -72.290581236901716, 42.507701757557427 ], [ -72.291677619510907, 42.507963822146145 ], [ -72.291694528298052, 42.509311649520114 ], [ -72.290608253729459, 42.509858281529148 ], [ -72.290628517562041, 42.51147567368227 ], [ -72.293611163079888, 42.516846947323181 ], [ -72.291060457762669, 42.516864476210337 ], [ -72.291050319315559, 42.516055781438737 ], [ -72.289575925757489, 42.51471794725984 ], [ -72.289909929520633, 42.512289364722406 ], [ -72.28845248848036, 42.512299341363146 ], [ -72.288098228030918, 42.513110528497812 ], [ -72.286998408909497, 42.512578864915255 ], [ -72.287720402773814, 42.512034757440141 ], [ -72.287703578136529, 42.510686930473028 ], [ -72.289147497964962, 42.509598701534927 ], [ -72.289117160443411, 42.507172611424416 ], [ -72.287626194060735, 42.504486920099104 ], [ -72.292365674284071, 42.504724028292976 ], [ -72.29454817856535, 42.504439416508021 ], [ -72.295266617429931, 42.503625694844047 ], [ -72.294521029436709, 42.502282890329411 ], [ -72.294497275471016, 42.500395928899565 ], [ -72.294847987538773, 42.499315153294972 ], [ -72.295573159842505, 42.499040560794086 ], [ -72.295556170984014, 42.497692730290311 ], [ -72.294456557691205, 42.49716113566047 ], [ -72.295161331133755, 42.495269147808784 ], [ -72.293700894264617, 42.495009624496802 ], [ -72.293687335969494, 42.493931358759724 ], [ -72.291498430760811, 42.493676821973423 ], [ -72.290405672517238, 42.49368432128071 ], [ -72.290415799112239, 42.494493020954273 ], [ -72.292240469404859, 42.494750082662094 ], [ -72.291161207758876, 42.495835854802088 ], [ -72.290065037948949, 42.495573784455296 ], [ -72.290054915674375, 42.49476508498217 ], [ -72.288236986391794, 42.495047121820512 ], [ -72.288250451821099, 42.496125387878095 ], [ -72.287164374356948, 42.496671989361332 ], [ -72.286830347596435, 42.499100574106286 ], [ -72.287241703484142, 42.502872012998061 ], [ -72.28575091849477, 42.500186294330518 ], [ -72.284647993133191, 42.49938504017706 ], [ -72.283190849236462, 42.499394950335677 ], [ -72.283180814423702, 42.498586251081335 ], [ -72.281723688737713, 42.498596142694907 ], [ -72.281730366139101, 42.499135275633613 ], [ -72.281001796902331, 42.499140214574304 ], [ -72.280988454658754, 42.498061948536268 ], [ -72.279531340733683, 42.498071812436649 ], [ -72.279514694681851, 42.496723979245616 ], [ -72.280594171838743, 42.495638316425236 ], [ -72.280938425304967, 42.494018448132614 ], [ -72.280871729469368, 42.488627107506815 ], [ -72.277547228073971, 42.484875327810869 ], [ -72.277864929949786, 42.481098921914111 ], [ -72.278219142258692, 42.480287759343206 ], [ -72.278947494165308, 42.480282837967209 ], [ -72.278563372961585, 42.478667891623147 ], [ -72.27928172457807, 42.477854264071453 ], [ -72.278506866927415, 42.474085233031374 ], [ -72.27922849381909, 42.473541173206499 ], [ -72.279191901890357, 42.47057592043565 ], [ -72.278463661964551, 42.470580843369206 ], [ -72.278443722829792, 42.468963431684244 ], [ -72.276967379125153, 42.467355850886683 ], [ -72.276196101630717, 42.463856363202581 ], [ -72.276527036386582, 42.461158217770034 ], [ -72.277592681001124, 42.458994295535028 ], [ -72.277188821077388, 42.455761918504393 ], [ -72.274643884293752, 42.456048654067253 ], [ -72.273902599335969, 42.454975269375808 ], [ -72.271711830318466, 42.454450784451055 ], [ -72.271705243154585, 42.453911644695275 ], [ -72.26843886341544, 42.454742258687602 ], [ -72.26700566168148, 42.456638953422527 ], [ -72.265556036121069, 42.457187780403558 ], [ -72.264857329989397, 42.459618745233186 ], [ -72.263417392885231, 42.460976253795536 ], [ -72.262689262433426, 42.460981077034027 ], [ -72.262721818222857, 42.463676772805215 ], [ -72.264220548660205, 42.467171522509979 ], [ -72.2598448488217, 42.466661284629254 ], [ -72.25912961470236, 42.467744362648652 ], [ -72.259116652549594, 42.466666085279236 ], [ -72.257286463372267, 42.465869358392631 ], [ -72.257634386424812, 42.464519116812824 ], [ -72.258359320913883, 42.464244755970782 ], [ -72.258330187899375, 42.461818629105125 ], [ -72.259042128760484, 42.460465984611638 ], [ -72.259025929872891, 42.459118135338834 ], [ -72.258288110829753, 42.458314220975581 ], [ -72.25901621087219, 42.458309425552756 ], [ -72.259315442803157, 42.452915623493638 ], [ -72.258571217707939, 42.451572568907096 ], [ -72.256374238086721, 42.450508650859675 ], [ -72.25634518764717, 42.448082515067412 ], [ -72.255604307113373, 42.447009010489666 ], [ -72.256309684584608, 42.445117235977285 ], [ -72.254489813876773, 42.445129173179261 ], [ -72.254132275870646, 42.445670699105953 ], [ -72.254460838278874, 42.442703033650773 ], [ -72.252634613576987, 42.442175799227407 ], [ -72.251861783205527, 42.438406555101423 ], [ -72.25220967095737, 42.437056320585782 ], [ -72.253295025954245, 42.436510040183123 ], [ -72.2536364416639, 42.434620657335977 ], [ -72.254724962560388, 42.434343934857274 ], [ -72.254715302419427, 42.433535219704282 ], [ -72.255800575269546, 42.432988915211517 ], [ -72.25579412610837, 42.432449771674733 ], [ -72.256521928298966, 42.432444991985989 ], [ -72.256876141846135, 42.4316338850672 ], [ -72.257967830871308, 42.431626703548687 ], [ -72.257958129641395, 42.430817988128602 ], [ -72.258685912872878, 42.430813194759651 ], [ -72.258302610242396, 42.429198160756215 ], [ -72.26119418323411, 42.427561519540831 ], [ -72.261863425203671, 42.422704407965632 ], [ -72.261100022015114, 42.419743925309604 ], [ -72.260005296740843, 42.419481564036253 ], [ -72.259631749652897, 42.418675247803669 ], [ -72.257452050092596, 42.418959204726015 ], [ -72.256669534091387, 42.414381252792005 ], [ -72.25556525216841, 42.41331012999359 ], [ -72.254106871824902, 42.41305009963024 ], [ -72.253356800603399, 42.41116785179193 ], [ -72.251898478774464, 42.410907793315161 ], [ -72.251521880579048, 42.409831875746939 ], [ -72.251879238228994, 42.40929035318819 ], [ -72.252970541924228, 42.409283219010021 ], [ -72.253321458464768, 42.408202545044638 ], [ -72.254048981659935, 42.408197780958211 ], [ -72.254036118385798, 42.407119487153238 ], [ -72.255832330907097, 42.405220542542153 ], [ -72.257609050673125, 42.401704126963324 ], [ -72.25978491459324, 42.401150592206498 ], [ -72.260853365167591, 42.399256366906407 ], [ -72.263733732765601, 42.396810928366229 ], [ -72.264441566439046, 42.395188655046212 ], [ -72.264408972591283, 42.392492914667592 ], [ -72.262934771317035, 42.390885123959151 ], [ -72.259655337727878, 42.390367630234628 ], [ -72.259278729880677, 42.389291732841286 ], [ -72.258187771940882, 42.389298926864996 ], [ -72.257833812385059, 42.390110046025775 ], [ -72.256015525208809, 42.390122007483257 ], [ -72.25455124368527, 42.389322832238825 ], [ -72.252732978527973, 42.389334741826531 ], [ -72.25199284768108, 42.388261198801935 ], [ -72.249810965467944, 42.38827543834887 ], [ -72.24909005861619, 42.388819325270774 ], [ -72.248777486945997, 42.393134886744036 ], [ -72.247683273540758, 42.392872406635426 ], [ -72.247657770789388, 42.390715809546897 ], [ -72.24582038487074, 42.389110161369302 ], [ -72.24436577638518, 42.389119580964433 ], [ -72.243651154272357, 42.390202583390341 ], [ -72.240378227301136, 42.390223689911771 ], [ -72.23966983182477, 42.391845817033385 ], [ -72.238581976711558, 42.392122400007437 ], [ -72.238237192880291, 42.393742182697913 ], [ -72.239328229730845, 42.393735177840192 ], [ -72.239321925039505, 42.39319602831857 ], [ -72.240419266339458, 42.393728162637927 ], [ -72.24117506616129, 42.396149651648642 ], [ -72.240827167839186, 42.397499866124562 ], [ -72.241554568806663, 42.397495181001759 ], [ -72.241940415137492, 42.39937985734246 ], [ -72.240849281161189, 42.399386886957558 ], [ -72.240842962934494, 42.398847738234032 ], [ -72.239745529205905, 42.398315608593435 ], [ -72.239736066185998, 42.397506885187781 ], [ -72.236826460594827, 42.397525552113393 ], [ -72.235381064349866, 42.398343581747277 ], [ -72.235387335946299, 42.39888273083352 ], [ -72.23321446314479, 42.399705379131561 ], [ -72.232872625651694, 42.401594717284084 ], [ -72.232148299021688, 42.401868921957217 ], [ -72.23217639954855, 42.404295091075504 ], [ -72.23365325992269, 42.406172844791477 ], [ -72.235111397422628, 42.40643313471795 ], [ -72.234070230268642, 42.410753282648813 ], [ -72.234797784255974, 42.410748640250162 ], [ -72.235920501908282, 42.413437404697369 ], [ -72.234825990432128, 42.413174803593584 ], [ -72.234449669349289, 42.412098830771995 ], [ -72.229717353038993, 42.411859336004312 ], [ -72.229708016298787, 42.41105061437667 ], [ -72.23007802274644, 42.411587455288753 ], [ -72.231533150403607, 42.411578216363061 ], [ -72.23152379047248, 42.410769494828521 ], [ -72.23006868143176, 42.410778733637791 ], [ -72.229698679797536, 42.41024189259192 ], [ -72.230034431989665, 42.407813419575177 ], [ -72.229300690816814, 42.407278883592141 ], [ -72.227848765897562, 42.407557668491151 ], [ -72.226785385348137, 42.409990731631979 ], [ -72.224615109225866, 42.411082789385922 ], [ -72.22499434899953, 42.412428368563774 ], [ -72.224279131445556, 42.413511244691975 ], [ -72.22465528779415, 42.414587250392678 ], [ -72.223949303617331, 42.416478845050555 ], [ -72.224680015281621, 42.416743840309501 ], [ -72.22506238314493, 42.418358991007253 ], [ -72.226881488450232, 42.418347518751396 ], [ -72.227630856330038, 42.420229935774643 ], [ -72.225084033050791, 42.42024600545421 ], [ -72.224726383869282, 42.420787443368461 ], [ -72.223992536963621, 42.420252875211638 ], [ -72.222173376291579, 42.420264301809901 ], [ -72.221427247804399, 42.41865142292238 ], [ -72.219965813772347, 42.418121386697841 ], [ -72.221023442855113, 42.415149243601057 ], [ -72.221011141595056, 42.414070947978033 ], [ -72.219913610542065, 42.413538631155625 ], [ -72.219898258091447, 42.412190760914221 ], [ -72.222077892752182, 42.411907514621767 ], [ -72.222796212588634, 42.411094225849538 ], [ -72.223126066455507, 42.408126624969213 ], [ -72.22311681459523, 42.407317902089034 ], [ -72.221664861511229, 42.407596608976064 ], [ -72.220555145457823, 42.405985999809424 ], [ -72.223098311584863, 42.405700455859844 ], [ -72.223089060434759, 42.404891732511146 ], [ -72.222361573004449, 42.404896300906671 ], [ -72.223076725936167, 42.40381343447045 ], [ -72.22526224326181, 42.404069276402758 ], [ -72.226711000396975, 42.40352094944479 ], [ -72.22633487490603, 42.40244494762495 ], [ -72.228150416897833, 42.402163880715854 ], [ -72.228492398595222, 42.400274556846277 ], [ -72.22956799386111, 42.398919771200077 ], [ -72.229549328262692, 42.397302322801714 ], [ -72.232803876906871, 42.39566407583704 ], [ -72.234261768541387, 42.395924377171461 ], [ -72.234982883959987, 42.395380584063318 ], [ -72.23716187147059, 42.395097051010296 ], [ -72.237519268826347, 42.394555571157511 ], [ -72.237105298149643, 42.390244703337345 ], [ -72.236014321282966, 42.390251687124568 ], [ -72.235641252835109, 42.389445287489202 ], [ -72.236732215829178, 42.389438307237931 ], [ -72.236719651681923, 42.388360006763158 ], [ -72.238904690038154, 42.388615590549527 ], [ -72.238895239224249, 42.38780686524256 ], [ -72.2363465853999, 42.387553609060312 ], [ -72.23632461058682, 42.38566658215305 ], [ -72.238145920256542, 42.385924507120635 ], [ -72.238493812145506, 42.384574297110589 ], [ -72.237402933263198, 42.384581294072504 ], [ -72.237045591285835, 42.385122774820182 ], [ -72.237036164770458, 42.384314048706649 ], [ -72.235935877892771, 42.383512305495159 ], [ -72.236656837372948, 42.382968500327792 ], [ -72.237001602943565, 42.381348718326322 ], [ -72.238092426106917, 42.381341725164624 ], [ -72.238832239975665, 42.382415359307117 ], [ -72.240286695068434, 42.382406009652613 ], [ -72.240618735683924, 42.379707914362854 ], [ -72.238060962581727, 42.378645968803056 ], [ -72.238054670198565, 42.378106817329694 ], [ -72.236233586045941, 42.377848890455361 ], [ -72.235851177809522, 42.376233761511628 ], [ -72.236575194782588, 42.375959531901628 ], [ -72.23656577564816, 42.375150804047962 ], [ -72.23802006400895, 42.375141483031371 ], [ -72.23839622592412, 42.376217453480265 ], [ -72.240214116629801, 42.376205770414003 ], [ -72.240220427233439, 42.376744922003596 ], [ -72.241311170632159, 42.376737898315838 ], [ -72.24209843609593, 42.381855145940186 ], [ -72.244646883280723, 42.382108275050527 ], [ -72.245020023282649, 42.382914646852122 ], [ -72.246474488939612, 42.382905218973477 ], [ -72.247192165536305, 42.382091772448675 ], [ -72.246799901075107, 42.379667955343145 ], [ -72.248251102087266, 42.379388929571874 ], [ -72.248238343530971, 42.378310627864153 ], [ -72.256964492706146, 42.37825354063515 ], [ -72.257321625310936, 42.377711997182139 ], [ -72.261678162759097, 42.377144041532375 ], [ -72.263142252352011, 42.377943128324567 ], [ -72.267508568468216, 42.378183677140292 ], [ -72.268222646187908, 42.377100523585135 ], [ -72.268206272993453, 42.37575264850831 ], [ -72.267469309825586, 42.374948776811742 ], [ -72.268917033773135, 42.374399914909205 ], [ -72.268907201313027, 42.373591189474226 ], [ -72.272175966458263, 42.37329969631341 ], [ -72.275087750612727, 42.37354971053287 ], [ -72.275094358241702, 42.374088860491 ], [ -72.277272432111261, 42.37380456654936 ], [ -72.278336579403643, 42.371640591929982 ], [ -72.278310040037994, 42.369483991245929 ], [ -72.280111104717193, 42.368123801724032 ], [ -72.280808213915847, 42.365692691133198 ], [ -72.28224560869505, 42.364334934239629 ], [ -72.2822189391253, 42.362178330905557 ], [ -72.283286059644411, 42.360283880430515 ], [ -72.28321262986384, 42.354353214039776 ], [ -72.28247239109912, 42.353279858621221 ], [ -72.284262879744475, 42.351110870813116 ], [ -72.283879407097089, 42.349495892080128 ], [ -72.284599566774119, 42.34895178239762 ], [ -72.28701272539621, 42.33842091446224 ], [ -72.288086016239902, 42.337065563239783 ], [ -72.288409064053639, 42.333828149210021 ], [ -72.289118922140119, 42.332475278254385 ], [ -72.290202164901345, 42.331928636822276 ], [ -72.291255054901526, 42.32895579112418 ], [ -72.292338218976013, 42.328409129151318 ], [ -72.29195805102249, 42.327063746674213 ], [ -72.293041176645801, 42.326517077856373 ], [ -72.293014155181325, 42.324360459205359 ], [ -72.294443582341003, 42.322463382630112 ], [ -72.294430048353433, 42.321385072665358 ], [ -72.296585866169593, 42.319482944226543 ], [ -72.296195489194631, 42.317328840216156 ], [ -72.29545885079412, 42.316525137575745 ], [ -72.293635924921603, 42.315998538142374 ], [ -72.293245669810574, 42.313844422535546 ], [ -72.291775939348398, 42.312506551523057 ], [ -72.291769196079954, 42.311967395285201 ], [ -72.293218646788944, 42.311687798165565 ], [ -72.294294733834448, 42.310601959453997 ], [ -72.294274440632165, 42.308984490358966 ], [ -72.293181493140253, 42.308722438061736 ], [ -72.292801425478373, 42.307377052794585 ], [ -72.294600412064966, 42.306016618093793 ], [ -72.294936506786271, 42.30385747863329 ], [ -72.295656052347709, 42.30331329441254 ], [ -72.295595078539193, 42.2984608789017 ], [ -72.300305538637119, 42.297619356693168 ], [ -72.302121160983546, 42.297606695118731 ], [ -72.303220792820156, 42.298407820124517 ], [ -72.30431017952921, 42.298400198982939 ], [ -72.304656179641512, 42.297049763575266 ], [ -72.305735252013193, 42.296233393099754 ], [ -72.307550833530783, 42.29622064571884 ], [ -72.307948346184091, 42.298913877374289 ], [ -72.309048074443339, 42.299714946392797 ], [ -72.309808824342937, 42.302405612033866 ], [ -72.309116970622725, 42.305106509490727 ], [ -72.308030909584645, 42.305383754225502 ], [ -72.308428500191553, 42.308076979139763 ], [ -72.309165204930224, 42.308880600061592 ], [ -72.309891582422125, 42.308875482884233 ], [ -72.309898479692237, 42.309414638394067 ], [ -72.31207417209086, 42.309129681501453 ], [ -72.312081087975727, 42.309668836851571 ], [ -72.315713018292442, 42.309643112897589 ], [ -72.316428974550377, 42.308829221673577 ], [ -72.316802596811243, 42.3096353733279 ], [ -72.318618560416695, 42.309622451087719 ], [ -72.319351923508137, 42.310156429012437 ], [ -72.326982547668081, 42.310371370741464 ], [ -72.326996633755215, 42.311449679290966 ], [ -72.329941130382579, 42.314394078475509 ], [ -72.333210105169712, 42.314370424083684 ], [ -72.336810224715293, 42.311917841988738 ], [ -72.342966758357278, 42.310524831196453 ], [ -72.345120747766444, 42.308621788362395 ], [ -72.348374968973332, 42.307519395638316 ], [ -72.347968461708547, 42.30428715523604 ], [ -72.34723492530081, 42.303753359312864 ], [ -72.346850133399016, 42.302138574704756 ], [ -72.343923385265086, 42.300542487478296 ], [ -72.343916199247843, 42.300003333065128 ], [ -72.344998413211471, 42.299456171666819 ], [ -72.34498042582274, 42.298108285389304 ], [ -72.363532874150494, 42.300396780025508 ], [ -72.365007522038852, 42.302003312677549 ], [ -72.36646748797078, 42.302531520525179 ], [ -72.366849091709895, 42.303876662991925 ], [ -72.369417106942763, 42.305744489625674 ], [ -72.369439318791592, 42.307361945911758 ], [ -72.370532557988255, 42.307623272894908 ], [ -72.370910570357864, 42.308698824570008 ], [ -72.370940238664886, 42.31085543112124 ], [ -72.370224960432296, 42.311669661457366 ], [ -72.36992102816258, 42.31598562128751 ], [ -72.369201977242739, 42.316530268918953 ], [ -72.36854949321534, 42.321927268233551 ], [ -72.367830362997836, 42.32247190660069 ], [ -72.367500350937945, 42.324900825140546 ], [ -72.367581644971096, 42.330831472923961 ], [ -72.368686382656492, 42.331901540242882 ], [ -72.36907931680183, 42.334055390564224 ], [ -72.367989324442476, 42.33406362574862 ], [ -72.367611210215287, 42.3329880702357 ], [ -72.366154221686344, 42.332729454973162 ], [ -72.364686195189293, 42.331662096986143 ], [ -72.364308151444504, 42.330586530054404 ], [ -72.362491595894667, 42.33060017423584 ], [ -72.362135629329572, 42.331142049425743 ], [ -72.361045686246101, 42.331150218779754 ], [ -72.361071360971835, 42.333037242818641 ], [ -72.359640030748892, 42.334665568370973 ], [ -72.359683976091361, 42.337900464335405 ], [ -72.361199757570319, 42.342472351388544 ], [ -72.361636554602228, 42.347861110554462 ], [ -72.362737813136022, 42.348661657211998 ], [ -72.362036693919194, 42.350554125010305 ], [ -72.362077099427751, 42.353519435256565 ], [ -72.361353884040085, 42.353794455827924 ], [ -72.361405271789678, 42.357568484304721 ], [ -72.362532425738735, 42.360256043913886 ], [ -72.362558156628467, 42.362143055569852 ], [ -72.363288820326375, 42.362407173963078 ], [ -72.364427192789904, 42.365903430519644 ], [ -72.366611968930172, 42.366156590140399 ], [ -72.364798078082003, 42.366439843324912 ], [ -72.364441929581204, 42.366981721382707 ], [ -72.364478773757753, 42.369677447383637 ], [ -72.367134398701111, 42.37774545929814 ], [ -72.368610941708027, 42.379351918707371 ], [ -72.368633158791468, 42.380969349146667 ], [ -72.369367771471545, 42.381502999457204 ], [ -72.369761037038685, 42.383656823646206 ], [ -72.370866734485503, 42.384726857422187 ], [ -72.370885298300436, 42.38607471413097 ], [ -72.372710886939061, 42.386600079916747 ], [ -72.370900149922193, 42.387152999193127 ], [ -72.370915002050481, 42.388231283983899 ], [ -72.370195138124473, 42.38877592912938 ], [ -72.370273056326027, 42.394436919582645 ], [ -72.371772372163463, 42.397660756056112 ], [ -72.373245774476047, 42.398997578103376 ], [ -72.372904403940211, 42.400617759659823 ], [ -72.373631830117588, 42.400612239697892 ], [ -72.373654183134406, 42.402229661157158 ], [ -72.374760271333471, 42.403299652871979 ], [ -72.374778923620582, 42.404647503091901 ], [ -72.375873867356177, 42.404908773616732 ], [ -72.375885073164554, 42.405717483383846 ], [ -72.377351266947997, 42.406515110665289 ], [ -72.377752447067124, 42.40920803419808 ], [ -72.379582512228581, 42.410002857671245 ], [ -72.378494958292492, 42.410280761817639 ], [ -72.378907456949975, 42.413782386860269 ], [ -72.376728464085971, 42.414068602274959 ], [ -72.375696853009231, 42.418390017437815 ], [ -72.377182046640783, 42.420535489399668 ], [ -72.377211981464413, 42.422692040007036 ], [ -72.378307247902654, 42.422953286252103 ], [ -72.378348463185858, 42.425918540901471 ], [ -72.379079930269157, 42.426182555035759 ], [ -72.379094931148018, 42.42726082875479 ], [ -72.379822663483893, 42.427255269698257 ], [ -72.380227835880888, 42.430217739313044 ], [ -72.379875214051992, 42.431029225136029 ], [ -72.378423409974928, 42.43130990746068 ], [ -72.378108222503798, 42.434817067708416 ], [ -72.379207454059781, 42.435347872516282 ], [ -72.379214956611406, 42.43588700819182 ], [ -72.379942788292652, 42.435881448388081 ], [ -72.379980334022406, 42.438577125448624 ], [ -72.380719470285996, 42.439380263506024 ], [ -72.380760809506867, 42.442345505325548 ], [ -72.380036658624775, 42.442620637643167 ], [ -72.380051679736468, 42.443698906871184 ], [ -72.38078711830434, 42.444232476247208 ], [ -72.380809669953123, 42.445849879183477 ], [ -72.378989803575394, 42.445863783728683 ], [ -72.378273100444702, 42.446678038961515 ], [ -72.37824686572182, 42.444791068616638 ], [ -72.377515186658428, 42.444527050399799 ], [ -72.377500208642857, 42.443448781063729 ], [ -72.376772289564329, 42.443454325417846 ], [ -72.376742359911887, 42.441297785685691 ], [ -72.375286571061537, 42.441308860218797 ], [ -72.37456987187538, 42.442123093329243 ], [ -72.373841967814883, 42.442128619163284 ], [ -72.374551212984116, 42.440775255329783 ], [ -72.376731136818989, 42.440489082986275 ], [ -72.377068882325545, 42.438599337993764 ], [ -72.376341019081707, 42.438604879628393 ], [ -72.376322323445578, 42.437257040741216 ], [ -72.375594475599996, 42.437262577658927 ], [ -72.375583267916383, 42.436453874039934 ], [ -72.374108942687698, 42.435117093976018 ], [ -72.374450468727005, 42.433496922310567 ], [ -72.372994859209342, 42.433507967893114 ], [ -72.37298741001392, 42.432968831497988 ], [ -72.37189571185607, 42.432977103539663 ], [ -72.371903151737342, 42.433516240004266 ], [ -72.371171629745504, 42.433252180748205 ], [ -72.371160479380492, 42.432443475900961 ], [ -72.373347583233951, 42.432696503637686 ], [ -72.373328953198978, 42.431348662303535 ], [ -72.371869673271476, 42.431090125347531 ], [ -72.371810162346179, 42.426777029040132 ], [ -72.371075002730151, 42.426243400045799 ], [ -72.372508112500782, 42.424614966345764 ], [ -72.372496946556666, 42.423806259921051 ], [ -72.371037844200586, 42.42354771194551 ], [ -72.371026697259893, 42.42273900516868 ], [ -72.370299016161695, 42.422744508634096 ], [ -72.371375669410327, 42.42165797580649 ], [ -72.371713474417106, 42.419768237810963 ], [ -72.369890646518584, 42.419512429522754 ], [ -72.369181540170985, 42.420865771703575 ], [ -72.36880288632716, 42.419790241456909 ], [ -72.368071536166951, 42.419526161621796 ], [ -72.368038212196694, 42.417100037592121 ], [ -72.366935694042937, 42.416299554311728 ], [ -72.36617483598738, 42.413878905477404 ], [ -72.36508346667199, 42.413887112967579 ], [ -72.365799967887497, 42.413072933289833 ], [ -72.36574827262433, 42.409298955091558 ], [ -72.365017056613269, 42.409034855185972 ], [ -72.364627482179202, 42.407150597763909 ], [ -72.363896295702517, 42.406886490603064 ], [ -72.362749856253259, 42.402851120916509 ], [ -72.361298623307462, 42.40313158920992 ], [ -72.361239859901488, 42.398818458501893 ], [ -72.360508783944667, 42.398554329300005 ], [ -72.360494106876374, 42.397476045773104 ], [ -72.359028335425322, 42.396678202062397 ], [ -72.357904339067446, 42.39426020170761 ], [ -72.357173329753493, 42.393996051034037 ], [ -72.357493130960123, 42.390758485346844 ], [ -72.356005655310739, 42.388343172664172 ], [ -72.355954564815931, 42.384569168129943 ], [ -72.356667199277894, 42.383485467757311 ], [ -72.35583416134692, 42.375673287222519 ], [ -72.354732519857166, 42.374872679292686 ], [ -72.35472158999211, 42.374063961689011 ], [ -72.353994467534108, 42.374069362156781 ], [ -72.352154867030762, 42.372465407085421 ], [ -72.351773161982209, 42.371120235824613 ], [ -72.3510460731151, 42.371125617659473 ], [ -72.35128262304049, 42.361687867634217 ], [ -72.349785204015092, 42.358463737748167 ], [ -72.349748992478908, 42.355768000300117 ], [ -72.348644158371542, 42.354697756596018 ], [ -72.348967814819346, 42.351729759802105 ], [ -72.346761959363477, 42.349858818885821 ], [ -72.345991858566308, 42.34662927637126 ], [ -72.346326415327511, 42.344470005658501 ], [ -72.34448067409771, 42.34232676784066 ], [ -72.344451892790687, 42.340170169016538 ], [ -72.345433941641829, 42.332074903383337 ], [ -72.345009430499786, 42.327494791321811 ], [ -72.346462606686472, 42.327484099273633 ], [ -72.348246559397708, 42.325044527936754 ], [ -72.348228495568705, 42.323696649367527 ], [ -72.34931469463217, 42.323419025799488 ], [ -72.350735166383174, 42.320982097483224 ], [ -72.352177304033049, 42.320162605616069 ], [ -72.352122867949944, 42.316118966425861 ], [ -72.349180875653673, 42.313444713034421 ], [ -72.346997988416732, 42.31319121943524 ], [ -72.346667225431361, 42.315620082845747 ], [ -72.34522152046992, 42.31616993009154 ], [ -72.345232318970659, 42.316978658849528 ], [ -72.343430517349972, 42.318070306649268 ], [ -72.342365908765615, 42.319965332100715 ], [ -72.341283321408199, 42.320512466365038 ], [ -72.341337068782678, 42.324556106901255 ], [ -72.339883958956378, 42.32456673416003 ], [ -72.339481351094975, 42.321604051438662 ], [ -72.338028308726734, 42.321614655244694 ], [ -72.337287523461384, 42.320541645284493 ], [ -72.336194198488244, 42.320280002746628 ], [ -72.333651426253624, 42.320298474635287 ], [ -72.332939109155689, 42.321382047554266 ], [ -72.331133430385535, 42.322203925239002 ], [ -72.331535651313473, 42.325166636809989 ], [ -72.329729846351228, 42.325988491784742 ], [ -72.329782860214607, 42.330032132972448 ], [ -72.329063304372895, 42.330576527794335 ], [ -72.328721171843782, 42.332196603034589 ], [ -72.328417839480409, 42.336782009378751 ], [ -72.327684091345247, 42.3362480923291 ], [ -72.325867365559432, 42.336261157747131 ], [ -72.325514570260168, 42.337072494508419 ], [ -72.323711856422989, 42.338163828467877 ], [ -72.323722383783789, 42.338972555421961 ], [ -72.321199847351011, 42.340608205248621 ], [ -72.321220838944797, 42.342225658613486 ], [ -72.320497575148551, 42.34250042289171 ], [ -72.320508062149514, 42.343309149376367 ], [ -72.319417904245142, 42.343316924020769 ], [ -72.317974814717118, 42.344136000703976 ], [ -72.318030577955525, 42.348449206638506 ], [ -72.31877485204167, 42.349791909367852 ], [ -72.318820207460249, 42.353296384825882 ], [ -72.319197613520544, 42.354372095868143 ], [ -72.319924512503263, 42.354366915325009 ], [ -72.319952464145175, 42.356523513466492 ], [ -72.320682884972584, 42.356787902827165 ], [ -72.320693376710949, 42.35759662674775 ], [ -72.322154255444417, 42.358125391276225 ], [ -72.322161262594719, 42.358664540322685 ], [ -72.3228882106566, 42.358659341051357 ], [ -72.323272734688231, 42.360274186243487 ], [ -72.324366697437142, 42.360535949412885 ], [ -72.322937307420389, 42.362433382240482 ], [ -72.323318346813195, 42.363778651749108 ], [ -72.32186433297592, 42.363789051121834 ], [ -72.320455774736487, 42.367303895976896 ], [ -72.320913765198611, 42.374579794957747 ], [ -72.320200618501232, 42.37566327599302 ], [ -72.320239078389292, 42.378628583839159 ], [ -72.321357855190499, 42.380777387457158 ], [ -72.322088562033244, 42.381041766440632 ], [ -72.322228767334977, 42.391824678642998 ], [ -72.321518951425958, 42.393177735929434 ], [ -72.321553980708828, 42.395873459095355 ], [ -72.322295381607262, 42.396946552404906 ], [ -72.321571496470469, 42.397221320035868 ], [ -72.321582006285965, 42.398030036394161 ], [ -72.320854605412464, 42.398035227360829 ], [ -72.321239316997548, 42.399650064769986 ], [ -72.320515396314434, 42.399924825583049 ], [ -72.319815940681764, 42.402086585474855 ], [ -72.31979846100198, 42.400738725810868 ], [ -72.319071028815486, 42.400743905500605 ], [ -72.318333127669121, 42.399940364456413 ], [ -72.318634003852807, 42.395085477647001 ], [ -72.317892686922249, 42.3940123602817 ], [ -72.316081258601059, 42.394564415784949 ], [ -72.316507606075334, 42.399414137621378 ], [ -72.315437343364479, 42.401039307076779 ], [ -72.315472117661699, 42.403735027102542 ], [ -72.316206545981402, 42.404269013918807 ], [ -72.316223950048908, 42.405616873001115 ], [ -72.316951438544606, 42.405611711313149 ], [ -72.316979311413974, 42.407768284768551 ], [ -72.317713799327507, 42.408302261455141 ], [ -72.317811457890059, 42.415850258170039 ], [ -72.317153559946277, 42.421246843507681 ], [ -72.315334388570605, 42.421259742247734 ], [ -72.314256778823804, 42.422345750836968 ], [ -72.314284567115678, 42.424502316272985 ], [ -72.318304402996731, 42.425821789838565 ], [ -72.319042605998746, 42.426625326080391 ], [ -72.320861931079833, 42.426612368758512 ], [ -72.320872436702615, 42.427421079490436 ], [ -72.321603680876805, 42.42768545863305 ], [ -72.320938978558644, 42.432542910390715 ], [ -72.321673787922464, 42.433076858607336 ], [ -72.322083286220689, 42.436578667122028 ], [ -72.320991519223526, 42.436586456525134 ], [ -72.320666113847622, 42.439554315398517 ], [ -72.32139749759169, 42.439818695062158 ], [ -72.322146427741004, 42.441430916533619 ], [ -72.32105457689913, 42.441438706525638 ], [ -72.321061583905447, 42.441977845052186 ], [ -72.319976721286523, 42.442524763276737 ], [ -72.320375684263254, 42.445217862565997 ], [ -72.321467600506011, 42.445210079017713 ], [ -72.320043206428338, 42.44764657557684 ], [ -72.320820218075184, 42.451415352230121 ], [ -72.318629183275533, 42.450891759271371 ], [ -72.31858376838305, 42.447387364379679 ], [ -72.31785230878647, 42.447122967343496 ], [ -72.317099933923103, 42.445241151094784 ], [ -72.314898711938852, 42.443908778732876 ], [ -72.314520844194618, 42.442833076241364 ], [ -72.312701050695637, 42.44284593330601 ], [ -72.312690647108539, 42.442037224904226 ], [ -72.310867416123472, 42.441780483493375 ], [ -72.310524214758402, 42.443400462798017 ], [ -72.309446144649897, 42.444486420450069 ], [ -72.309466869826949, 42.44610383668816 ], [ -72.3101982825237, 42.446368287047392 ], [ -72.310579556913368, 42.447713571957493 ], [ -72.310610690196697, 42.450139693803862 ], [ -72.312073624753154, 42.45066857479609 ], [ -72.31246536725267, 42.452822558451935 ], [ -72.313193399731162, 42.452817420579017 ], [ -72.313938800772419, 42.454160121528361 ], [ -72.315394896204438, 42.454149822557561 ], [ -72.316473028967053, 42.453063811850249 ], [ -72.31720106389929, 42.453058648646071 ], [ -72.317575549131334, 42.453864771047925 ], [ -72.319031637159938, 42.453854426102247 ], [ -72.319749185223642, 42.453040541192706 ], [ -72.320477219619193, 42.453035357280648 ], [ -72.320470216373977, 42.452496220209504 ], [ -72.32120174915093, 42.452760600262273 ], [ -72.321229787942727, 42.454917147783242 ], [ -72.322342930067435, 42.456526765824833 ], [ -72.322003451359592, 42.458416341433178 ], [ -72.32091130687013, 42.458424130035006 ], [ -72.322066608579178, 42.463268564301529 ], [ -72.321348974171144, 42.464082461536648 ], [ -72.319896150487736, 42.464362403518514 ], [ -72.318842351239283, 42.467335416722818 ], [ -72.318107167193133, 42.46680145502598 ], [ -72.316290168284226, 42.467083936369647 ], [ -72.315971351520119, 42.470590894084445 ], [ -72.314143807205028, 42.470064638929109 ], [ -72.31379011374959, 42.470875914003422 ], [ -72.312333632371946, 42.470886192641032 ], [ -72.311615785947595, 42.471700027650641 ], [ -72.311234344656043, 42.470354754357139 ], [ -72.309410301996593, 42.470097991721595 ], [ -72.309798617051428, 42.471982406257332 ], [ -72.309444857028211, 42.472793667590643 ], [ -72.308716593928779, 42.472798781743059 ], [ -72.309115267931162, 42.475491899334301 ], [ -72.31023192318662, 42.477371193119097 ], [ -72.310276896081675, 42.48087556446697 ], [ -72.308473264951715, 42.482236188883256 ], [ -72.308913436720331, 42.488164099259436 ], [ -72.306728114997412, 42.488179417763938 ], [ -72.306748784880128, 42.489796816386999 ], [ -72.308569933044012, 42.489784053522705 ], [ -72.308222960285974, 42.49113443984082 ], [ -72.309683367181421, 42.491393779407211 ], [ -72.309353691161945, 42.494091998726702 ], [ -72.31045337642955, 42.494623451661667 ], [ -72.3104845280006, 42.497049544205808 ], [ -72.311223464476683, 42.497853116011797 ], [ -72.310873040936627, 42.498933941840832 ], [ -72.311969355464171, 42.499195814053458 ], [ -72.311986695223638, 42.50054364157436 ], [ -72.314200263589186, 42.502684745905327 ], [ -72.314620237616978, 42.506995213178847 ], [ -72.313166396221774, 42.507275067152158 ], [ -72.312385684018523, 42.503236728230959 ], [ -72.311271972036991, 42.501627033507425 ], [ -72.308357588744329, 42.501647508521366 ], [ -72.30725779874264, 42.50111603658128 ], [ -72.307250903080487, 42.500576905429753 ], [ -72.305422563249735, 42.500050516075724 ], [ -72.305398484219822, 42.498163555786093 ], [ -72.306127040243553, 42.498158462639516 ], [ -72.306137368985247, 42.498967159958895 ], [ -72.307965683395366, 42.499493538126956 ], [ -72.307972585044638, 42.500032669391238 ], [ -72.309426282645703, 42.499752880378097 ], [ -72.309408997778064, 42.498405052189092 ], [ -72.306852150183374, 42.49788379909738 ], [ -72.306838366612624, 42.496805535741288 ], [ -72.305381285794169, 42.496815726425488 ], [ -72.305721468592438, 42.494926218637637 ], [ -72.307539316228826, 42.494643906021352 ], [ -72.307157823170044, 42.493298627284979 ], [ -72.308250572724091, 42.493290969148347 ], [ -72.308240217838701, 42.49248227080259 ], [ -72.305322816640484, 42.492233102980556 ], [ -72.305312499435772, 42.491424404146507 ], [ -72.302755968413464, 42.490903059225978 ], [ -72.303147642658047, 42.493057052234072 ], [ -72.302415718530085, 42.492792560269528 ], [ -72.302037770891062, 42.491716830312562 ], [ -72.30094504783618, 42.491724429548391 ], [ -72.298422636642997, 42.493898652110765 ], [ -72.29740138826557, 42.499567106513553 ], [ -72.296315330832257, 42.500113793720658 ], [ -72.296328935351724, 42.501192057378432 ], [ -72.297799748532583, 42.502260244317029 ], [ -72.297827009683431, 42.504416769734888 ], [ -72.297108594825787, 42.505230507183605 ], [ -72.296379956439907, 42.505235543317397 ], [ -72.296393563167584, 42.50631380549197 ], [ -72.29785427269735, 42.506573293902015 ], [ -72.298596571064365, 42.507646509980098 ], [ -72.298249286690947, 42.508996859846192 ], [ -72.298984794260718, 42.509530942331068 ], [ -72.297169884780743, 42.510082684118416 ], [ -72.296107449623278, 42.512516323528196 ], [ -72.296509239127829, 42.515479021285671 ], [ -72.301978337308981, 42.515710696643858 ], [ -72.30308176806119, 42.516511781442013 ], [ -72.297255025355369, 42.516821808170846 ], [ -72.29502455437266, 42.513332561689843 ] ], [ [ -72.317549869878377, 42.311247672586234 ], [ -72.317214507185867, 42.313406874797622 ], [ -72.318667364611244, 42.31339653410145 ], [ -72.319002677697938, 42.31123732764604 ], [ -72.317549869878377, 42.311247672586234 ] ], [ [ -72.31610748719541, 42.312066731439593 ], [ -72.31320183207319, 42.312087329747683 ], [ -72.312845547768731, 42.312629054341897 ], [ -72.311392707009745, 42.312639321440599 ], [ -72.310320329315658, 42.313994897249209 ], [ -72.310773315987831, 42.321001344309948 ], [ -72.31150674472859, 42.3215353710223 ], [ -72.311932249754321, 42.326385189003311 ], [ -72.313039431776545, 42.327725368524256 ], [ -72.31234051871678, 42.329887118085658 ], [ -72.311254046561643, 42.330164391838942 ], [ -72.311292059601598, 42.333129732580872 ], [ -72.312388964147559, 42.33366118755778 ], [ -72.31239934606306, 42.334469916329027 ], [ -72.31349974853606, 42.335270936748486 ], [ -72.314631411372318, 42.338498130519497 ], [ -72.316448203685496, 42.338485242661896 ], [ -72.317884215667135, 42.337127032338167 ], [ -72.318202254065298, 42.333619958718742 ], [ -72.319634626626893, 42.331992148909471 ], [ -72.321038947443014, 42.32820771050946 ], [ -72.320197061732102, 42.319316869888624 ], [ -72.319442646465035, 42.317165436573319 ], [ -72.318349453584787, 42.316903624107013 ], [ -72.31833551357812, 42.315825315734358 ], [ -72.31610748719541, 42.312066731439593 ] ], [ [ -72.300202723881824, 42.346957059339182 ], [ -72.302352402499437, 42.344515681236622 ], [ -72.303055239660864, 42.342623575297793 ], [ -72.303003923134114, 42.338579932962233 ], [ -72.301529997368021, 42.336972617392767 ], [ -72.297899891909495, 42.337267469432177 ], [ -72.296110262400447, 42.339436676125793 ], [ -72.29615774710345, 42.343210744572893 ], [ -72.296911681156715, 42.345362318618974 ], [ -72.29764187683989, 42.345626854961807 ], [ -72.298018877085511, 42.346702637294456 ], [ -72.300202723881824, 42.346957059339182 ] ], [ [ -72.304299424712482, 42.383324289679464 ], [ -72.306457057193455, 42.381422002143232 ], [ -72.306707176109171, 42.372523515457225 ], [ -72.305222068964142, 42.370107536567339 ], [ -72.30412459257515, 42.369576017485649 ], [ -72.300852753910462, 42.369598844241679 ], [ -72.300156372153097, 42.372030074102746 ], [ -72.29943267604051, 42.372304704042307 ], [ -72.29953150534179, 42.380122353526033 ], [ -72.30175069033335, 42.383072482051247 ], [ -72.304299424712482, 42.383324289679464 ] ], [ [ -72.299042745817204, 42.398997536580772 ], [ -72.300833960692188, 42.39682831342283 ], [ -72.300806643364808, 42.394671730527094 ], [ -72.301890850681545, 42.394124986596609 ], [ -72.301839566821201, 42.390081390685033 ], [ -72.301091762685886, 42.388469017307109 ], [ -72.297445099148646, 42.387685558316662 ], [ -72.296360963808041, 42.388232261179382 ], [ -72.295293763359254, 42.390126820867032 ], [ -72.294600329723067, 42.392827578832403 ], [ -72.294664706717271, 42.397949467117407 ], [ -72.295398892056383, 42.398483587426526 ], [ -72.2975811159816, 42.39846848344115 ], [ -72.297587918041231, 42.399007628978445 ], [ -72.299042745817204, 42.398997536580772 ] ], [ [ -72.289087749211731, 42.417398721336255 ], [ -72.289427991665789, 42.41550922373488 ], [ -72.286878018696925, 42.415257088562328 ], [ -72.287268682976773, 42.417411176590051 ], [ -72.289087749211731, 42.417398721336255 ] ], [ [ -72.370247044326092, 42.418970541242267 ], [ -72.370232196370253, 42.4178922642079 ], [ -72.368409428574367, 42.417636432349411 ], [ -72.36842054112455, 42.418445140377713 ], [ -72.370247044326092, 42.418970541242267 ] ], [ [ -72.297687064067873, 42.46451832976615 ], [ -72.297676849168667, 42.463709624436156 ], [ -72.299483596353511, 42.462618731023326 ], [ -72.299476771260146, 42.4620795940005 ], [ -72.302375631953922, 42.460981069404227 ], [ -72.302702007173394, 42.458013278217159 ], [ -72.301967068102059, 42.457479212264325 ], [ -72.301953376745459, 42.456400937032214 ], [ -72.30012635983006, 42.455874457626244 ], [ -72.301163752657118, 42.4515537612739 ], [ -72.301098794107219, 42.44643194320426 ], [ -72.300367418770236, 42.446167435061803 ], [ -72.300357172525651, 42.445358726223517 ], [ -72.298897868152295, 42.445099265425753 ], [ -72.293809027767125, 42.44567364112924 ], [ -72.293431508587943, 42.444597869945881 ], [ -72.291604904053003, 42.444071253817476 ], [ -72.28862586481462, 42.438699826915524 ], [ -72.287170121170718, 42.438709787524267 ], [ -72.286469095218266, 42.440871324302528 ], [ -72.286859903948681, 42.443025400223661 ], [ -72.285771374302058, 42.443302425869604 ], [ -72.285781433495842, 42.444111136408402 ], [ -72.286873334784971, 42.444103680853154 ], [ -72.286967363478055, 42.451651637083721 ], [ -72.28773572667572, 42.454881494109614 ], [ -72.288861482160996, 42.457569712479817 ], [ -72.292188599662722, 42.461590760980123 ], [ -72.292953965992751, 42.464551006489046 ], [ -72.294056388370848, 42.465352188445578 ], [ -72.297687064067873, 42.46451832976615 ] ], [ [ -72.309541626814408, 42.480341549979912 ], [ -72.309531257516369, 42.479532849005963 ], [ -72.308438746234287, 42.479540519313638 ], [ -72.30844910154002, 42.480349220384241 ], [ -72.309541626814408, 42.480341549979912 ] ], [ [ -72.303360937029439, 42.481193579992357 ], [ -72.303350646757693, 42.480384878643655 ], [ -72.302258119984799, 42.480392490350503 ], [ -72.302268396263798, 42.481201191795094 ], [ -72.303360937029439, 42.481193579992357 ] ], [ [ -72.302721689090021, 42.4882073940637 ], [ -72.303797189163035, 42.486851944835621 ], [ -72.303749139768996, 42.483078009495614 ], [ -72.302271821748633, 42.481470758905253 ], [ -72.301179276055407, 42.481478360381395 ], [ -72.300114060398897, 42.483642488204843 ], [ -72.30014822589915, 42.486338157369424 ], [ -72.300897165237032, 42.487950497845674 ], [ -72.302721689090021, 42.4882073940637 ] ], [ [ -72.294331037471594, 42.487187172316311 ], [ -72.294317470093759, 42.486108904432349 ], [ -72.292860634152007, 42.486118936864244 ], [ -72.293238391898171, 42.487194698493212 ], [ -72.294331037471594, 42.487187172316311 ] ], [ [ -72.303470716332669, 42.489819717023444 ], [ -72.303460423248524, 42.489011017509846 ], [ -72.302003521793722, 42.489021165514018 ], [ -72.302013796215803, 42.489829865155478 ], [ -72.303470716332669, 42.489819717023444 ] ], [ [ -72.294729188628537, 42.489880329551013 ], [ -72.294719007517102, 42.489071629273816 ], [ -72.293626329373112, 42.489079159125225 ], [ -72.293636496487906, 42.48988785949728 ], [ -72.294729188628537, 42.489880329551013 ] ], [ [ -72.298759600938041, 42.491739596939368 ], [ -72.301295601335852, 42.490643631847185 ], [ -72.3012716492522, 42.488756666002729 ], [ -72.300178977344103, 42.488764257981039 ], [ -72.300189228351016, 42.489572957839613 ], [ -72.299464184885665, 42.489847580069082 ], [ -72.295093419284115, 42.489877817266731 ], [ -72.295110396159018, 42.491225650624834 ], [ -72.2958456701096, 42.491759755663679 ], [ -72.296945201010345, 42.49229133780144 ], [ -72.298766423113094, 42.492278729859343 ], [ -72.298759600938041, 42.491739596939368 ] ], [ [ -72.276624754752731, 42.380279271171325 ], [ -72.277345327400866, 42.379735210690633 ], [ -72.277305564638979, 42.376500314888624 ], [ -72.275831408304867, 42.374892683493435 ], [ -72.272919559379702, 42.374642688173395 ], [ -72.271842015734933, 42.375728311509548 ], [ -72.271878208149033, 42.378693635002371 ], [ -72.273712654665133, 42.380029296237694 ], [ -72.276624754752731, 42.380279271171325 ] ], [ [ -72.268350381061396, 42.387613934787083 ], [ -72.269775414423037, 42.385178042805855 ], [ -72.269722910057794, 42.380864849788452 ], [ -72.269342907900452, 42.379519408206903 ], [ -72.267885250176818, 42.3792595503513 ], [ -72.267875430155641, 42.378450825726141 ], [ -72.266784660214228, 42.378458101277452 ], [ -72.26569715403599, 42.378734941439603 ], [ -72.266077073913948, 42.380080395304347 ], [ -72.267171142298977, 42.380342701276142 ], [ -72.265366188538621, 42.381433109596301 ], [ -72.265035194797349, 42.384131275126308 ], [ -72.266532167664465, 42.38762606243796 ], [ -72.268350381061396, 42.387613934787083 ] ], [ [ -72.255262449122839, 42.387970187248278 ], [ -72.254866620646126, 42.385276826121689 ], [ -72.253775731474548, 42.385283978319492 ], [ -72.253807868276155, 42.387979726211213 ], [ -72.255262449122839, 42.387970187248278 ] ], [ [ -72.286222466907589, 42.391806742129127 ], [ -72.287650264388915, 42.38964020486678 ], [ -72.287599894812843, 42.385596598447179 ], [ -72.286492238728229, 42.384256191191163 ], [ -72.286098454551563, 42.38183250954458 ], [ -72.283186245500318, 42.38158277450232 ], [ -72.282472373482562, 42.382666019807765 ], [ -72.281745146207356, 42.382670963585589 ], [ -72.281765142577399, 42.384288408725915 ], [ -72.282872699021112, 42.385628861478885 ], [ -72.283273062076432, 42.388591699726568 ], [ -72.284010385165004, 42.389395467640114 ], [ -72.283666780045124, 42.391015387249311 ], [ -72.284767802560694, 42.391816672473695 ], [ -72.286222466907589, 42.391806742129127 ] ], [ [ -72.251625996184316, 42.387994000176981 ], [ -72.251609973946614, 42.386646126142814 ], [ -72.250152224844214, 42.386386044037359 ], [ -72.25016821594177, 42.387733918355565 ], [ -72.251625996184316, 42.387994000176981 ] ], [ [ -72.289266401869256, 42.402569750815196 ], [ -72.289603192072747, 42.400410673116603 ], [ -72.288869033321902, 42.399876516075764 ], [ -72.288855577842554, 42.398798224127859 ], [ -72.288124804801313, 42.398533635183114 ], [ -72.28810800174783, 42.397185769670735 ], [ -72.287737586917146, 42.396649113590776 ], [ -72.28591911743834, 42.396661547575206 ], [ -72.284838075114777, 42.39747771391653 ], [ -72.285241953810157, 42.400710110139258 ], [ -72.287084034394724, 42.40258469711582 ], [ -72.289266401869256, 42.402569750815196 ] ], [ [ -72.26603022970113, 42.406231497599805 ], [ -72.265263566859332, 42.403001457467099 ], [ -72.26344165463307, 42.402743962799519 ], [ -72.263474212515121, 42.405439696947951 ], [ -72.264575230279505, 42.406241172643107 ], [ -72.26603022970113, 42.406231497599805 ] ], [ [ -72.232207624886087, 42.40699083289595 ], [ -72.233302018408281, 42.407253459284959 ], [ -72.233289509233316, 42.406175162951023 ], [ -72.231834506209182, 42.406184424092942 ], [ -72.232207624886087, 42.40699083289595 ] ], [ [ -72.231119476484636, 42.407267344333462 ], [ -72.231128830724359, 42.408076066576498 ], [ -72.232220115766836, 42.408069129138198 ], [ -72.232210747566313, 42.407260406982587 ], [ -72.231119476484636, 42.407267344333462 ] ], [ [ -72.284966408780392, 42.437107270390442 ], [ -72.287503815597589, 42.436281164199343 ], [ -72.288211481114089, 42.434658760131803 ], [ -72.28818794100188, 42.432771764703226 ], [ -72.287450058616898, 42.431968031888758 ], [ -72.287723215555218, 42.42468712168381 ], [ -72.286978719197094, 42.423344241350662 ], [ -72.283697404425155, 42.422827436873654 ], [ -72.284394979073923, 42.420396335658289 ], [ -72.2851159422287, 42.419852231655895 ], [ -72.285089151288602, 42.417695656877612 ], [ -72.282876206687277, 42.415284375372856 ], [ -72.283169858697335, 42.409620881947887 ], [ -72.282428973436211, 42.408547539897022 ], [ -72.282375586299722, 42.404234376294099 ], [ -72.28163144441605, 42.402891454794428 ], [ -72.279432444802822, 42.40155839093179 ], [ -72.279055433718227, 42.400482561118224 ], [ -72.279776215725619, 42.399938487970338 ], [ -72.279756265290473, 42.398321048383345 ], [ -72.279028857723361, 42.398325974974377 ], [ -72.279022214007938, 42.397786828266462 ], [ -72.280106663105755, 42.397240290003289 ], [ -72.281885142282874, 42.393993066765169 ], [ -72.281471482395517, 42.389951932369812 ], [ -72.280353898858905, 42.387802745664359 ], [ -72.279623288472749, 42.38753810205521 ], [ -72.279233069200913, 42.385383972897117 ], [ -72.278505810414885, 42.385388896196424 ], [ -72.277765288236139, 42.38431551802045 ], [ -72.275583548061633, 42.384330246298347 ], [ -72.274925677947863, 42.389996203852391 ], [ -72.273841308314204, 42.390542694217224 ], [ -72.273133767836057, 42.392165027108163 ], [ -72.273533715886657, 42.395127894717874 ], [ -72.272826116200932, 42.396750223978557 ], [ -72.272849184376469, 42.39863723886242 ], [ -72.274671016556113, 42.398894584852037 ], [ -72.274680926684368, 42.399703305053116 ], [ -72.272144820477479, 42.400529135979284 ], [ -72.272455833646234, 42.396213518662734 ], [ -72.271351601614654, 42.395142542713188 ], [ -72.270260544099855, 42.3951498511938 ], [ -72.269975653041655, 42.401622051303839 ], [ -72.268183243556237, 42.403790791547948 ], [ -72.268248767610288, 42.409182254079319 ], [ -72.269376161758331, 42.412140265783897 ], [ -72.266098840076054, 42.411892531071068 ], [ -72.26610537503845, 42.412431676714696 ], [ -72.265020544242418, 42.412978081057467 ], [ -72.26507601774307, 42.41756081611981 ], [ -72.267704587213572, 42.424283166919963 ], [ -72.268432294441524, 42.424278311937606 ], [ -72.269173126388381, 42.425351740002355 ], [ -72.271726728180752, 42.425873838529334 ], [ -72.275414971980851, 42.429892963500762 ], [ -72.278332697400458, 42.430412463648388 ], [ -72.277641414487888, 42.433382664430049 ], [ -72.278763034685227, 42.435801424961141 ], [ -72.281327139111951, 42.437132021763887 ], [ -72.284966408780392, 42.437107270390442 ] ], [ [ -72.265967006961063, 42.431034579660604 ], [ -72.266688250161195, 42.430490592487629 ], [ -72.266304744960664, 42.428875585003645 ], [ -72.265567186435121, 42.428071711213036 ], [ -72.264475559694162, 42.428078964789734 ], [ -72.264141023502987, 42.430507526190034 ], [ -72.264511436396376, 42.431044253843154 ], [ -72.265967006961063, 42.431034579660604 ] ], [ [ -72.273618646651911, 42.431792202367681 ], [ -72.273608745086719, 42.43098348831267 ], [ -72.270700896285817, 42.431272582937751 ], [ -72.270710760679052, 42.432081297185007 ], [ -72.273618646651911, 42.431792202367681 ] ], [ [ -72.262484224848848, 42.443998151215524 ], [ -72.262474463904056, 42.443189438649242 ], [ -72.264658239794613, 42.443174959140734 ], [ -72.265723987593091, 42.441011136945292 ], [ -72.267547012674285, 42.44126859308529 ], [ -72.268986411871353, 42.439911026190231 ], [ -72.268970006105533, 42.438563171376899 ], [ -72.269694593539313, 42.438288737416023 ], [ -72.269651901820481, 42.434784312819573 ], [ -72.268917512358513, 42.434250032941357 ], [ -72.26853392736092, 42.432635034372474 ], [ -72.267078320320792, 42.432644741001212 ], [ -72.265632512446231, 42.433463143635016 ], [ -72.265639045660492, 42.434002286482865 ], [ -72.264547316466036, 42.434009540729839 ], [ -72.264553840476879, 42.434548683566724 ], [ -72.262012952035079, 42.435104712937786 ], [ -72.261298112310556, 42.436187813009703 ], [ -72.259842422315131, 42.436197428156525 ], [ -72.258760366729291, 42.437013341721595 ], [ -72.258770079179186, 42.437822055840812 ], [ -72.257678283196242, 42.437829244954159 ], [ -72.257691214883934, 42.438907530314374 ], [ -72.258419091321713, 42.438902738641808 ], [ -72.258425563542005, 42.439441881173217 ], [ -72.259517387307881, 42.439434684977428 ], [ -72.259134011118277, 42.437819657169321 ], [ -72.259861874913497, 42.437814856375816 ], [ -72.260261489533633, 42.440777737522367 ], [ -72.262100745122183, 42.442383135114447 ], [ -72.261392322552041, 42.444005375532086 ], [ -72.262484224848848, 42.443998151215524 ] ], [ [ -72.255929581609109, 42.443771770807082 ], [ -72.25591990460606, 42.442963057642061 ], [ -72.254828019452646, 42.442970219722589 ], [ -72.254837682479234, 42.443778932977857 ], [ -72.255929581609109, 42.443771770807082 ] ] ], [ [ [ -72.379406314948227, 42.449634943399701 ], [ -72.37902731457099, 42.448559454411253 ], [ -72.379380045146931, 42.447747974708477 ], [ -72.380108013472366, 42.447742413877194 ], [ -72.382333336176089, 42.450690938857896 ], [ -72.380513330661572, 42.45070486746188 ], [ -72.380134305017236, 42.449629382404943 ], [ -72.379406314948227, 42.449634943399701 ] ] ], [ [ [ -72.303164792365791, 42.494404883269326 ], [ -72.303151072541013, 42.493326618479749 ], [ -72.303879572919556, 42.493321539532076 ], [ -72.30425412688794, 42.494127696856651 ], [ -72.305346891146215, 42.494120066251803 ], [ -72.304621817891828, 42.494394720598642 ], [ -72.30427130051315, 42.495475527345519 ], [ -72.303164792365791, 42.494404883269326 ] ] ], [ [ [ -72.304298779839044, 42.497632055121429 ], [ -72.304288474871797, 42.496823357350763 ], [ -72.305381285794169, 42.496815726425488 ], [ -72.305391604761411, 42.497624424100017 ], [ -72.304298779839044, 42.497632055121429 ] ] ], [ [ [ -72.31499500993614, 42.507801332656143 ], [ -72.315005453893463, 42.508610027092551 ], [ -72.314280256198217, 42.508884741136718 ], [ -72.31426982148831, 42.508076046694356 ], [ -72.31499500993614, 42.507801332656143 ] ] ], [ [ [ -72.224513137482077, 42.402186836688877 ], [ -72.224883047933048, 42.402723695430772 ], [ -72.223798027557422, 42.403269712467669 ], [ -72.223425038121277, 42.402463275694785 ], [ -72.224513137482077, 42.402186836688877 ] ] ], [ [ [ -72.236296856000138, 42.414513372364802 ], [ -72.235920501908282, 42.413437404697369 ], [ -72.237015022479099, 42.413699995377307 ], [ -72.237394541941953, 42.415045532842051 ], [ -72.236296856000138, 42.414513372364802 ] ] ], [ [ [ -72.23812214509374, 42.415040869435401 ], [ -72.237767783870538, 42.415851921910431 ], [ -72.237394541941953, 42.415045532842051 ], [ -72.23812214509374, 42.415040869435401 ] ] ], [ [ [ -72.240681392101706, 42.416102804540785 ], [ -72.239963245504455, 42.416916203932367 ], [ -72.239589969279322, 42.416109822189284 ], [ -72.240681392101706, 42.416102804540785 ] ] ], [ [ [ -72.21630622528312, 42.416257066858051 ], [ -72.216300114732732, 42.415717918973961 ], [ -72.217027727160115, 42.41571338890374 ], [ -72.21703996077818, 42.416791684525535 ], [ -72.216312335937744, 42.416796214671884 ], [ -72.216324557559773, 42.417874510088524 ], [ -72.215599972568853, 42.418148609540815 ], [ -72.214866233501525, 42.417613982869668 ], [ -72.21630622528312, 42.416257066858051 ] ] ], [ [ [ -72.235277591192272, 42.420720534957056 ], [ -72.234154771511328, 42.418031768947777 ], [ -72.235977005024964, 42.418289726283106 ], [ -72.237062178030456, 42.417743596390856 ], [ -72.237435431652344, 42.418549986012941 ], [ -72.239254540187162, 42.418538318235903 ], [ -72.238912781398369, 42.420427665829656 ], [ -72.237821283690153, 42.42043466670173 ], [ -72.23710305105611, 42.421248047399054 ], [ -72.23455305579057, 42.420994753511607 ], [ -72.235277591192272, 42.420720534957056 ] ] ], [ [ [ -72.218898885427407, 42.420284797244733 ], [ -72.219250445632412, 42.419204230096291 ], [ -72.2203449967935, 42.419466978915736 ], [ -72.220351142213318, 42.420006126097121 ], [ -72.219262717850469, 42.420282524573707 ], [ -72.21927192228884, 42.42109124524638 ], [ -72.218544248105474, 42.421095789495851 ], [ -72.218171220502811, 42.420289339137206 ], [ -72.218898885427407, 42.420284797244733 ] ] ], [ [ [ -72.209542139260776, 42.429508983403935 ], [ -72.209527004156683, 42.428161116999298 ], [ -72.210615606802364, 42.427884811100682 ], [ -72.210600449190466, 42.426536944302597 ], [ -72.209138923616848, 42.426006771647124 ], [ -72.209114722862438, 42.423850183259376 ], [ -72.209487655907608, 42.424656662262919 ], [ -72.212395479599564, 42.424369113174059 ], [ -72.212380284868772, 42.423021245457001 ], [ -72.210564073559979, 42.423302062173555 ], [ -72.210551949177358, 42.422223767562897 ], [ -72.209460417368518, 42.422230499533249 ], [ -72.209469496649163, 42.423039220602625 ], [ -72.208741799335797, 42.423043702889807 ], [ -72.20908749898804, 42.421424019966608 ], [ -72.209812149776965, 42.421149961723756 ], [ -72.209821233403474, 42.421958682977248 ], [ -72.211640445066706, 42.421947451574759 ], [ -72.211995175761118, 42.4211364807609 ], [ -72.213450525899191, 42.421127470454493 ], [ -72.215257508736372, 42.420037887014416 ], [ -72.21526361080987, 42.420577034392004 ], [ -72.216355113439477, 42.420570247397016 ], [ -72.216731176886483, 42.421646277156661 ], [ -72.2181865380864, 42.421637206979767 ], [ -72.21819879262371, 42.422715500935446 ], [ -72.216391783936203, 42.423805129835031 ], [ -72.216400952146998, 42.424613850045901 ], [ -72.214960771970226, 42.425970764495801 ], [ -72.21499432388913, 42.428936070006351 ], [ -72.213908767980271, 42.429481990366334 ], [ -72.21391485945783, 42.430021136576464 ], [ -72.209542139260776, 42.429508983403935 ] ] ], [ [ [ -72.258433782121287, 42.470444851090249 ], [ -72.259158781164587, 42.470170485634263 ], [ -72.260257627209754, 42.470702420714368 ], [ -72.259558567558202, 42.473133345003994 ], [ -72.258466161120197, 42.473140541526128 ], [ -72.258433782121287, 42.470444851090249 ] ] ] ] } },
{ "type": "Feature", "properties": { "stage": 13, "pool_ft": 527.0, "pct": 100.0 }, "geometry": { "type": "Polygon", "coordinates": [ [ [ -72.310523410437511, 42.471707717738205 ], [ -72.310530330887701, 42.472246852772287 ], [ -72.30980207418267, 42.472251973786484 ], [ -72.309451768388584, 42.473332802538515 ], [ -72.309475959079307, 42.475219774261809 ], [ -72.310204250040087, 42.475214655312712 ], [ -72.30985047711944, 42.476025917214216 ], [ -72.310970626146457, 42.478174770694935 ], [ -72.310644535379538, 42.481142569923293 ], [ -72.308840904544738, 42.482503199999144 ], [ -72.308896165974858, 42.486816266867542 ], [ -72.309645334406596, 42.488428550282073 ], [ -72.30855612190129, 42.488705788065182 ], [ -72.307456555689541, 42.488174316200052 ], [ -72.307109567962613, 42.489524699737885 ], [ -72.308566480214097, 42.489514487187115 ], [ -72.308923799521594, 42.488972798464395 ], [ -72.310019932972693, 42.48923468990705 ], [ -72.308930708203278, 42.489511931171705 ], [ -72.30894452592068, 42.49059019635569 ], [ -72.310044146740708, 42.491121653686072 ], [ -72.309714487564008, 42.493819874231363 ], [ -72.310814171128484, 42.494351323762189 ], [ -72.310845336432692, 42.496777416383665 ], [ -72.311955484189767, 42.498117551686967 ], [ -72.31123385846557, 42.498661812938671 ], [ -72.312330169763413, 42.498923681738489 ], [ -72.312347517153114, 42.500271509302721 ], [ -72.313443861031075, 42.500533367398006 ], [ -72.313089987836477, 42.501344633851048 ], [ -72.313818579955949, 42.501339492092953 ], [ -72.313829007770337, 42.502148188034873 ], [ -72.314561088214802, 42.502412606860091 ], [ -72.315324516385999, 42.505103107048946 ], [ -72.314609798863003, 42.506186518356984 ], [ -72.315338446756215, 42.506181366999094 ], [ -72.314988047446633, 42.507262202933767 ], [ -72.315720192070486, 42.50752661403591 ], [ -72.315373274764355, 42.508877015502577 ], [ -72.314283734494282, 42.509154305911544 ], [ -72.313940254420018, 42.510774267131779 ], [ -72.313902009953992, 42.507809054706279 ], [ -72.314623717261085, 42.507264778080263 ], [ -72.312805537781301, 42.507547201477408 ], [ -72.312791650384966, 42.506468941616561 ], [ -72.312056061667832, 42.505934946785388 ], [ -72.312024845301409, 42.503508860406761 ], [ -72.310911137720794, 42.501899162313983 ], [ -72.309089640457771, 42.501911962129711 ], [ -72.30836794663729, 42.502456204889192 ], [ -72.306890057431275, 42.500849021725045 ], [ -72.305797176857993, 42.500856666946554 ], [ -72.305058274304258, 42.500053060996947 ], [ -72.303240259781305, 42.500335334075764 ], [ -72.302521961173227, 42.501149106145874 ], [ -72.302504823360238, 42.499801277426791 ], [ -72.303961973564839, 42.499791123112821 ], [ -72.303910471182093, 42.495747634681919 ], [ -72.302803964385006, 42.494676987218817 ], [ -72.30204462106154, 42.49225596304133 ], [ -72.301312710843717, 42.491991464016209 ], [ -72.298432865982249, 42.494707351030549 ], [ -72.297772489244608, 42.500103717651484 ], [ -72.297040505927953, 42.499839192046707 ], [ -72.296683023120963, 42.50038084236337 ], [ -72.298160641440319, 42.501988156582364 ], [ -72.298187914805098, 42.504144682071633 ], [ -72.299641750487211, 42.503865016765161 ], [ -72.299648581508592, 42.504404147896501 ], [ -72.298191324106739, 42.504414247669928 ], [ -72.297837233095308, 42.505225466444308 ], [ -72.296747678841669, 42.505502591388613 ], [ -72.296754485317479, 42.506041722454754 ], [ -72.298215190033744, 42.506301206310539 ], [ -72.298957491338044, 42.507374420143023 ], [ -72.29861021618467, 42.508724771195105 ], [ -72.299342309143483, 42.508989286202556 ], [ -72.29935596729598, 42.510067546939879 ], [ -72.298259516256124, 42.509805555524103 ], [ -72.297537638769469, 42.510349729322144 ], [ -72.297183506050686, 42.511160944795293 ], [ -72.298279976173035, 42.511422946348851 ], [ -72.298286796378392, 42.511962076466233 ], [ -72.296825960335042, 42.511702593912027 ], [ -72.296488823281408, 42.513861631918751 ], [ -72.297585337446392, 42.514123639887821 ], [ -72.296870213201046, 42.515206938558265 ], [ -72.299420849894702, 42.515189281138127 ], [ -72.299768143277333, 42.51383892999808 ], [ -72.301225618072735, 42.513828810315687 ], [ -72.301235886564697, 42.514637504674674 ], [ -72.302332433920228, 42.514899467440905 ], [ -72.300510559663351, 42.514912131650753 ], [ -72.300153021251646, 42.515453790536043 ], [ -72.302339289124916, 42.515438596811308 ], [ -72.304178355650521, 42.516773726519261 ], [ -72.296894043703276, 42.517093891983883 ], [ -72.294663583063709, 42.513604638776769 ], [ -72.294987197154839, 42.51036734510626 ], [ -72.293165452273755, 42.510379893265075 ], [ -72.293519632259375, 42.509568689964382 ], [ -72.294248320903648, 42.509563671915551 ], [ -72.294238142778809, 42.508754975830016 ], [ -72.293141735792375, 42.508492935648533 ], [ -72.294599088182579, 42.508482899719432 ], [ -72.294582117585335, 42.50713507247211 ], [ -72.2934925160707, 42.50741216650836 ], [ -72.292382596897625, 42.506071856737776 ], [ -72.291657329919673, 42.506346428650019 ], [ -72.291667474585296, 42.507155125486292 ], [ -72.290938813546148, 42.507160127225688 ], [ -72.2924096745828, 42.508228381231064 ], [ -72.292426599075796, 42.509576208401718 ], [ -72.291697910142148, 42.509581214935963 ], [ -72.292069021510684, 42.510117842996316 ], [ -72.290975978643047, 42.510125347679171 ], [ -72.290989494089672, 42.511203609072638 ], [ -72.292116392959002, 42.513891756053013 ], [ -72.293216278081488, 42.514423370623078 ], [ -72.293978941430439, 42.517114003390191 ], [ -72.290699449156747, 42.517136540625451 ], [ -72.289579298840877, 42.514987512344412 ], [ -72.288850547193221, 42.514992500874243 ], [ -72.287366134398965, 42.512845942383251 ], [ -72.286637407308362, 42.512850916927299 ], [ -72.287335863799626, 42.510419853925782 ], [ -72.288779783858175, 42.509331629514897 ], [ -72.288756198900913, 42.507444670466718 ], [ -72.287275329582783, 42.505567672234598 ], [ -72.286503013609888, 42.502068288555044 ], [ -72.285032396104327, 42.500999957430984 ], [ -72.285389982397106, 42.500458343340711 ], [ -72.283558481803951, 42.499662040891799 ], [ -72.283581908457279, 42.501549004929409 ], [ -72.282866686344335, 42.502632220389081 ], [ -72.28213807682917, 42.502637166507391 ], [ -72.282819876398392, 42.498858292159554 ], [ -72.282091310444102, 42.498863237987095 ], [ -72.282097991013856, 42.499402370866221 ], [ -72.280640846317667, 42.499412248789078 ], [ -72.280627510182725, 42.498333982787223 ], [ -72.279898950108944, 42.498338914758136 ], [ -72.278448478962872, 42.498887898048721 ], [ -72.278094165218533, 42.4996990573541 ], [ -72.278080872528392, 42.498620791140326 ], [ -72.278806109784924, 42.498346304080052 ], [ -72.278435180390844, 42.497809631643328 ], [ -72.279163734469677, 42.497804708923844 ], [ -72.279147096337866, 42.496456875584187 ], [ -72.280226575249387, 42.495371216129712 ], [ -72.28051083843522, 42.488899142070466 ], [ -72.277186344161734, 42.485147352231436 ], [ -72.277139886720548, 42.481373404298772 ], [ -72.27785164509055, 42.480020650397037 ], [ -72.278579993944462, 42.480015731343585 ], [ -72.27819588376552, 42.478400783662345 ], [ -72.278914237078581, 42.477587158345258 ], [ -72.278533456980597, 42.476241778931978 ], [ -72.277444318172542, 42.476518723535591 ], [ -72.277437679759444, 42.475979587149659 ], [ -72.278526809297034, 42.475702642570162 ], [ -72.278136082594756, 42.473548556221729 ], [ -72.278861031646102, 42.473274067012483 ], [ -72.278831106784338, 42.470847951015898 ], [ -72.278102863693235, 42.470852871668605 ], [ -72.277338117165087, 42.467892532312341 ], [ -72.276242489782916, 42.467630328599078 ], [ -72.276199414886307, 42.464125932280808 ], [ -72.275471249104186, 42.464130836307874 ], [ -72.275451388641855, 42.462513421435446 ], [ -72.276179535777089, 42.462508517531987 ], [ -72.275802216265163, 42.461432693146371 ], [ -72.276523721888324, 42.460888648497452 ], [ -72.276146406191017, 42.459812824795954 ], [ -72.276874522137135, 42.459807916496146 ], [ -72.277225310380672, 42.458727183130016 ], [ -72.276828101965535, 42.456033943839586 ], [ -72.275371956964051, 42.456043755260033 ], [ -72.274653803042156, 42.456857362984195 ], [ -72.273541870564031, 42.455247284473664 ], [ -72.271351095107377, 42.454722792723921 ], [ -72.271344510994226, 42.454183652984504 ], [ -72.268084668763606, 42.455553396502623 ], [ -72.267372976933714, 42.456906098559571 ], [ -72.266644893706072, 42.456910946805699 ], [ -72.265208322807737, 42.458538048420692 ], [ -72.265224653484466, 42.459885897019035 ], [ -72.263784718184709, 42.461243410080797 ], [ -72.263056584680911, 42.461248235640738 ], [ -72.263082641743381, 42.463404792176746 ], [ -72.263814060474814, 42.463669535917653 ], [ -72.263459756354479, 42.464480657671714 ], [ -72.264571594353399, 42.46609082971797 ], [ -72.264587913393271, 42.46743867581165 ], [ -72.263131503532293, 42.467448332466667 ], [ -72.263144534399487, 42.468526609167007 ], [ -72.262416316868908, 42.468531430671263 ], [ -72.262764144904338, 42.467181174521627 ], [ -72.26167509322633, 42.467457970710328 ], [ -72.260212192075187, 42.466928451918399 ], [ -72.25949696123017, 42.468011532144239 ], [ -72.259522899518657, 42.470168085753592 ], [ -72.260244645188578, 42.469624144290506 ], [ -72.260618501488139, 42.470430448293548 ], [ -72.259925947251759, 42.473400512761422 ], [ -72.258105262083077, 42.473412507015347 ], [ -72.258085843512362, 42.471795093032078 ], [ -72.256993460058197, 42.471802275593639 ], [ -72.257702307471718, 42.470180073649281 ], [ -72.259155540335883, 42.469900916488641 ], [ -72.258411118466853, 42.46855786666741 ], [ -72.258755793314648, 42.466938053258666 ], [ -72.258030829630457, 42.467212416406525 ], [ -72.258024357933976, 42.466673277623983 ], [ -72.256925600808174, 42.466141320694788 ], [ -72.258674828044235, 42.460198813151365 ], [ -72.258665113372899, 42.459390103557446 ], [ -72.257933765784571, 42.459125326837864 ], [ -72.257914355998139, 42.457507906917925 ], [ -72.25864892280687, 42.458042253863653 ], [ -72.258262219569204, 42.456157660570938 ], [ -72.258983816000665, 42.455613725063579 ], [ -72.2589546629804, 42.453187593045627 ], [ -72.258210442351825, 42.45184453621988 ], [ -72.257482416767502, 42.451849326557664 ], [ -72.257475951325844, 42.451310185642448 ], [ -72.255643002929617, 42.450243859002406 ], [ -72.255984422639827, 42.448354475645665 ], [ -72.254873115693485, 42.446744213512233 ], [ -72.255597858195969, 42.446469868814951 ], [ -72.255948936358465, 42.445389196645912 ], [ -72.254857009274644, 42.445396358997186 ], [ -72.254863451759704, 42.445935500857907 ], [ -72.253043557206482, 42.445947415203769 ], [ -72.253037130251954, 42.445408273242954 ], [ -72.253765081943385, 42.445403510995604 ], [ -72.253394676160497, 42.444866750680752 ], [ -72.254100095879579, 42.442974988691589 ], [ -72.252273866326945, 42.442447748583199 ], [ -72.251494641098589, 42.438139359269861 ], [ -72.251842535225322, 42.43678912577424 ], [ -72.252927888806582, 42.436242848795978 ], [ -72.253269314050939, 42.434353466912967 ], [ -72.254357831952234, 42.434076747886678 ], [ -72.254348176551105, 42.433268032649721 ], [ -72.255433447986235, 42.43272173158136 ], [ -72.255427001984884, 42.432182587988642 ], [ -72.256154801125732, 42.432177810620139 ], [ -72.256505790353856, 42.431097132930624 ], [ -72.257230346299551, 42.430822776897315 ], [ -72.257600702338621, 42.431359526739399 ], [ -72.257591005848454, 42.43055081123542 ], [ -72.2583187860305, 42.430546020186718 ], [ -72.257574845583079, 42.429202951704298 ], [ -72.260827064678338, 42.427294352753286 ], [ -72.261502828821691, 42.422976387530433 ], [ -72.260739439239657, 42.42001590267828 ], [ -72.259644710751132, 42.419753537993209 ], [ -72.25927116665612, 42.418947220643524 ], [ -72.257091456095679, 42.419231170719677 ], [ -72.256308962845708, 42.414653216634356 ], [ -72.2552046822817, 42.413582090446774 ], [ -72.253012291520065, 42.412787671434501 ], [ -72.252996233435326, 42.411439805466657 ], [ -72.251537906815457, 42.411179742438506 ], [ -72.251154905882046, 42.409564676976636 ], [ -72.251512265165289, 42.409023155522739 ], [ -72.252603564288833, 42.409016024823536 ], [ -72.252954485620009, 42.407935351908193 ], [ -72.253682005767587, 42.407930590141063 ], [ -72.253669148807845, 42.406852296226539 ], [ -72.255465364760809, 42.404953357222006 ], [ -72.257242097429881, 42.40143694708587 ], [ -72.259417955367198, 42.400883419231953 ], [ -72.26048641242123, 42.3989891972195 ], [ -72.263366782041061, 42.396543767710348 ], [ -72.264074622139134, 42.394921496545855 ], [ -72.264048559464925, 42.39276490416173 ], [ -72.26330819634245, 42.39169143478972 ], [ -72.26257436101389, 42.391157108937833 ], [ -72.259294916267905, 42.390639604974055 ], [ -72.258918312933616, 42.389563706469119 ], [ -72.258200702391761, 42.390377224726073 ], [ -72.255655089492819, 42.39039397083689 ], [ -72.255284989921847, 42.389857209483814 ], [ -72.252372533181088, 42.389606694947346 ], [ -72.251632405270655, 42.388533149672057 ], [ -72.250177810927553, 42.388542642743218 ], [ -72.249102833817986, 42.38989762426835 ], [ -72.249511228621486, 42.393669300331446 ], [ -72.248783872262976, 42.393674035751978 ], [ -72.247322786306299, 42.393144343712954 ], [ -72.247297295740864, 42.390987746681326 ], [ -72.245459911073965, 42.389382092849154 ], [ -72.244732603730611, 42.389386802666515 ], [ -72.243297003180047, 42.391013657651037 ], [ -72.242923837356557, 42.390207281773755 ], [ -72.240745044199272, 42.390490924257442 ], [ -72.240754519074656, 42.391299648907633 ], [ -72.239676139348148, 42.392384966705919 ], [ -72.241152944248043, 42.394262629444512 ], [ -72.241187707847473, 42.397227949674324 ], [ -72.241915105659643, 42.397223262272291 ], [ -72.242297795776082, 42.39883836319369 ], [ -72.243752628185788, 42.398828969761603 ], [ -72.24303154887096, 42.399372817381931 ], [ -72.242300961079039, 42.399107937524676 ], [ -72.241586190685993, 42.400190924594199 ], [ -72.239384976791925, 42.398587520455742 ], [ -72.239375518343479, 42.397778797072135 ], [ -72.237193304845803, 42.39779279732516 ], [ -72.235747907237524, 42.398610831515178 ], [ -72.23575418198898, 42.399149980547556 ], [ -72.23358130477547, 42.399972635720225 ], [ -72.233239476800861, 42.40186197484325 ], [ -72.232515148699889, 42.402136181807933 ], [ -72.232537015522041, 42.404023202165291 ], [ -72.2340138802561, 42.405900951374946 ], [ -72.23583576349813, 42.406158911692309 ], [ -72.234430874941097, 42.410481388222422 ], [ -72.235158425772312, 42.410476743543882 ], [ -72.235170967681782, 42.411555038568757 ], [ -72.236281153936588, 42.413165504648362 ], [ -72.237375671297244, 42.413428091916103 ], [ -72.23849224636831, 42.415577682783649 ], [ -72.241042038857415, 42.41583088974955 ], [ -72.241412169558345, 42.416367693607533 ], [ -72.239615206979821, 42.418266408074551 ], [ -72.240001122290693, 42.420151081585601 ], [ -72.239279767411162, 42.420694902930975 ], [ -72.238188265128102, 42.420701907282073 ], [ -72.23747003418012, 42.421515290216348 ], [ -72.234192351647692, 42.42126664763321 ], [ -72.234904352284374, 42.419914138761449 ], [ -72.234173561098615, 42.419649208608128 ], [ -72.234164166184755, 42.418840488857292 ], [ -72.233436518997721, 42.41884512724161 ], [ -72.233787822633673, 42.417764515337474 ], [ -72.235610046944032, 42.418022478498081 ], [ -72.237422849720005, 42.417471693046217 ], [ -72.237796106337981, 42.418278081551748 ], [ -72.238887566803726, 42.418271080914934 ], [ -72.239596278542976, 42.416648968766154 ], [ -72.237040171355616, 42.415856583076263 ], [ -72.237033883975585, 42.415317436256778 ], [ -72.235569258786441, 42.41451802423461 ], [ -72.235926779603915, 42.41397655182103 ], [ -72.235192917053084, 42.413442054189517 ], [ -72.234468464719399, 42.413716272692305 ], [ -72.234089015528824, 42.412370725152087 ], [ -72.229356680228719, 42.412131215572032 ], [ -72.228980458463226, 42.411055224603047 ], [ -72.229704904105162, 42.410781040465857 ], [ -72.229673783628797, 42.408085300399087 ], [ -72.22857628355888, 42.407553065414362 ], [ -72.227497417457528, 42.408638264912099 ], [ -72.227152259487497, 42.410258008061305 ], [ -72.224981980526579, 42.411350072662955 ], [ -72.224988164710311, 42.411889220648312 ], [ -72.226085709857529, 42.412421489295511 ], [ -72.224997441183703, 42.412697942495271 ], [ -72.225022179606711, 42.41485453331714 ], [ -72.224310024498322, 42.416206982710534 ], [ -72.225040734531888, 42.416471975697071 ], [ -72.225423109968943, 42.418087125302442 ], [ -72.226514568496981, 42.418080241977854 ], [ -72.226505271820471, 42.417271521299021 ], [ -72.227229799454221, 42.416997353149156 ], [ -72.227242207383512, 42.418075647345603 ], [ -72.227972951316119, 42.418340621599818 ], [ -72.227248411506935, 42.418614794338183 ], [ -72.227624648785437, 42.419690789013003 ], [ -72.228713026380873, 42.419414311439098 ], [ -72.230177678311861, 42.420213809751381 ], [ -72.228355412996834, 42.419955760736123 ], [ -72.22800089887545, 42.420766782178333 ], [ -72.225450959528146, 42.420513286647527 ], [ -72.225093311977645, 42.4210547256667 ], [ -72.22217645682619, 42.420533875308585 ], [ -72.221818781105398, 42.421075304151749 ], [ -72.221803386191539, 42.419727436610422 ], [ -72.219605063278124, 42.418393235298964 ], [ -72.219611202281257, 42.418932382659669 ], [ -72.220705750234004, 42.419195128066299 ], [ -72.22071804728084, 42.420273422390807 ], [ -72.21999038261805, 42.420277975782014 ], [ -72.219638829091608, 42.421358544909502 ], [ -72.218550378321083, 42.421634936560778 ], [ -72.218565704317697, 42.422982803913456 ], [ -72.216758694313214, 42.424072438501305 ], [ -72.216767867258326, 42.424881158630399 ], [ -72.215327688868129, 42.426238077581807 ], [ -72.215361258147439, 42.429203382791904 ], [ -72.214275700816373, 42.429749306575786 ], [ -72.214293985030835, 42.431366744827464 ], [ -72.213554014994685, 42.430292965428158 ], [ -72.212829275581697, 42.430567046613682 ], [ -72.211728490498913, 42.429765080756653 ], [ -72.210272941175816, 42.429774069273293 ], [ -72.209551220633173, 42.430317703032436 ], [ -72.208796224024837, 42.427896026290902 ], [ -72.209887853768862, 42.427889300626809 ], [ -72.210239610366003, 42.426808762998164 ], [ -72.208778081533126, 42.426278585797164 ], [ -72.209108672931933, 42.423311035984959 ], [ -72.2080110816744, 42.422778606867531 ], [ -72.209439233284002, 42.420343483085475 ], [ -72.210169928780076, 42.420608570199505 ], [ -72.210182046334594, 42.42168686527252 ], [ -72.21127356867683, 42.421680126459307 ], [ -72.211628302578617, 42.420869156723434 ], [ -72.213083646612944, 42.420860151054413 ], [ -72.213441395949559, 42.420318749325354 ], [ -72.214532894313876, 42.420311979606993 ], [ -72.214526798499705, 42.41977283215612 ], [ -72.215618287319103, 42.419766052145832 ], [ -72.215624392444184, 42.42030519953974 ], [ -72.216349002054997, 42.420031100076429 ], [ -72.215609129826802, 42.418957330922659 ], [ -72.215966846757681, 42.418415921096731 ], [ -72.214511559419293, 42.418424963220261 ], [ -72.214869282739301, 42.41788355673544 ], [ -72.213044105695971, 42.417355691328915 ], [ -72.213038022867153, 42.41681654341464 ], [ -72.214499368622953, 42.417346667754472 ], [ -72.214126414760898, 42.416540203560274 ], [ -72.215939362190483, 42.415989756244713 ], [ -72.215569450068188, 42.415452870457607 ], [ -72.216281783707089, 42.414100474900494 ], [ -72.217379293927749, 42.414632826279309 ], [ -72.216657807410158, 42.41517650657844 ], [ -72.217758400951737, 42.415978428147106 ], [ -72.217400713163954, 42.416519843858076 ], [ -72.218137524118674, 42.417324028330725 ], [ -72.218865154904677, 42.417319486648118 ], [ -72.218513598596331, 42.418400053111625 ], [ -72.219959671822906, 42.417582239250599 ], [ -72.219947388238381, 42.416503944144928 ], [ -72.219225902452578, 42.417047640295358 ], [ -72.219216699191961, 42.41623891882967 ], [ -72.218486016273545, 42.415973888859462 ], [ -72.219571300633021, 42.415427923556884 ], [ -72.22030812647634, 42.416232094347286 ], [ -72.220650418715607, 42.414342800119982 ], [ -72.21991668111076, 42.413808205151405 ], [ -72.219559024092987, 42.414349627851017 ], [ -72.218103830896396, 42.414358715395622 ], [ -72.21772472623347, 42.413013114142196 ], [ -72.218452307421316, 42.413008575064282 ], [ -72.219189090823193, 42.413812753484564 ], [ -72.219531403409434, 42.411923461488065 ], [ -72.221711030496664, 42.411640222124305 ], [ -72.22242935201588, 42.41082693558954 ], [ -72.222395460920353, 42.407861619299794 ], [ -72.220570510408436, 42.407333871959111 ], [ -72.219824575442104, 42.405720977685931 ], [ -72.222000908287043, 42.4051681578757 ], [ -72.221627930575593, 42.404361715641322 ], [ -72.223437378297803, 42.403541574042912 ], [ -72.223058224977237, 42.40219598689071 ], [ -72.223785681282294, 42.402191414088904 ], [ -72.223776421852349, 42.40138269012359 ], [ -72.22304589153056, 42.40111768815899 ], [ -72.224503868746652, 42.401378112781245 ], [ -72.225246779068954, 42.402721403837646 ], [ -72.227783585512043, 42.401896606954274 ], [ -72.228125576726541, 42.400007284055569 ], [ -72.229201175306073, 42.398652501752501 ], [ -72.229182519171161, 42.397035053193065 ], [ -72.230994776156194, 42.396484366216058 ], [ -72.230985425346319, 42.39567564174741 ], [ -72.233894947523581, 42.395657122497646 ], [ -72.234612930712927, 42.394843756860098 ], [ -72.236795042994004, 42.394829805529362 ], [ -72.236788759795346, 42.394290656007186 ], [ -72.235697713078508, 42.39429763678627 ], [ -72.236779335198278, 42.393481931595801 ], [ -72.23674478040499, 42.390516607441057 ], [ -72.236020597476582, 42.390790837197265 ], [ -72.235650662273869, 42.390254012754987 ], [ -72.234559685086182, 42.390260982750206 ], [ -72.235280733352766, 42.389717187056327 ], [ -72.235265059107391, 42.388369311309837 ], [ -72.235989217578791, 42.388095086154443 ], [ -72.235957840356562, 42.385399333416764 ], [ -72.236685102486433, 42.385394679059893 ], [ -72.236675680540955, 42.38458595296764 ], [ -72.23521177167126, 42.383786530605825 ], [ -72.235199234573443, 42.382708228554776 ], [ -72.23593274050495, 42.383242730010352 ], [ -72.235913916739733, 42.381625276748053 ], [ -72.236998461120038, 42.38107914273629 ], [ -72.236628574428266, 42.380542320232053 ], [ -72.239919927005289, 42.382138773345652 ], [ -72.240258293114934, 42.379979830136847 ], [ -72.237700515067829, 42.378917876629558 ], [ -72.237694225730579, 42.378378725170059 ], [ -72.234782367366904, 42.378127764731111 ], [ -72.235866861539193, 42.377581640948321 ], [ -72.235484464284312, 42.375966510686879 ], [ -72.236208479787976, 42.375692283368124 ], [ -72.236199065382664, 42.374883555435126 ], [ -72.238013772323114, 42.374602331123938 ], [ -72.238756655056079, 42.375945543306067 ], [ -72.241298530936675, 42.375659595187933 ], [ -72.242458881441323, 42.381583224518245 ], [ -72.245007319110357, 42.381836345660339 ], [ -72.245380462103881, 42.382642716343462 ], [ -72.246107691832435, 42.382638002423931 ], [ -72.246825370114777, 42.381824558137119 ], [ -72.246433121369407, 42.379400739632167 ], [ -72.247884317867971, 42.379121718470458 ], [ -72.247472927857117, 42.375080448289793 ], [ -72.248933597748703, 42.375610140634514 ], [ -72.248222395947451, 42.376962750353023 ], [ -72.248598742273089, 42.37803868698559 ], [ -72.251137455846859, 42.377482946113517 ], [ -72.252237830524876, 42.378284545045872 ], [ -72.252955380552379, 42.377471061708938 ], [ -72.256597678257194, 42.377986357245497 ], [ -72.256951585811947, 42.37717523961895 ], [ -72.25949990381622, 42.377428039988864 ], [ -72.261311334831788, 42.376876873104841 ], [ -72.262402078128858, 42.376869649445808 ], [ -72.263502584906746, 42.377671140737327 ], [ -72.267141709880235, 42.377916527368214 ], [ -72.267845971598987, 42.376024650947265 ], [ -72.266742170127884, 42.37495362576535 ], [ -72.268550191183863, 42.374132769397782 ], [ -72.268540363456097, 42.373324043882242 ], [ -72.273990467812382, 42.373017904389201 ], [ -72.275448006761664, 42.373277685260192 ], [ -72.275454617433297, 42.373816835231032 ], [ -72.276905557684174, 42.373537447647863 ], [ -72.277969713034622, 42.37137347629097 ], [ -72.277943186289889, 42.369216875391729 ], [ -72.279744251252112, 42.36785669153187 ], [ -72.280441371606713, 42.365425583017945 ], [ -72.281878768190438, 42.364067830627256 ], [ -72.281852111239814, 42.361911227078849 ], [ -72.282919238238691, 42.360016779894131 ], [ -72.282152273156058, 42.356786817989132 ], [ -72.28286919464351, 42.355973144172381 ], [ -72.282852514866718, 42.354625264785057 ], [ -72.281745501610857, 42.353284802433045 ], [ -72.282829164373197, 42.352738232961833 ], [ -72.283896107398618, 42.350843772848137 ], [ -72.28315256119167, 42.349500844789915 ], [ -72.28423280552289, 42.348684685379432 ], [ -72.284212757323161, 42.347067227699462 ], [ -72.285619531100707, 42.343283234696472 ], [ -72.285239416635321, 42.341937834323979 ], [ -72.285959478600731, 42.341393715223539 ], [ -72.286646014993579, 42.33815382452665 ], [ -72.287719309161375, 42.336798476649221 ], [ -72.288042374370718, 42.333561063463179 ], [ -72.288752237300017, 42.332208194693997 ], [ -72.289835478657039, 42.331661556685788 ], [ -72.290888381437796, 42.328688714175911 ], [ -72.291971544108605, 42.32814205562692 ], [ -72.291591385553474, 42.326796671860414 ], [ -72.29267450977332, 42.326250006466445 ], [ -72.292647500915962, 42.324093387606617 ], [ -72.294076933033409, 42.322196315483573 ], [ -72.294063405348894, 42.321118005414625 ], [ -72.296219225086986, 42.319215883745414 ], [ -72.295099003625012, 42.316797228890785 ], [ -72.294002536471694, 42.316265607045139 ], [ -72.293279451176844, 42.316540201619084 ], [ -72.292885828367133, 42.314116507074054 ], [ -72.291416099192887, 42.312778631535792 ], [ -72.291402618841957, 42.311700319017994 ], [ -72.292852065055229, 42.311420726506313 ], [ -72.293928153848611, 42.310334891166868 ], [ -72.293914631232553, 42.30925657839466 ], [ -72.292821680532867, 42.308994522690114 ], [ -72.292078436489689, 42.307651640321644 ], [ -72.294233857338128, 42.30574955052748 ], [ -72.294569963141583, 42.303590412019972 ], [ -72.295289508818342, 42.303046230064574 ], [ -72.294868819371004, 42.298465905722082 ], [ -72.301751209898924, 42.297070072420617 ], [ -72.303943627942104, 42.298133161973354 ], [ -72.304289634412385, 42.296782727595776 ], [ -72.305368706959158, 42.295966360518378 ], [ -72.307910510263838, 42.295948514260076 ], [ -72.307917389258492, 42.296487671324506 ], [ -72.308643624693545, 42.296482562021964 ], [ -72.308308036506787, 42.298641744820891 ], [ -72.309407764590148, 42.29944281044132 ], [ -72.309421548953594, 42.300521123559818 ], [ -72.310151279784193, 42.300785582974108 ], [ -72.309805376456666, 42.302136033892836 ], [ -72.310538578509707, 42.302670068885995 ], [ -72.309483584399402, 42.305373529612162 ], [ -72.308397520386336, 42.305650777796643 ], [ -72.309524946646164, 42.308608464258363 ], [ -72.310251320986737, 42.308603344806784 ], [ -72.310258221290724, 42.309142500325528 ], [ -72.312067256323772, 42.30859052609042 ], [ -72.312440821636628, 42.309396691964928 ], [ -72.313530396314022, 42.309388983420156 ], [ -72.313886656524971, 42.30884725633689 ], [ -72.315346353519459, 42.309376112888209 ], [ -72.315339409859703, 42.308836957702127 ], [ -72.316422021731157, 42.308290066491693 ], [ -72.317162309985733, 42.309363213659601 ], [ -72.322983878822726, 42.310130475266391 ], [ -72.326252636054562, 42.310107018751445 ], [ -72.326971983417636, 42.309562639169215 ], [ -72.327356313412366, 42.311177487817972 ], [ -72.330300814108199, 42.31412187795447 ], [ -72.333566225000297, 42.3138286365675 ], [ -72.336443457802304, 42.311650909429055 ], [ -72.339705137087336, 42.311087916632097 ], [ -72.339697985796363, 42.310548763132076 ], [ -72.34079115719392, 42.310810372875288 ], [ -72.341506804224807, 42.30999632564162 ], [ -72.342599973557441, 42.310257918208386 ], [ -72.344753964910737, 42.308354882143639 ], [ -72.348008178785491, 42.307252499745459 ], [ -72.347608909815037, 42.304559411603393 ], [ -72.346875373284391, 42.304025613414929 ], [ -72.346490588897694, 42.302410827693421 ], [ -72.342826789838938, 42.300011329728257 ], [ -72.342812436721474, 42.298933020587292 ], [ -72.343549471391881, 42.299736422526884 ], [ -72.344631683962731, 42.299189264552815 ], [ -72.34425058044458, 42.297844047051953 ], [ -72.363892333932711, 42.300124473602409 ], [ -72.365733815964688, 42.301997842514837 ], [ -72.366826947251155, 42.302259205040897 ], [ -72.367208556985645, 42.303604346389328 ], [ -72.370143443402398, 42.305738991594275 ], [ -72.369798792714306, 42.307089621402469 ], [ -72.370892028692367, 42.307350944980485 ], [ -72.370921695736143, 42.309507552141042 ], [ -72.372378169319276, 42.30976610825455 ], [ -72.372748793108514, 42.310302501948222 ], [ -72.371296015803836, 42.31031352634534 ], [ -72.370591869861343, 42.311936486181651 ], [ -72.370287961325914, 42.316252446740918 ], [ -72.369568910532266, 42.316797096637529 ], [ -72.368916455040434, 42.322194097731263 ], [ -72.368197324948952, 42.32273873836354 ], [ -72.368571688572317, 42.323544719199553 ], [ -72.367867325579894, 42.325167657819271 ], [ -72.367941260190335, 42.330559155574136 ], [ -72.369045999202498, 42.331629219499725 ], [ -72.369817093936305, 42.334858618034836 ], [ -72.369083018915006, 42.334324965048097 ], [ -72.367629689516136, 42.334335943043484 ], [ -72.367251579773978, 42.333260386410828 ], [ -72.36616160086966, 42.333268604267218 ], [ -72.36432655969719, 42.331934404088379 ], [ -72.363948520437674, 42.33085883603686 ], [ -72.361412669910123, 42.331417071708451 ], [ -72.361438355686531, 42.333304095557089 ], [ -72.360007028870896, 42.334932425585066 ], [ -72.360043665465753, 42.337628172108026 ], [ -72.361544784508752, 42.341121757534466 ], [ -72.361996292197929, 42.347588812810095 ], [ -72.36309755054387, 42.348389356070264 ], [ -72.36244421719843, 42.353786283590296 ], [ -72.361721000356198, 42.354061306454177 ], [ -72.361765065581451, 42.357296187868599 ], [ -72.362892229964444, 42.3599837441147 ], [ -72.362917971476605, 42.361870755805171 ], [ -72.363648633531596, 42.362134871928646 ], [ -72.364787020982646, 42.36563112513781 ], [ -72.367338999341627, 42.366151109909516 ], [ -72.366982874234495, 42.366692995870025 ], [ -72.365165282321541, 42.366706682201325 ], [ -72.364809135464114, 42.367248561363496 ], [ -72.365227971429746, 42.37128941530829 ], [ -72.365962442946326, 42.371823088542079 ], [ -72.367494282614913, 42.377473146179291 ], [ -72.368970828405708, 42.379079601069719 ], [ -72.368993054598207, 42.380697031540628 ], [ -72.370477135500551, 42.382842609066309 ], [ -72.370120943283638, 42.383384502680428 ], [ -72.371575399513631, 42.383373493304404 ], [ -72.371245213465556, 42.385802389800375 ], [ -72.372336097249772, 42.385794123837023 ], [ -72.373809234968661, 42.387130942370312 ], [ -72.37382041122018, 42.387939655710888 ], [ -72.373081963897363, 42.38713646347145 ], [ -72.371267500198627, 42.387419817324215 ], [ -72.371282358654128, 42.388498102000831 ], [ -72.370562494854724, 42.389042749410841 ], [ -72.370633021731166, 42.394164597696999 ], [ -72.372132349465957, 42.39738842968621 ], [ -72.373976908764718, 42.399261626359952 ], [ -72.373264393203925, 42.400345429938369 ], [ -72.373991816216275, 42.400339907700669 ], [ -72.374014178347153, 42.401957329193976 ], [ -72.375120267874465, 42.403027317517854 ], [ -72.375138927757021, 42.404375167766354 ], [ -72.375862661834503, 42.404100063693384 ], [ -72.376245078629069, 42.405445144667411 ], [ -72.377711270638258, 42.406242767414312 ], [ -72.378112464366083, 42.408935689866837 ], [ -72.380677568587046, 42.41026408216257 ], [ -72.380321309295923, 42.410806003864707 ], [ -72.378862475039583, 42.410547554247451 ], [ -72.37888496541926, 42.412164970869192 ], [ -72.379980056353773, 42.412426201861614 ], [ -72.379987562774801, 42.412965340490352 ], [ -72.379259994984082, 42.412970900608912 ], [ -72.37927499579925, 42.414049177749305 ], [ -72.380745182224757, 42.415116329398977 ], [ -72.379286246746503, 42.414857885420261 ], [ -72.378911205650354, 42.414051956130706 ], [ -72.377456044735155, 42.414063058159101 ], [ -72.377110959621888, 42.415413677172012 ], [ -72.376387101426246, 42.415688788351353 ], [ -72.376056931470671, 42.418117680135936 ], [ -72.377178304931476, 42.420265920494018 ], [ -72.377905956888839, 42.42026037354286 ], [ -72.377572077908539, 42.422419698249342 ], [ -72.379406274767973, 42.423484090701152 ], [ -72.378314741302816, 42.423492423621141 ], [ -72.378333475362609, 42.424840266732623 ], [ -72.379061179890442, 42.42483471248589 ], [ -72.378708573117876, 42.425646195802578 ], [ -72.379440038553227, 42.425910207666483 ], [ -72.379455045512188, 42.426988481410177 ], [ -72.380918019807524, 42.427516490815492 ], [ -72.380194039547646, 42.427791625127405 ], [ -72.380212814967933, 42.429139466520581 ], [ -72.38094432712559, 42.429403468602224 ], [ -72.380231591189229, 42.430487307466372 ], [ -72.380340509070706, 42.438304776091748 ], [ -72.381447342077607, 42.439374694197312 ], [ -72.380734502280973, 42.440458533512718 ], [ -72.380745776613935, 42.441267235827212 ], [ -72.381477431423988, 42.441531233733173 ], [ -72.380411883677752, 42.443426557637302 ], [ -72.381147322117357, 42.44396012474926 ], [ -72.381560187719487, 42.447461711451702 ], [ -72.380828463875915, 42.44719771446146 ], [ -72.380449453909108, 42.446122229496936 ], [ -72.379357529423501, 42.446130572259101 ], [ -72.379004807589467, 42.446942052221225 ], [ -72.381575235988109, 42.448539979178008 ], [ -72.382337101686815, 42.450960505573448 ], [ -72.380881091126554, 42.450971650804192 ], [ -72.380892369212702, 42.451780350980968 ], [ -72.379774064508794, 42.449901730348358 ], [ -72.379046071269372, 42.449907289065735 ], [ -72.377886644666674, 42.44506341098613 ], [ -72.377154963954453, 42.444799390498673 ], [ -72.377139992022649, 42.443721121188936 ], [ -72.375684147398701, 42.443732200741671 ], [ -72.376408329977153, 42.443457095869533 ], [ -72.376033155815975, 42.442651162838011 ], [ -72.376749842133421, 42.44183692072783 ], [ -72.375654254758501, 42.441575660875877 ], [ -72.374937557284454, 42.442389896220632 ], [ -72.374209650182038, 42.44239542437834 ], [ -72.374220841336026, 42.443204126940124 ], [ -72.372772456620979, 42.443754304634844 ], [ -72.373463107193416, 42.441053109852518 ], [ -72.374183538603575, 42.440508451097919 ], [ -72.376363454898055, 42.440222285695555 ], [ -72.376708691495168, 42.438871677097687 ], [ -72.375252958541779, 42.438882751212176 ], [ -72.375962137049584, 42.437529377600377 ], [ -72.375234286035109, 42.437534912241034 ], [ -72.375223082913507, 42.436726208641396 ], [ -72.373748758950711, 42.43538942405565 ], [ -72.374090295697826, 42.4337692535671 ], [ -72.372645849313045, 42.434588999034247 ], [ -72.371554123116994, 42.434597267834093 ], [ -72.371175346597269, 42.433521748994671 ], [ -72.370451255109074, 42.433796821636342 ], [ -72.371862233961508, 42.430550988559681 ], [ -72.370703713166279, 42.42570701500297 ], [ -72.37142399340658, 42.425162371457674 ], [ -72.371052707231996, 42.424625987399182 ], [ -72.372136820340529, 42.424078585712138 ], [ -72.371405406619914, 42.423814527331814 ], [ -72.37068885583551, 42.424628739787742 ], [ -72.369961152947496, 42.424634241115129 ], [ -72.369619559706692, 42.426254402977861 ], [ -72.368524271975176, 42.425993074291789 ], [ -72.368505746791627, 42.424645229970935 ], [ -72.370673999011743, 42.423550464287857 ], [ -72.370666570789979, 42.423011326431251 ], [ -72.369571334936822, 42.422750007499971 ], [ -72.369188955471671, 42.421404909936356 ], [ -72.368464994169315, 42.421679970900499 ], [ -72.368814004290911, 42.420598949026562 ], [ -72.367711415271415, 42.419798473851969 ], [ -72.36767810498165, 42.417372349877482 ], [ -72.366575586638547, 42.416571863200637 ], [ -72.366560801883253, 42.415493585070564 ], [ -72.365465713280685, 42.415232226605831 ], [ -72.365814739096606, 42.414151212144539 ], [ -72.364723365032489, 42.414159416220016 ], [ -72.365432491597716, 42.412806099316398 ], [ -72.365388199987535, 42.409571260722657 ], [ -72.364656982330857, 42.409307158546746 ], [ -72.364638544500181, 42.407959308188154 ], [ -72.363536228829929, 42.407158790597023 ], [ -72.362771931631869, 42.404468543620006 ], [ -72.362037107755512, 42.403934854055677 ], [ -72.362389807427334, 42.403123417584581 ], [ -72.360938566633052, 42.403403881319747 ], [ -72.360879827538668, 42.399090750705099 ], [ -72.360148749937281, 42.398826619232949 ], [ -72.36013407894643, 42.397748335729162 ], [ -72.358668305725971, 42.396950487483721 ], [ -72.357915313135379, 42.395068915235889 ], [ -72.356813307338797, 42.394268330822833 ], [ -72.357133128357432, 42.391030766341963 ], [ -72.355263783253037, 42.387270294468387 ], [ -72.355969161477859, 42.38564745547842 ], [ -72.355587295718664, 42.384302300937705 ], [ -72.356299933467241, 42.383218602773191 ], [ -72.356259779876396, 42.380253310369838 ], [ -72.355885237469437, 42.379447299538384 ], [ -72.355158053213827, 42.379452707354595 ], [ -72.355474237472365, 42.375945563974525 ], [ -72.354372595796178, 42.37514495264768 ], [ -72.354361670486441, 42.374336235059978 ], [ -72.353634544867404, 42.374341633252435 ], [ -72.351794945572607, 42.372737672524615 ], [ -72.351413246535813, 42.371392500152716 ], [ -72.350686154508196, 42.371397879712248 ], [ -72.350922759150194, 42.361960131006597 ], [ -72.350537519054228, 42.36034537895317 ], [ -72.349436211530005, 42.359544717532749 ], [ -72.34938915566272, 42.356040259233517 ], [ -72.348284322888091, 42.354970012137116 ], [ -72.348607997609236, 42.352002016534904 ], [ -72.346402143301574, 42.35013106882883 ], [ -72.345632057556443, 42.346901524097923 ], [ -72.345966628035441, 42.344742254560877 ], [ -72.344120891050693, 42.342599011094904 ], [ -72.345067021543997, 42.33180799948704 ], [ -72.345031026221491, 42.329112244854088 ], [ -72.344282842222427, 42.327500130456819 ], [ -72.346095708864638, 42.327217198398166 ], [ -72.347879668194679, 42.324777632616659 ], [ -72.34786161225469, 42.323429753913331 ], [ -72.348947808347305, 42.32315213379659 ], [ -72.350368288233724, 42.320715209876596 ], [ -72.351810424552923, 42.31989572256655 ], [ -72.35176326672179, 42.316391235121088 ], [ -72.348821276963449, 42.313716972676957 ], [ -72.347364808753852, 42.313458118222229 ], [ -72.347034058448173, 42.315886982552563 ], [ -72.3455883505776, 42.31643683438201 ], [ -72.345599153810326, 42.317245563060133 ], [ -72.343797350918607, 42.318337216549452 ], [ -72.342732748827231, 42.320232245292054 ], [ -72.341650160075659, 42.320779382980795 ], [ -72.341711101103186, 42.325362174870286 ], [ -72.341340652185139, 42.324825682812694 ], [ -72.340624835346901, 42.32563972646853 ], [ -72.339894690690471, 42.325375461981558 ], [ -72.339121664333774, 42.321876280261591 ], [ -72.338035447046082, 42.322153807594582 ], [ -72.336927833302369, 42.320813867303208 ], [ -72.334018231497865, 42.320565415620493 ], [ -72.333665628155842, 42.321376780115763 ], [ -72.331500236052619, 42.322470874152287 ], [ -72.331902475846533, 42.325433584271607 ], [ -72.330096668031203, 42.326255444962442 ], [ -72.330149705554859, 42.330299085750163 ], [ -72.329430149833556, 42.330843482837125 ], [ -72.329088025252048, 42.332463559076302 ], [ -72.32878471819096, 42.337048966124314 ], [ -72.32623423049121, 42.33652812266169 ], [ -72.32588143840718, 42.337339460501894 ], [ -72.324078723291706, 42.338430800150739 ], [ -72.324089255385488, 42.339239527024354 ], [ -72.321566717793075, 42.340875184805412 ], [ -72.321580718380517, 42.34195348700505 ], [ -72.322314481173805, 42.342487442345252 ], [ -72.321224337648104, 42.342495234118495 ], [ -72.320874945332648, 42.343576130983337 ], [ -72.319784782873597, 42.343583909105817 ], [ -72.31834169200566, 42.344402990345891 ], [ -72.318390506513126, 42.348177045386699 ], [ -72.31912082445929, 42.34844144515624 ], [ -72.318771363371425, 42.3495223342196 ], [ -72.319533125678277, 42.352212906904128 ], [ -72.319180160197021, 42.353024221393483 ], [ -72.319557570754057, 42.354099931319261 ], [ -72.320651411366867, 42.354361730187179 ], [ -72.320312430372425, 42.356251346684893 ], [ -72.32104284956182, 42.356515733775304 ], [ -72.321053345856726, 42.357324457712018 ], [ -72.322514221313781, 42.357853217700004 ], [ -72.322521231501767, 42.358392366757229 ], [ -72.323615158598926, 42.358654137185027 ], [ -72.323262209530924, 42.359465463041531 ], [ -72.323999701156055, 42.360268979948444 ], [ -72.32472315289327, 42.359994194717771 ], [ -72.325471222724786, 42.36160642492078 ], [ -72.324387776618153, 42.36215339507995 ], [ -72.324013747508516, 42.361347277234572 ], [ -72.324031306122492, 42.362695148473698 ], [ -72.323304311774919, 42.362700354965611 ], [ -72.323678339844378, 42.363506474873525 ], [ -72.32513586343677, 42.363765626684355 ], [ -72.325156963362161, 42.365383071038259 ], [ -72.324415883869747, 42.364309988384342 ], [ -72.3222313406674, 42.364056027189505 ], [ -72.320822796876925, 42.36757087632774 ], [ -72.321280831496196, 42.374846773406475 ], [ -72.320567688076849, 42.375930256651316 ], [ -72.320599169204783, 42.378356417518383 ], [ -72.321717953426599, 42.38050521776875 ], [ -72.322448658629895, 42.380769594481663 ], [ -72.32260996878253, 42.393169941447916 ], [ -72.321886128252345, 42.393444711300951 ], [ -72.322662583600788, 42.397213525063215 ], [ -72.321938697003063, 42.397488294986786 ], [ -72.321949211560138, 42.398297011260802 ], [ -72.32122180764506, 42.398302204548216 ], [ -72.321606530234433, 42.399917040628289 ], [ -72.320882608090159, 42.400191803733982 ], [ -72.320190157302804, 42.402892709409748 ], [ -72.319462700362251, 42.402897891572621 ], [ -72.319438239249152, 42.401010888208695 ], [ -72.318343596509848, 42.40074908059232 ], [ -72.317602218096596, 42.399675962783498 ], [ -72.318315680196434, 42.398592503885347 ], [ -72.318273809297239, 42.39535763676173 ], [ -72.3175324952892, 42.394284517144342 ], [ -72.316448420518284, 42.394831408420387 ], [ -72.316874797959173, 42.399681128592412 ], [ -72.315804540167818, 42.401306301360336 ], [ -72.31583237201265, 42.403462877294395 ], [ -72.316566800213636, 42.40399686184616 ], [ -72.316584211887701, 42.40534472096099 ], [ -72.317682414028226, 42.405876116747848 ], [ -72.317339582262221, 42.407496130503162 ], [ -72.318437828130754, 42.408027518810421 ], [ -72.318081047937781, 42.408569248015304 ], [ -72.318815554465445, 42.409103217569246 ], [ -72.317724261629337, 42.409110976044296 ], [ -72.317759137902328, 42.411806690207378 ], [ -72.318507643323485, 42.4134189463513 ], [ -72.317794017150305, 42.414502402621061 ], [ -72.317895183796708, 42.42231995867288 ], [ -72.316800178350633, 42.422058137712391 ], [ -72.31679320990753, 42.421518996292122 ], [ -72.315701702426651, 42.421526735568655 ], [ -72.314624094439296, 42.422612747525854 ], [ -72.3146449449697, 42.424230171538049 ], [ -72.318664771063339, 42.425549632608288 ], [ -72.319402975468378, 42.426353166592776 ], [ -72.320854927480667, 42.426073228181416 ], [ -72.322334931169763, 42.427949833114226 ], [ -72.321995605752093, 42.429839422136986 ], [ -72.321271342492096, 42.430114185713748 ], [ -72.32129937360979, 42.432270745361414 ], [ -72.322034182853983, 42.432804691313798 ], [ -72.322419136288232, 42.434419511268658 ], [ -72.3224612453144, 42.437654346463852 ], [ -72.321358946088495, 42.436853430794834 ], [ -72.321009034272976, 42.437934304335407 ], [ -72.321026550069732, 42.43928215169386 ], [ -72.322499849043169, 42.440619609774117 ], [ -72.322513887661188, 42.441697886797883 ], [ -72.321422032250695, 42.441705680273323 ], [ -72.321429042422466, 42.442244818741742 ], [ -72.320344178400106, 42.442791740391598 ], [ -72.320722145053253, 42.443867423784262 ], [ -72.321810531078796, 42.443590067843502 ], [ -72.321821051668266, 42.444398775104212 ], [ -72.32072914949191, 42.444406562005284 ], [ -72.320736154050124, 42.444945700153433 ], [ -72.321824558591274, 42.444668344154699 ], [ -72.321838586582643, 42.445746620174354 ], [ -72.320410693616196, 42.44791355213836 ], [ -72.320424698193989, 42.448991827455373 ], [ -72.321590309402637, 42.454644983359657 ], [ -72.322703455918315, 42.456254598027868 ], [ -72.322374519559787, 42.458952879081025 ], [ -72.321278860435754, 42.458691103101685 ], [ -72.32201748545863, 42.459494613701715 ], [ -72.322052572802818, 42.462190293073583 ], [ -72.3227912485941, 42.462993797997456 ], [ -72.321716562518475, 42.464349432822452 ], [ -72.320263734322836, 42.464629379420884 ], [ -72.319924149846017, 42.466518945005049 ], [ -72.319195959960794, 42.466524125403041 ], [ -72.319213444990154, 42.467871963333117 ], [ -72.317746561322011, 42.467073607705942 ], [ -72.316657752715713, 42.467350923591773 ], [ -72.317392930903196, 42.467884894462713 ], [ -72.316668211276465, 42.468159626465443 ], [ -72.316342440007858, 42.471127449493537 ], [ -72.314511399912462, 42.470331632795123 ], [ -72.314157709684181, 42.471142908942213 ], [ -72.312701222208062, 42.471153192226026 ], [ -72.312347504121604, 42.47196446264433 ], [ -72.311258587474555, 42.472241727154973 ], [ -72.31125166080713, 42.471702592163957 ], [ -72.310523410437511, 42.471707717738205 ] ], [ [ -72.209827289283623, 42.422497830391137 ], [ -72.209848485677938, 42.42438484578166 ], [ -72.21202858595673, 42.424101790621876 ], [ -72.212019473774248, 42.42329306996325 ], [ -72.21020325305004, 42.42357388096913 ], [ -72.209827289283623, 42.422497830391137 ] ], [ [ -72.216688376199755, 42.417872245552218 ], [ -72.217779831963185, 42.417865445044299 ], [ -72.217773708686479, 42.417326297447303 ], [ -72.216679205289068, 42.417063524044657 ], [ -72.216688376199755, 42.417872245552218 ] ], [ [ -72.218183474517417, 42.421367633446607 ], [ -72.217807388001305, 42.420291608358625 ], [ -72.217449676221349, 42.420833023658325 ], [ -72.216718947597215, 42.420567982765576 ], [ -72.218183474517417, 42.421367633446607 ] ], [ [ -72.218168157064497, 42.420019765515711 ], [ -72.218886619416551, 42.419206502729132 ], [ -72.217792078830044, 42.418943740026975 ], [ -72.218146713728046, 42.418132749671223 ], [ -72.21741907352731, 42.418137286811714 ], [ -72.217073605380349, 42.419756996034003 ], [ -72.218162030266271, 42.41948061821973 ], [ -72.218168157064497, 42.420019765515711 ] ], [ [ -72.223804200852939, 42.403808861553401 ], [ -72.224895413030623, 42.403801993555945 ], [ -72.226341069757055, 42.402984096679582 ], [ -72.224886139167893, 42.402993269987981 ], [ -72.223804200852939, 42.403808861553401 ] ], [ [ -72.232935135705034, 42.406986202266623 ], [ -72.232928884219845, 42.406447054080182 ], [ -72.232201379605513, 42.4064516846706 ], [ -72.232935135705034, 42.406986202266623 ] ], [ [ -72.235638116409007, 42.389175712366615 ], [ -72.236365421997888, 42.389171060034634 ], [ -72.236356003578436, 42.388362334623771 ], [ -72.235628707291156, 42.388366986897125 ], [ -72.235638116409007, 42.389175712366615 ] ], [ [ -72.238948797033188, 42.392389639961074 ], [ -72.238955098462313, 42.392928789604696 ], [ -72.239679293150203, 42.392654541516606 ], [ -72.238948797033188, 42.392389639961074 ] ], [ [ -72.251259147787991, 42.38772680036584 ], [ -72.251249539095937, 42.38691807591541 ], [ -72.250519060784484, 42.386653247460742 ], [ -72.251259147787991, 42.38772680036584 ] ], [ [ -72.254168298175287, 42.387707768491431 ], [ -72.254895585498204, 42.387702999029983 ], [ -72.254506207606724, 42.385548786182106 ], [ -72.253782158615664, 42.385823128033174 ], [ -72.254168298175287, 42.387707768491431 ] ], [ [ -72.25877331671775, 42.438091627177755 ], [ -72.258045449651377, 42.4380964210903 ], [ -72.2580519186006, 42.43863556375031 ], [ -72.258779791877743, 42.438630769797491 ], [ -72.25877331671775, 42.438091627177755 ] ], [ [ -72.260219319354206, 42.437273311606369 ], [ -72.260940683257601, 42.436729361272967 ], [ -72.260222563048075, 42.43754288293912 ], [ -72.260622192863309, 42.440505763033492 ], [ -72.261720535266448, 42.441037688145258 ], [ -72.262471210311318, 42.442919867757425 ], [ -72.263566351974461, 42.443182204071221 ], [ -72.264291015858419, 42.442907804426696 ], [ -72.265356771727625, 42.440743985486073 ], [ -72.267179787603581, 42.441001447456415 ], [ -72.268619188605157, 42.439643885061464 ], [ -72.268602790742889, 42.43829603010667 ], [ -72.269327376708006, 42.438021598438333 ], [ -72.269291270024453, 42.435056315974997 ], [ -72.26855688045049, 42.434522033832479 ], [ -72.268540485246618, 42.433174177165121 ], [ -72.267445496394373, 42.432911887505028 ], [ -72.265999687162719, 42.43373029469555 ], [ -72.266006223537687, 42.434269437487124 ], [ -72.264914489769353, 42.434276695214912 ], [ -72.264921016940889, 42.434815837995522 ], [ -72.262380120986634, 42.43537187543216 ], [ -72.261665284533663, 42.436454977712081 ], [ -72.26020958843867, 42.436464597499928 ], [ -72.259488221263965, 42.437008543288925 ], [ -72.260219319354206, 42.437273311606369 ] ], [ [ -72.265663214584407, 42.405964344861061 ], [ -72.265646888486714, 42.404616478481017 ], [ -72.264903097497182, 42.403273448966075 ], [ -72.263808641664511, 42.403011122826314 ], [ -72.26346444485894, 42.404630976885223 ], [ -72.265663214584407, 42.405964344861061 ] ], [ [ -72.264872065869483, 42.430772265390047 ], [ -72.26632109135889, 42.430223443410405 ], [ -72.265206575366264, 42.428343702023092 ], [ -72.264872065869483, 42.430772265390047 ] ], [ [ -72.281684395694171, 42.436590410290272 ], [ -72.284599134250442, 42.436840180039695 ], [ -72.285320283285898, 42.436296076944203 ], [ -72.286775971608236, 42.436286139714866 ], [ -72.287493735604656, 42.43547245224191 ], [ -72.287362719174169, 42.424959182103457 ], [ -72.286618227271433, 42.423616299527943 ], [ -72.284798981577836, 42.423628715737919 ], [ -72.282969715088115, 42.422832388346293 ], [ -72.284748767343032, 42.419585140656217 ], [ -72.284728683448236, 42.417967709509945 ], [ -72.28251574307393, 42.415556421233539 ], [ -72.282809428645351, 42.409892929097211 ], [ -72.282068546315898, 42.40881958479595 ], [ -72.28201518354193, 42.404506421304781 ], [ -72.281271046112138, 42.403163497561344 ], [ -72.279072044635811, 42.401830426898201 ], [ -72.278695038062097, 42.400754595973083 ], [ -72.278685076418967, 42.399945876318903 ], [ -72.279409179059115, 42.399671378670867 ], [ -72.27865519301875, 42.397519716427034 ], [ -72.279739640707604, 42.396973181588223 ], [ -72.281518131221361, 42.393725963819158 ], [ -72.281111157157653, 42.390223975461829 ], [ -72.279993581060083, 42.388074785392497 ], [ -72.279262969038712, 42.387810139512084 ], [ -72.278872760362873, 42.385656009267741 ], [ -72.277778551515681, 42.385393814898755 ], [ -72.277404979171763, 42.384587549861713 ], [ -72.275950479521924, 42.384597368754896 ], [ -72.275292639509772, 42.390263328056115 ], [ -72.27420826846658, 42.390809821845181 ], [ -72.273500734414981, 42.392432156891537 ], [ -72.273917201036951, 42.396742891175492 ], [ -72.273193108094375, 42.397017354456374 ], [ -72.273209593116022, 42.398365222179279 ], [ -72.275031418923888, 42.398622562479794 ], [ -72.275047943558121, 42.399970429430155 ], [ -72.27359638843204, 42.400249791868276 ], [ -72.273239267926442, 42.400791382997411 ], [ -72.271784394819832, 42.400801149189071 ], [ -72.272095433929735, 42.396485533122743 ], [ -72.270627515863481, 42.395416989953631 ], [ -72.270342661172279, 42.401889190565413 ], [ -72.268550256703392, 42.404057936388355 ], [ -72.26856008933585, 42.404866656127943 ], [ -72.269284292303723, 42.404592222507368 ], [ -72.268609256272143, 42.408910252483324 ], [ -72.270107013614663, 42.412404972922857 ], [ -72.268655151088467, 42.412684272213014 ], [ -72.266465891456647, 42.412159682042976 ], [ -72.266472429577618, 42.412698827631289 ], [ -72.26538759736944, 42.413245235398414 ], [ -72.26543656784915, 42.417288825007148 ], [ -72.268065164359768, 42.42401116801701 ], [ -72.269160001557594, 42.424273452355521 ], [ -72.269533703310785, 42.425079736570723 ], [ -72.27172014386862, 42.425334694955772 ], [ -72.272454453416444, 42.425868958125449 ], [ -72.275775547947262, 42.429620940822382 ], [ -72.278693263770421, 42.430140431867379 ], [ -72.277995362172447, 42.432571492753198 ], [ -72.278379188618104, 42.434186459817866 ], [ -72.279490873718899, 42.435796500093446 ], [ -72.281684395694171, 42.436590410290272 ] ], [ [ -72.266892540816599, 42.387354064839826 ], [ -72.267983464204235, 42.387346788279856 ], [ -72.269408505679849, 42.384910900692368 ], [ -72.269362586059813, 42.381136856658905 ], [ -72.268615715792606, 42.379524268998132 ], [ -72.266817348100616, 42.381153849746688 ], [ -72.266090137004113, 42.381158694572171 ], [ -72.265382502667819, 42.382780983320565 ], [ -72.266892540816599, 42.387354064839826 ] ], [ [ -72.26606401126925, 42.379002095768101 ], [ -72.266801003809078, 42.37980597572173 ], [ -72.267154790676429, 42.378994827050406 ], [ -72.26606401126925, 42.379002095768101 ] ], [ [ -72.276257845499174, 42.380012150599612 ], [ -72.276978418260228, 42.37946809238364 ], [ -72.276945298122541, 42.376772345778669 ], [ -72.275471144605504, 42.375164709866752 ], [ -72.27328642338253, 42.374909819719711 ], [ -72.272208881483877, 42.375995446426082 ], [ -72.272238507406144, 42.37842162010076 ], [ -72.274072953641323, 42.379757275674272 ], [ -72.276257845499174, 42.380012150599612 ] ], [ [ -72.285855450214356, 42.391539652880617 ], [ -72.287283254240208, 42.389373120037668 ], [ -72.287239620759962, 42.385868661004572 ], [ -72.286131967546638, 42.384528250364497 ], [ -72.285738195483944, 42.382104567636866 ], [ -72.283553193131809, 42.381849872880416 ], [ -72.282839324384653, 42.382933120396082 ], [ -72.282112094066434, 42.382938066493082 ], [ -72.282125431179708, 42.384016363211771 ], [ -72.283232990495975, 42.38535681258071 ], [ -72.283633368711136, 42.388319649761463 ], [ -72.284370693207478, 42.389123415416904 ], [ -72.284027098797182, 42.390743336204594 ], [ -72.285855450214356, 42.391539652880617 ] ], [ [ -72.28744440438264, 42.402312636109059 ], [ -72.289259670396618, 42.402030605241535 ], [ -72.289242842217334, 42.400682741005269 ], [ -72.288508683351708, 42.400148581699881 ], [ -72.288495233960688, 42.399070289778948 ], [ -72.287764459282698, 42.398805698562924 ], [ -72.287377250473426, 42.396921175878589 ], [ -72.286286164134225, 42.396928636300593 ], [ -72.285205121982059, 42.397744806038759 ], [ -72.285228560018354, 42.399631817980016 ], [ -72.28744440438264, 42.402312636109059 ] ], [ [ -72.294180471664902, 42.504172361344814 ], [ -72.294898912230352, 42.503358641914382 ], [ -72.293782253763794, 42.50147921240999 ], [ -72.294480309222209, 42.499048098723101 ], [ -72.295205480057319, 42.498773508515875 ], [ -72.295195291409073, 42.497964810181927 ], [ -72.294095676415708, 42.497433212147676 ], [ -72.294078719538632, 42.496085380851262 ], [ -72.294800463713017, 42.495541226639062 ], [ -72.291882974230759, 42.495291718823204 ], [ -72.291532233750303, 42.49637248656051 ], [ -72.290807074520984, 42.496647053833172 ], [ -72.290432677347212, 42.495840853357031 ], [ -72.289704146820199, 42.495845847307109 ], [ -72.289694029125599, 42.495037147860543 ], [ -72.288965507816258, 42.495042137142931 ], [ -72.288618086754383, 42.496392462528604 ], [ -72.287532007878411, 42.496939067437268 ], [ -72.287221529203677, 42.501254616519454 ], [ -72.287987143558041, 42.504214864379392 ], [ -72.294180471664902, 42.504172361344814 ] ], [ [ -72.29441708649027, 42.465080109808028 ], [ -72.296237524366902, 42.465067541732118 ], [ -72.299109290148166, 42.461812551606279 ], [ -72.302008144976909, 42.4607140361829 ], [ -72.302341385103418, 42.458285383282671 ], [ -72.301606445915183, 42.457751315065785 ], [ -72.30159276065605, 42.45667303986508 ], [ -72.299765738875806, 42.456146554775444 ], [ -72.300796325648918, 42.451286723550233 ], [ -72.300738231245248, 42.44670404404372 ], [ -72.30000685426775, 42.446439533629523 ], [ -72.299996612594839, 42.445630824814074 ], [ -72.298537303416893, 42.445371359465192 ], [ -72.296720833436666, 42.445653533686233 ], [ -72.2963636545215, 42.44619519058314 ], [ -72.293448437835508, 42.445945719196985 ], [ -72.293070923170859, 42.444869946904618 ], [ -72.291244313775024, 42.444343325092753 ], [ -72.289744630084911, 42.44084890700384 ], [ -72.289013366923911, 42.440584326392084 ], [ -72.288265292365111, 42.438971889225961 ], [ -72.287537417437747, 42.438976869551247 ], [ -72.286836401088379, 42.441138408422411 ], [ -72.287718916935049, 42.453533647043116 ], [ -72.289222158213803, 42.457297649569227 ], [ -72.292549284346308, 42.461318687929683 ], [ -72.293314664285703, 42.464278931247499 ], [ -72.29441708649027, 42.465080109808028 ] ], [ [ -72.28762913670927, 42.417139115967764 ], [ -72.288720571795366, 42.417131642846876 ], [ -72.288700387037565, 42.415514211438776 ], [ -72.287245177436873, 42.415524173049313 ], [ -72.28762913670927, 42.417139115967764 ] ], [ [ -72.289208180006341, 42.514450876975232 ], [ -72.289548942127809, 42.512561425872114 ], [ -72.288820218495033, 42.512566414213431 ], [ -72.288472697842522, 42.513916732829323 ], [ -72.289208180006341, 42.514450876975232 ] ], [ [ -72.292972373590302, 42.495014639105527 ], [ -72.293326469843464, 42.494203433071341 ], [ -72.291505191127726, 42.494215955045455 ], [ -72.292972373590302, 42.495014639105527 ] ], [ [ -72.293599218340475, 42.486922623955309 ], [ -72.293956651397721, 42.486380981277151 ], [ -72.293228230316785, 42.486385997514155 ], [ -72.293599218340475, 42.486922623955309 ] ], [ [ -72.29839876920397, 42.492011687289107 ], [ -72.298391950197782, 42.491472554309411 ], [ -72.299120429561526, 42.491467505440426 ], [ -72.299106779456551, 42.490389239334824 ], [ -72.298007263483854, 42.489857677552621 ], [ -72.295821880508299, 42.489872789244828 ], [ -72.295471237573551, 42.490953570514066 ], [ -72.29839876920397, 42.492011687289107 ] ], [ [ -72.297941417330719, 42.398196389303266 ], [ -72.297948222433732, 42.398735534853785 ], [ -72.299396226382015, 42.398186292434936 ], [ -72.299386000337066, 42.397377574107558 ], [ -72.300466853125343, 42.396561271096203 ], [ -72.300439548435364, 42.394404687978358 ], [ -72.301523754347258, 42.393857947472497 ], [ -72.301102009107112, 42.389277737166061 ], [ -72.300731530322736, 42.388741121926785 ], [ -72.299276938800631, 42.388751235699388 ], [ -72.298539429173047, 42.387947565506167 ], [ -72.296728005676826, 42.388499317123191 ], [ -72.294967390832142, 42.393094640106739 ], [ -72.295025017660066, 42.397677382077411 ], [ -72.295759202883502, 42.398211500121974 ], [ -72.297941417330719, 42.398196389303266 ] ], [ [ -72.299109095920755, 42.346695065548559 ], [ -72.30055589884519, 42.346145802034272 ], [ -72.302688437194405, 42.342356536780706 ], [ -72.302643982993487, 42.338852046617802 ], [ -72.301170060031737, 42.337244726528624 ], [ -72.298266644670889, 42.337534523520873 ], [ -72.296477020181285, 42.339703735797777 ], [ -72.296898100211237, 42.344284014263017 ], [ -72.299109095920755, 42.346695065548559 ] ], [ [ -72.299477840978383, 42.490925846286153 ], [ -72.300927946250681, 42.49037659722994 ], [ -72.300910845395464, 42.489028764430735 ], [ -72.300556875630932, 42.489839994869868 ], [ -72.299467598865107, 42.490117146652217 ], [ -72.299477840978383, 42.490925846286153 ] ], [ [ -72.302354042160843, 42.487940363824762 ], [ -72.303429545578297, 42.486584917932703 ], [ -72.303388379042872, 42.483350116084551 ], [ -72.301911063839412, 42.481742860983353 ], [ -72.301186117784056, 42.482017494608435 ], [ -72.300481672825782, 42.483909525890112 ], [ -72.300509017665632, 42.486066061136853 ], [ -72.302354042160843, 42.487940363824762 ] ], [ [ -72.304656180532348, 42.382782599996922 ], [ -72.306090015318546, 42.381154976799827 ], [ -72.306347058726928, 42.372795638654026 ], [ -72.304861958948152, 42.370379655264102 ], [ -72.30376448086372, 42.369848132779346 ], [ -72.301219706612684, 42.369865886997509 ], [ -72.300523336020788, 42.372297118932877 ], [ -72.299799638446004, 42.37257175116445 ], [ -72.299891693772878, 42.379850252121997 ], [ -72.301376826073806, 42.382266294448726 ], [ -72.304656180532348, 42.382782599996922 ] ], [ [ -72.307171611431968, 42.494376891604396 ], [ -72.306793573259782, 42.49330117769486 ], [ -72.305704264152382, 42.493578388169162 ], [ -72.305697382582082, 42.49303925584659 ], [ -72.306790127823277, 42.493031611556013 ], [ -72.306783237038502, 42.492492479220516 ], [ -72.304962010376244, 42.492505213842058 ], [ -72.304951697749331, 42.491696515033745 ], [ -72.303123634297549, 42.491170087974631 ], [ -72.303511891306613, 42.493054513346472 ], [ -72.304240388515808, 42.493049432117829 ], [ -72.304614945477624, 42.493855588327818 ], [ -72.307171611431968, 42.494376891604396 ] ], [ [ -72.304635563072452, 42.495472984908382 ], [ -72.305367527582462, 42.495737462588181 ], [ -72.305360648652879, 42.4951983305534 ], [ -72.304635563072452, 42.495472984908382 ] ], [ [ -72.305748997224811, 42.49708274638148 ], [ -72.305759320946905, 42.497891443965784 ], [ -72.306487873800634, 42.497886348538103 ], [ -72.306477540745121, 42.497077651017982 ], [ -72.305748997224811, 42.49708274638148 ] ], [ [ -72.306498207120924, 42.498695045883615 ], [ -72.307597948542437, 42.499226525413711 ], [ -72.307951880450517, 42.498415275365176 ], [ -72.306491318211314, 42.498155914339343 ], [ -72.306498207120924, 42.498695045883615 ] ], [ [ -72.307958781864002, 42.498954406784904 ], [ -72.308697708484488, 42.499757994376012 ], [ -72.309048173849291, 42.49867717539739 ], [ -72.307958781864002, 42.498954406784904 ] ], [ [ -72.315027393935139, 42.453882830410429 ], [ -72.317554613778185, 42.452247359423076 ], [ -72.317540657471724, 42.451169084638643 ], [ -72.318265178370012, 42.450894345963526 ], [ -72.318223275390139, 42.447659519889157 ], [ -72.317491814151083, 42.447395120581433 ], [ -72.316739446785007, 42.44551330210566 ], [ -72.314538222921001, 42.44418092294395 ], [ -72.314527795596177, 42.443372214976989 ], [ -72.312340558275679, 42.443118070709843 ], [ -72.312330159258394, 42.442309362330249 ], [ -72.311234830410811, 42.442047489722 ], [ -72.309827391664442, 42.445831708482416 ], [ -72.310558802719655, 42.446096156570007 ], [ -72.311321379809186, 42.448786722471169 ], [ -72.310971230140581, 42.449867562292432 ], [ -72.312434161413194, 42.45039643874135 ], [ -72.312444563093337, 42.451205145476884 ], [ -72.313176047324419, 42.451469576586973 ], [ -72.312825914519479, 42.452550421318286 ], [ -72.313553943832034, 42.452545281166074 ], [ -72.315027393935139, 42.453882830410429 ] ], [ [ -72.314991297949632, 42.338225979316377 ], [ -72.316081368694327, 42.338218246634312 ], [ -72.317517382490536, 42.336860040813981 ], [ -72.317835439875381, 42.333352968007183 ], [ -72.319620661400251, 42.330913844149855 ], [ -72.320654675217639, 42.326592846538873 ], [ -72.320218020641235, 42.320934330825793 ], [ -72.319082898758936, 42.31743760293503 ], [ -72.317989702666495, 42.317175787061842 ], [ -72.316481124469405, 42.312872883594942 ], [ -72.315747754124956, 42.312338887652579 ], [ -72.313568503504371, 42.312354336448571 ], [ -72.313212220834885, 42.312896062149335 ], [ -72.311759374007721, 42.312906333882907 ], [ -72.311766287624181, 42.313445488827156 ], [ -72.311039857847831, 42.313450617849483 ], [ -72.310721523974863, 42.316957686701372 ], [ -72.312292079063411, 42.326113045540723 ], [ -72.313399263944149, 42.327453221673579 ], [ -72.31342005182303, 42.32907068104781 ], [ -72.31270728963797, 42.330154126528697 ], [ -72.311620814505986, 42.330431403732597 ], [ -72.311651930010925, 42.332857591515463 ], [ -72.312748832862056, 42.333389043089767 ], [ -72.312759219331667, 42.334197771875949 ], [ -72.313859621627628, 42.334998788897792 ], [ -72.314991297949632, 42.338225979316377 ] ], [ [ -72.317936080329801, 42.453592617989933 ], [ -72.32010970235217, 42.45276838127463 ], [ -72.320459711730336, 42.451687514464773 ], [ -72.31973519127952, 42.451962266889701 ], [ -72.318996683366521, 42.451158740127418 ], [ -72.318272162617248, 42.451433483385813 ], [ -72.319010664525862, 42.452237014738103 ], [ -72.317561592110124, 42.452786496704988 ], [ -72.317936080329801, 42.453592617989933 ] ], [ [ -72.317574240019383, 42.313134714054122 ], [ -72.318300665639057, 42.313129543727747 ], [ -72.318642961786608, 42.31150949296876 ], [ -72.317556832627574, 42.311786827367769 ], [ -72.317574240019383, 42.313134714054122 ] ], [ [ -72.369148172883556, 42.418439648780208 ], [ -72.369879514969213, 42.418703721844771 ], [ -72.369872094094546, 42.418164583304502 ], [ -72.369148172883556, 42.418439648780208 ] ], [ [ -72.370291591233709, 42.422205370647873 ], [ -72.371008119659336, 42.421391160185713 ], [ -72.37098582758469, 42.41977374562142 ], [ -72.37025818062547, 42.419779248832562 ], [ -72.369549079154595, 42.421132593189938 ], [ -72.370291591233709, 42.422205370647873 ] ], [ [ -72.372608618859545, 42.431893316942997 ], [ -72.372979960945628, 42.432429695030955 ], [ -72.372968787581542, 42.431620990195661 ], [ -72.371873392974067, 42.431359693714533 ], [ -72.371884552272235, 42.432168398707923 ], [ -72.372608618859545, 42.431893316942997 ] ], [ [ -72.379575119623752, 42.435614661047943 ], [ -72.37989773764572, 42.432646633534141 ], [ -72.378798547283566, 42.432115834963433 ], [ -72.378468384187656, 42.434544723954389 ], [ -72.379567614031245, 42.435075525359665 ], [ -72.379575119623752, 42.435614661047943 ] ] ] } },
{ "type": "Feature", "properties": { "stage": 14, "pool_ft": 530.0, "pct": 100.0 }, "geometry": { "type": "Polygon", "coordinates": [ [ [ -72.294755846468249, 42.510331399434733 ], [ -72.29285163868515, 42.51021653200857 ], [ -72.294397031831139, 42.50931003945788 ], [ -72.293175047052827, 42.50842259951667 ], [ -72.294385755677027, 42.508414263014203 ], [ -72.29471716861373, 42.507260165974792 ], [ -72.293682656201668, 42.507523251559867 ], [ -72.292106778074455, 42.505998340087849 ], [ -72.291776929561934, 42.507280398169691 ], [ -72.290908945456692, 42.507030398202744 ], [ -72.291264481645044, 42.507795833382559 ], [ -72.292656171830302, 42.50842616841112 ], [ -72.291967550015457, 42.508686859519585 ], [ -72.291986822001192, 42.510222476439608 ], [ -72.290947437835086, 42.510101633127029 ], [ -72.290780889148252, 42.51061469192431 ], [ -72.294149344594146, 42.51711846559423 ], [ -72.290862681332797, 42.517141056863714 ], [ -72.287355128615559, 42.513325697719928 ], [ -72.287347145075245, 42.51268585762795 ], [ -72.286487078877556, 42.513075664867273 ], [ -72.288686123010876, 42.509093293078429 ], [ -72.288666931684531, 42.507557675141484 ], [ -72.286897478973941, 42.504370288075833 ], [ -72.286524472310816, 42.502197186578542 ], [ -72.285126613081985, 42.501054902676984 ], [ -72.285293182504873, 42.500541850735196 ], [ -72.28372721542047, 42.499784632956718 ], [ -72.28374628419904, 42.501320254907156 ], [ -72.282553163791206, 42.502736132770281 ], [ -72.282031163398258, 42.502483716964598 ], [ -72.282849842837479, 42.498766760547497 ], [ -72.281128439856317, 42.499418335812038 ], [ -72.280769907775152, 42.49839693045292 ], [ -72.27990367066856, 42.49827481564909 ], [ -72.278528115990923, 42.498924011420499 ], [ -72.278193295186512, 42.499822127285498 ], [ -72.278515488486235, 42.497900262297371 ], [ -72.27920404817192, 42.4976396507939 ], [ -72.280211567682471, 42.495201226731311 ], [ -72.280662278914619, 42.48969505489039 ], [ -72.279597968038559, 42.48752660547953 ], [ -72.278203713967528, 42.486640171250009 ], [ -72.277144264929291, 42.484855604767638 ], [ -72.277104884252552, 42.481656375508337 ], [ -72.277956696044626, 42.480626788833604 ], [ -72.277606202544334, 42.480245214936367 ], [ -72.278465876347326, 42.479855470558512 ], [ -72.278783224094568, 42.477549686729887 ], [ -72.278420121072983, 42.476144360063842 ], [ -72.277560497514841, 42.476534104475945 ], [ -72.278585101276988, 42.475503345052033 ], [ -72.278063341882742, 42.475250909471356 ], [ -72.278701153532154, 42.470895275412538 ], [ -72.277833721337515, 42.470645174607995 ], [ -72.278168392554349, 42.469747052933727 ], [ -72.277106078310752, 42.467706538949244 ], [ -72.276237123199394, 42.467328456223413 ], [ -72.276197799406177, 42.46412921216411 ], [ -72.27550644972483, 42.464133868343843 ], [ -72.275839547408879, 42.463107782081416 ], [ -72.275314759294176, 42.462599393519461 ], [ -72.276004519749833, 42.46246676861859 ], [ -72.276500990077139, 42.460671696110602 ], [ -72.275974644558872, 42.460035340297416 ], [ -72.277165531093289, 42.458491544812503 ], [ -72.277317878038403, 42.456826768535095 ], [ -72.276442778631292, 42.455936806081652 ], [ -72.275407459672167, 42.456071761105534 ], [ -72.274728755688088, 42.457100173194341 ], [ -72.273495519801173, 42.455188751707354 ], [ -72.272111451285255, 42.455070057343363 ], [ -72.271410822772836, 42.454306867891361 ], [ -72.268314240522088, 42.455479390807497 ], [ -72.265921226760213, 42.457670997133476 ], [ -72.265083480338191, 42.459852232017546 ], [ -72.263034306511969, 42.46191350961071 ], [ -72.264654866482388, 42.467277933955771 ], [ -72.263275189916271, 42.467543043380104 ], [ -72.262941864687775, 42.468569092137855 ], [ -72.262245831301982, 42.468189759167174 ], [ -72.262752011795712, 42.467162568063195 ], [ -72.261892413817264, 42.467552196479453 ], [ -72.26050193156351, 42.466921483356181 ], [ -72.259477171903995, 42.467952084233424 ], [ -72.259676191356149, 42.470126432544191 ], [ -72.260012658259711, 42.469356333378741 ], [ -72.260543544491711, 42.47037667008253 ], [ -72.260060407557049, 42.473323397077728 ], [ -72.25798605268912, 42.473337062603179 ], [ -72.257967618820459, 42.471801425198443 ], [ -72.257103325044909, 42.471807108009187 ], [ -72.2579461137735, 42.470009847454847 ], [ -72.259151475049862, 42.46961797127306 ], [ -72.258447767727617, 42.468598766017564 ], [ -72.258946323284249, 42.466931741981178 ], [ -72.258086704968321, 42.467321342024661 ], [ -72.257028148529727, 42.465536581728138 ], [ -72.258043692389066, 42.463738181637517 ], [ -72.257849356160875, 42.461947737374288 ], [ -72.258691992094143, 42.460150466830363 ], [ -72.258330972691965, 42.458873040849554 ], [ -72.257814038108336, 42.459004423192916 ], [ -72.257797148029411, 42.457596750411945 ], [ -72.258494574808751, 42.458104081535566 ], [ -72.258821767091675, 42.456566161761181 ], [ -72.258300243134428, 42.456313635470785 ], [ -72.259150481548289, 42.455156210797924 ], [ -72.259133562714482, 42.453748536843243 ], [ -72.258073668303865, 42.451835809560627 ], [ -72.255634508508223, 42.450188090691405 ], [ -72.255772091809703, 42.447243633303941 ], [ -72.254902016589909, 42.446737417058799 ], [ -72.255587054637374, 42.446221001859001 ], [ -72.255235357207454, 42.445711385896878 ], [ -72.25592497540454, 42.445578880662595 ], [ -72.255057981036757, 42.44532860678396 ], [ -72.254891311650937, 42.445841622310724 ], [ -72.252990645910288, 42.445854065255169 ], [ -72.253842367931455, 42.444824647478626 ], [ -72.253311804661081, 42.443804273301438 ], [ -72.254340857394837, 42.443157633358204 ], [ -72.25225834865202, 42.4424033710741 ], [ -72.251348796663663, 42.438569883808235 ], [ -72.253201948221275, 42.43459036665476 ], [ -72.255592998655686, 42.432271040873097 ], [ -72.256112781942292, 42.432395609833954 ], [ -72.256442963144238, 42.431113629255783 ], [ -72.257130886059173, 42.430853145176982 ], [ -72.257480981926349, 42.431234786105385 ], [ -72.257644522827562, 42.430465822700235 ], [ -72.258505178674667, 42.43020419350195 ], [ -72.257294430233117, 42.43008418219717 ], [ -72.257971592689046, 42.428927894758644 ], [ -72.260715426854006, 42.427246040634039 ], [ -72.261358575065969, 42.423274364258013 ], [ -72.260451826138564, 42.419696873804341 ], [ -72.259936755250195, 42.419956238382277 ], [ -72.259754807486601, 42.419189549710524 ], [ -72.258715445831982, 42.418940441520633 ], [ -72.258374624505279, 42.41932663215448 ], [ -72.257162551490381, 42.419078647658878 ], [ -72.256069617311482, 42.414350510249903 ], [ -72.253115389612873, 42.412834096543605 ], [ -72.252925922799918, 42.411427536852962 ], [ -72.251539807942649, 42.411052650411641 ], [ -72.251176171789623, 42.40951924282453 ], [ -72.253573976472111, 42.407839804573968 ], [ -72.257467493560142, 42.401287162270989 ], [ -72.259189541976795, 42.400891868439835 ], [ -72.263279415837644, 42.396385434717274 ], [ -72.26411793022055, 42.394332151354114 ], [ -72.263222253717501, 42.391650463896084 ], [ -72.259411886102697, 42.390651815210489 ], [ -72.258880151556625, 42.389503481001576 ], [ -72.257855086292125, 42.390406114599415 ], [ -72.256991905139728, 42.390411796683551 ], [ -72.254223618156104, 42.389918046160467 ], [ -72.25421903852984, 42.389534128861513 ], [ -72.252839490877946, 42.38967114590254 ], [ -72.251791511993119, 42.388654138623359 ], [ -72.250237827882145, 42.38866427984059 ], [ -72.249220234936303, 42.390206699090157 ], [ -72.249433826084697, 42.393660830482226 ], [ -72.247183387714472, 42.393163536506322 ], [ -72.247159190419737, 42.391115977240204 ], [ -72.245413192944028, 42.389463531540123 ], [ -72.24386551023278, 42.38998547690629 ], [ -72.243358136190906, 42.39088463185189 ], [ -72.242313294591739, 42.390123483675119 ], [ -72.24110784442486, 42.39038721873446 ], [ -72.240091499026917, 42.392057529163523 ], [ -72.238887498287951, 42.392449213382697 ], [ -72.239237271375217, 42.392830913281351 ], [ -72.240095993052137, 42.392441446793846 ], [ -72.241329996273848, 42.394609199834129 ], [ -72.241185853507901, 42.397041787999427 ], [ -72.242241313280431, 42.398698751531292 ], [ -72.243100096153015, 42.398309263161238 ], [ -72.243796750930102, 42.398816690613046 ], [ -72.242940973330036, 42.399462128722959 ], [ -72.242591141193131, 42.399080440676002 ], [ -72.241739852267358, 42.400109786656174 ], [ -72.240349555794467, 42.399350847542543 ], [ -72.239121478268686, 42.39769497600021 ], [ -72.237222256939233, 42.397707158841989 ], [ -72.233624684564177, 42.4001618060624 ], [ -72.232439764661891, 42.402217062658416 ], [ -72.233160124456759, 42.404772110772747 ], [ -72.234208070778365, 42.405789283870071 ], [ -72.235939326687557, 42.406162171648958 ], [ -72.234434276807676, 42.410395179171168 ], [ -72.238464483802616, 42.415360672182196 ], [ -72.23950670149037, 42.415865907097412 ], [ -72.240714144102157, 42.415730162224698 ], [ -72.241591186854123, 42.416876348434478 ], [ -72.240385223414066, 42.417140074255514 ], [ -72.239536650293388, 42.41842534300617 ], [ -72.240075769790494, 42.420213617218799 ], [ -72.239218167534318, 42.420731052673922 ], [ -72.238181851121354, 42.420737702578158 ], [ -72.237325719337605, 42.421383095553509 ], [ -72.234215249978021, 42.421274994434235 ], [ -72.235065458065293, 42.420117737560119 ], [ -72.233837115454776, 42.418461817828344 ], [ -72.233321945433815, 42.41872106339067 ], [ -72.233829685725752, 42.417821958636218 ], [ -72.237280929243695, 42.417543942973268 ], [ -72.237806531223612, 42.418180482218446 ], [ -72.238844301837418, 42.418301807459493 ], [ -72.239688394055094, 42.416632628364709 ], [ -72.237088815727631, 42.415881415109716 ], [ -72.235690779997938, 42.41448256306974 ], [ -72.235857522532967, 42.413969571404728 ], [ -72.234644153157063, 42.413593377552083 ], [ -72.233765796265828, 42.412319165497472 ], [ -72.231866134482431, 42.412331259905294 ], [ -72.231516297999207, 42.411949539361878 ], [ -72.230140646927524, 42.412470199678197 ], [ -72.229272732274794, 42.412091757596315 ], [ -72.229573808783542, 42.40825040459336 ], [ -72.228703004828901, 42.407616013409822 ], [ -72.227007076667789, 42.410314350039556 ], [ -72.22511921880556, 42.411350110308092 ], [ -72.225125091425255, 42.411861998912578 ], [ -72.226336900272386, 42.412110321142542 ], [ -72.224964138756775, 42.412886863773188 ], [ -72.224311476052819, 42.416218486397163 ], [ -72.22500670933384, 42.416598053415619 ], [ -72.225021390002397, 42.417877773210307 ], [ -72.226406026276706, 42.41812500642898 ], [ -72.226921219806158, 42.417865791780116 ], [ -72.226397200947815, 42.417357174751572 ], [ -72.227085097920877, 42.417096869331594 ], [ -72.227269588626456, 42.418119553824496 ], [ -72.227963386517359, 42.418371130898223 ], [ -72.227104237766923, 42.418760504442218 ], [ -72.227632694200693, 42.419653033712201 ], [ -72.228493326987632, 42.41939162817858 ], [ -72.230232315256075, 42.420404459824368 ], [ -72.228499227683727, 42.419903515620767 ], [ -72.22781867505563, 42.420803688531748 ], [ -72.225914347184641, 42.420431769173923 ], [ -72.224712653111524, 42.421079246141431 ], [ -72.22245997004751, 42.42045350004291 ], [ -72.221261161285639, 42.421356884755532 ], [ -72.221760325016902, 42.419690002178918 ], [ -72.219842947564743, 42.418166234517457 ], [ -72.219681893184116, 42.419191090436719 ], [ -72.220718186159942, 42.419184607065965 ], [ -72.22055714337742, 42.420209463957598 ], [ -72.219353941958786, 42.420728913095736 ], [ -72.219703753575644, 42.421110669793194 ], [ -72.215443683863356, 42.426256460272889 ], [ -72.215472662941423, 42.428815895891432 ], [ -72.214103743775482, 42.429976220989111 ], [ -72.214118206736458, 42.431255938003979 ], [ -72.213589844163238, 42.430363349226432 ], [ -72.213074494054041, 42.430622503421063 ], [ -72.211682429242245, 42.429735251854545 ], [ -72.209442497921586, 42.430260998208858 ], [ -72.209419509336442, 42.428213449356484 ], [ -72.208902723958914, 42.428344613185395 ], [ -72.208898416895849, 42.427960697653944 ], [ -72.210103280059585, 42.427569330557652 ], [ -72.210440124446464, 42.426799368087984 ], [ -72.208878317960213, 42.426169091362638 ], [ -72.209019463292194, 42.423352644804503 ], [ -72.208150091642167, 42.422846072454007 ], [ -72.20934767960911, 42.421814852574165 ], [ -72.208651047969724, 42.421307219408945 ], [ -72.209677317034746, 42.420405030912157 ], [ -72.209691688171176, 42.421684751464525 ], [ -72.211073467971346, 42.421676224810646 ], [ -72.211754268497586, 42.420776151098096 ], [ -72.214168009090443, 42.420377259201935 ], [ -72.214851646633065, 42.419733110977191 ], [ -72.215713782653381, 42.419599773029091 ], [ -72.215725377157455, 42.420623549096895 ], [ -72.216410452199625, 42.420107363664187 ], [ -72.215533821326517, 42.418960986548043 ], [ -72.216218879911395, 42.418444802047937 ], [ -72.216575915035733, 42.419466428620133 ], [ -72.216738471822467, 42.418569549160317 ], [ -72.216215979351531, 42.418188857932556 ], [ -72.214838618948932, 42.418581362536237 ], [ -72.214481616907534, 42.417559730357915 ], [ -72.213098483620556, 42.417440325805629 ], [ -72.213435237533545, 42.41667035268285 ], [ -72.21465143386537, 42.417302714036197 ], [ -72.21429878111725, 42.416664997378739 ], [ -72.215674653975285, 42.416144526923595 ], [ -72.216342275229977, 42.414092675285417 ], [ -72.217385747696724, 42.41472608278746 ], [ -72.216530935860661, 42.415499294166096 ], [ -72.217220305483025, 42.415367019727668 ], [ -72.217227566770731, 42.416006880357948 ], [ -72.217744233987816, 42.415875678771421 ], [ -72.217234828205477, 42.416646740889298 ], [ -72.218278351785727, 42.41728013991105 ], [ -72.219137534782945, 42.416890832099803 ], [ -72.219130254057148, 42.416250971726214 ], [ -72.218437969327127, 42.416127313388188 ], [ -72.218947356244911, 42.415356245849857 ], [ -72.220337747757057, 42.416115440603591 ], [ -72.22066419190925, 42.414449641313219 ], [ -72.219967550564263, 42.413942075729487 ], [ -72.219627976562307, 42.414456124205664 ], [ -72.217898043323373, 42.414210963979578 ], [ -72.217541016515824, 42.413189340215929 ], [ -72.218751365712563, 42.413309770032022 ], [ -72.218758642263822, 42.413949630881774 ], [ -72.219443620195207, 42.413433426569078 ], [ -72.219439250121809, 42.413049510049554 ], [ -72.218749910419987, 42.41318179785025 ], [ -72.219426140220122, 42.41189776027808 ], [ -72.221668260036751, 42.411627761769552 ], [ -72.222521493796677, 42.410726539316315 ], [ -72.222659070585763, 42.407654120993385 ], [ -72.221107834763231, 42.407919813425181 ], [ -72.221273218067282, 42.407278869756937 ], [ -72.220411261820189, 42.407412249734435 ], [ -72.220401052323254, 42.406516443265176 ], [ -72.219531821021263, 42.406009954819837 ], [ -72.221939102399148, 42.405099008918754 ], [ -72.221757658268771, 42.404332257540581 ], [ -72.223301481854051, 42.40342669405667 ], [ -72.222606403668138, 42.403047115546691 ], [ -72.223803380721904, 42.402015740412118 ], [ -72.223623387709992, 42.401376963897 ], [ -72.221729897014626, 42.401900780941432 ], [ -72.224138456160262, 42.401117760666175 ], [ -72.225364739258026, 42.40264581832065 ], [ -72.227774755062271, 42.401990694524493 ], [ -72.229101490402954, 42.397246969614969 ], [ -72.229789157427732, 42.396986646790438 ], [ -72.229434988784206, 42.396221000876778 ], [ -72.230476818789398, 42.396726319840738 ], [ -72.231155594391808, 42.3956981535 ], [ -72.231676509880742, 42.395950806410781 ], [ -72.233916526230558, 42.395552595743361 ], [ -72.234599694119368, 42.394908326454619 ], [ -72.236842638083644, 42.39476600381753 ], [ -72.237007827464282, 42.394125035561295 ], [ -72.235797810783609, 42.394004797169146 ], [ -72.236998876732983, 42.393357200327245 ], [ -72.237153616369397, 42.391820423568568 ], [ -72.236455601372413, 42.391184982451662 ], [ -72.236967550885382, 42.390669775918724 ], [ -72.234546167790484, 42.390301312696295 ], [ -72.23640194297667, 42.386577965563447 ], [ -72.23587512850068, 42.385813442364565 ], [ -72.236729302473606, 42.385040081946038 ], [ -72.235160826226505, 42.383770291384835 ], [ -72.235320051403804, 42.382617432371418 ], [ -72.235845343342334, 42.383253985812601 ], [ -72.23635127278186, 42.382226889521235 ], [ -72.235651882973841, 42.381463469206544 ], [ -72.236689046899485, 42.381584814924182 ], [ -72.236848238714146, 42.380431953215975 ], [ -72.238409194295045, 42.381061857312957 ], [ -72.239111604495861, 42.382081206659066 ], [ -72.239974673524642, 42.382075658696728 ], [ -72.240124819858394, 42.380154955233508 ], [ -72.237865976117178, 42.378889639914881 ], [ -72.237858510273597, 42.378249775028699 ], [ -72.234750161500472, 42.378141687235022 ], [ -72.235947958370545, 42.37723815287859 ], [ -72.235589360201118, 42.376088603198447 ], [ -72.23643744548896, 42.374803350780574 ], [ -72.237816704341355, 42.374666529926294 ], [ -72.239385008131904, 42.375936286935122 ], [ -72.241280575206659, 42.375668122315922 ], [ -72.242383753991916, 42.381420225832144 ], [ -72.243080216961658, 42.381927659614924 ], [ -72.245151576506899, 42.381914262176664 ], [ -72.245331731580919, 42.382553007900931 ], [ -72.246022191528908, 42.382548532720342 ], [ -72.246871662870944, 42.381391178080655 ], [ -72.246160075233206, 42.379604038990763 ], [ -72.247880090418647, 42.379080939539776 ], [ -72.247351687273778, 42.378188494720064 ], [ -72.248022421073387, 42.376520359972652 ], [ -72.247147333294421, 42.375502184868445 ], [ -72.247487987006181, 42.375116023503836 ], [ -72.248874805595946, 42.375618934812181 ], [ -72.24820258977752, 42.377159101991595 ], [ -72.24873099632913, 42.378051543113386 ], [ -72.251144392792995, 42.377779844792222 ], [ -72.251312433555668, 42.377394799173835 ], [ -72.252184570285408, 42.378156996556605 ], [ -72.253212566339542, 42.377510356548164 ], [ -72.254080149623775, 42.377888621169333 ], [ -72.25511270606647, 42.377625882534964 ], [ -72.25546402386604, 42.378135507175912 ], [ -72.257179325435544, 42.377228350180502 ], [ -72.258735798227377, 42.37747406068388 ], [ -72.261491247960237, 42.376943922488209 ], [ -72.263397564999451, 42.377571202458149 ], [ -72.267025290577479, 42.377803037542989 ], [ -72.268040695495273, 42.376132483807844 ], [ -72.267173052813561, 42.375754324322585 ], [ -72.267686180586296, 42.375366952001215 ], [ -72.266473362577216, 42.374991090291452 ], [ -72.267678413457858, 42.374727088574048 ], [ -72.268698418038923, 42.373440446074419 ], [ -72.270419638038419, 42.373044981649322 ], [ -72.273185748337724, 42.373410371777958 ], [ -72.273869842844491, 42.372893838799328 ], [ -72.275780869883022, 42.373904832062678 ], [ -72.277489472372196, 42.372485480813502 ], [ -72.278162499838032, 42.371073113614386 ], [ -72.277293293283506, 42.370567057353718 ], [ -72.279674729849091, 42.367735305451177 ], [ -72.282529321674076, 42.361316741936747 ], [ -72.283015308623732, 42.358753760299173 ], [ -72.282295041921387, 42.356326970686489 ], [ -72.282796834798532, 42.355043717926698 ], [ -72.281742622596155, 42.353515083139307 ], [ -72.283778163473386, 42.350685580786127 ], [ -72.283247906872319, 42.349665322031186 ], [ -72.284268777114946, 42.348506507502655 ], [ -72.285395408171055, 42.341971626150915 ], [ -72.287912845772055, 42.336323090118533 ], [ -72.288053460488214, 42.333762436956995 ], [ -72.290584721578753, 42.329265595866453 ], [ -72.291948458422411, 42.327976361444044 ], [ -72.291423061117797, 42.327340056480843 ], [ -72.292785136418459, 42.325922837857007 ], [ -72.292422592355408, 42.324517505047517 ], [ -72.292925530921494, 42.323362173033573 ], [ -72.29614740120968, 42.318988412519907 ], [ -72.295957259129281, 42.317581894131941 ], [ -72.294044399646452, 42.316315275694571 ], [ -72.293356269506717, 42.316448013122056 ], [ -72.292982545333743, 42.314146861080502 ], [ -72.291585521491356, 42.31274865620604 ], [ -72.291572719963526, 42.311724863294288 ], [ -72.292091584259737, 42.311849273231424 ], [ -72.29379654163894, 42.31030168641766 ], [ -72.293783704851649, 42.309277893230039 ], [ -72.292212758838062, 42.30775291121806 ], [ -72.294254387627021, 42.305563067159127 ], [ -72.295087480537717, 42.303253568524305 ], [ -72.294854032472628, 42.298391735266605 ], [ -72.301734830789087, 42.297192055208306 ], [ -72.303814777376104, 42.298073421813811 ], [ -72.305341815106459, 42.29614294213895 ], [ -72.306714320206865, 42.295621369850075 ], [ -72.307924223976798, 42.295868839393194 ], [ -72.308623539477765, 42.296631834266037 ], [ -72.308114566665949, 42.297275344304879 ], [ -72.308477303012168, 42.29868063558758 ], [ -72.310058239033623, 42.300973243055346 ], [ -72.309726548874963, 42.301999466507091 ], [ -72.310603265281557, 42.303145155637154 ], [ -72.309915313001909, 42.303277992572148 ], [ -72.309598336152007, 42.305455981627624 ], [ -72.308220740609087, 42.305593665159705 ], [ -72.308938153522462, 42.307764370786032 ], [ -72.310161399198279, 42.309035607900945 ], [ -72.310854330731019, 42.309286691429271 ], [ -72.311880609032585, 42.308639517583735 ], [ -72.312581755848555, 42.309530460258145 ], [ -72.314125259051238, 42.308879607652486 ], [ -72.315511155636273, 42.30938172272964 ], [ -72.316358374693436, 42.308223836854253 ], [ -72.317235297302361, 42.309369473903523 ], [ -72.319655721997023, 42.309864177233521 ], [ -72.326212514033074, 42.310201178825743 ], [ -72.327067907561542, 42.30968308268826 ], [ -72.328132528472182, 42.311979157821987 ], [ -72.330921498877615, 42.314262767838244 ], [ -72.332988940750298, 42.314119815235841 ], [ -72.336407039194413, 42.311791245127623 ], [ -72.339840165263425, 42.310614333552152 ], [ -72.340703950026281, 42.310736003314844 ], [ -72.341385115391006, 42.310091088461533 ], [ -72.342421311918159, 42.310211482790621 ], [ -72.344297406299532, 42.308661882378509 ], [ -72.347899196558529, 42.307227515404975 ], [ -72.34645491735543, 42.302374690814901 ], [ -72.344372529572524, 42.301366123368211 ], [ -72.342972949434852, 42.299840566039784 ], [ -72.342961023370279, 42.298944750031986 ], [ -72.344005569561403, 42.299704998930565 ], [ -72.344515903954715, 42.299189303973009 ], [ -72.344143349381952, 42.297771065501159 ], [ -72.364038345347041, 42.300292006660385 ], [ -72.365238882354248, 42.301722829146193 ], [ -72.366971567056652, 42.302349700639176 ], [ -72.367509789988304, 42.303881476058109 ], [ -72.370122142910006, 42.305781520311946 ], [ -72.369620752884373, 42.306937193896893 ], [ -72.371357146328322, 42.307819944772028 ], [ -72.370671030846339, 42.308081118357883 ], [ -72.371193542517929, 42.308461117315055 ], [ -72.371036978289453, 42.309614181655355 ], [ -72.372771700632441, 42.310368937664911 ], [ -72.371392374460683, 42.310379405383031 ], [ -72.371404704979938, 42.311275216272115 ], [ -72.370885689751134, 42.311151164471227 ], [ -72.37075199634252, 42.313967875868727 ], [ -72.37007460633734, 42.314868910030953 ], [ -72.368128319507008, 42.323842653232163 ], [ -72.367850092659921, 42.328708217410615 ], [ -72.368383293171306, 42.329856062697957 ], [ -72.367874660913287, 42.330499832835976 ], [ -72.368925298340201, 42.331643767564742 ], [ -72.369835158016443, 42.335092500441142 ], [ -72.368615479857368, 42.3342058230498 ], [ -72.367754830703916, 42.33434030850443 ], [ -72.367395835875271, 42.333319132549221 ], [ -72.36618848705163, 42.333328236202021 ], [ -72.363740602121723, 42.330914927520908 ], [ -72.362876497695893, 42.330793431435175 ], [ -72.362197072004648, 42.331566443396078 ], [ -72.36150543503831, 42.331443643263711 ], [ -72.36135560464669, 42.333108578954196 ], [ -72.360174350374166, 42.33503720703694 ], [ -72.360026215680008, 42.336830112154701 ], [ -72.361637852871723, 42.341169548802768 ], [ -72.362066539427445, 42.34730962897428 ], [ -72.363291616847107, 42.348580289546589 ], [ -72.362328008855386, 42.353834909041034 ], [ -72.361650072014243, 42.354735885798362 ], [ -72.361677961014607, 42.356783436107349 ], [ -72.364728384315242, 42.365335524125037 ], [ -72.365599969343108, 42.365968891564563 ], [ -72.367845101366086, 42.36607995778413 ], [ -72.365092768664141, 42.366740615803813 ], [ -72.36477912354745, 42.369046698199092 ], [ -72.367478337720996, 42.377089399162926 ], [ -72.368889010082, 42.379254487907396 ], [ -72.368906593742693, 42.38053419877356 ], [ -72.37049352819615, 42.382953904317397 ], [ -72.370151822771234, 42.383212457867891 ], [ -72.371539793018826, 42.383713888962511 ], [ -72.371724758115064, 42.384608377627202 ], [ -72.370856379717011, 42.38423100115736 ], [ -72.371046625239273, 42.38550940349559 ], [ -72.37260904104285, 42.3861374852751 ], [ -72.373836851141533, 42.387535993164022 ], [ -72.374527355618781, 42.387530746790823 ], [ -72.373669529711904, 42.387921216456384 ], [ -72.372621403571458, 42.387033281100912 ], [ -72.371418320889518, 42.387426352013229 ], [ -72.370579859097376, 42.3892244773767 ], [ -72.371002687668692, 42.394852575078794 ], [ -72.37382870089823, 42.39943857076161 ], [ -72.373141601302152, 42.399699753799133 ], [ -72.373152206475311, 42.400467576322129 ], [ -72.374015513681854, 42.400461022863226 ], [ -72.375277299019004, 42.404290946711463 ], [ -72.37579354155686, 42.404159035597253 ], [ -72.376329296836445, 42.405434794705279 ], [ -72.378244722953696, 42.406572047597855 ], [ -72.377555787422239, 42.406705286409732 ], [ -72.377575330893322, 42.4081129578448 ], [ -72.380366763896305, 42.410139378403187 ], [ -72.381230202449558, 42.410132770838622 ], [ -72.380202986642132, 42.410780549122165 ], [ -72.378645223075168, 42.410536484173811 ], [ -72.378664791993558, 42.411944154137416 ], [ -72.379880766657919, 42.412446799406304 ], [ -72.379198891067375, 42.413091927582073 ], [ -72.379382269986451, 42.41385842784284 ], [ -72.380781686757445, 42.415127563099247 ], [ -72.379396514527187, 42.414882186957819 ], [ -72.378865955716194, 42.413990354748961 ], [ -72.37731344724348, 42.414130181697054 ], [ -72.376300320923434, 42.415801683676129 ], [ -72.376156002613669, 42.417850516131935 ], [ -72.377224228865813, 42.420146080246454 ], [ -72.377742374245244, 42.42014213063856 ], [ -72.377601647110637, 42.422446902097846 ], [ -72.379344887268175, 42.4235854486232 ], [ -72.378310318822528, 42.423721329544598 ], [ -72.378497275900855, 42.424743768426815 ], [ -72.379188186550039, 42.424738494130636 ], [ -72.378680680122017, 42.425510267647837 ], [ -72.37956570373187, 42.427039306976312 ], [ -72.380958279541957, 42.427796558186614 ], [ -72.380096381979911, 42.427931133142522 ], [ -72.38028694600554, 42.429209506913772 ], [ -72.380981473753195, 42.429460160684542 ], [ -72.380132031053023, 42.430490521501298 ], [ -72.380228297976998, 42.437400861984727 ], [ -72.381467985752522, 42.439567085885628 ], [ -72.380791186068876, 42.440596126363033 ], [ -72.381334492394714, 42.442383726888345 ], [ -72.380484881683088, 42.443414087022596 ], [ -72.381010356375086, 42.44392199855141 ], [ -72.380693340911037, 42.445972144261141 ], [ -72.381753276032285, 42.447627806404945 ], [ -72.379654844739846, 42.445852098759893 ], [ -72.378976167538127, 42.44675315809269 ], [ -72.381243831766966, 42.448271618073527 ], [ -72.382316332396655, 42.450823055186866 ], [ -72.381632281258291, 42.451340223022697 ], [ -72.381279538811171, 42.450830993182095 ], [ -72.380948218918732, 42.451857386728619 ], [ -72.37971187220181, 42.44994710140989 ], [ -72.379022466701358, 42.450080347590323 ], [ -72.378482718979669, 42.448548677260291 ], [ -72.378993974331422, 42.448032846691262 ], [ -72.378306367534179, 42.448294057482101 ], [ -72.37720919330296, 42.44395101585755 ], [ -72.37547784379727, 42.443708226011644 ], [ -72.376510970086443, 42.443444402188128 ], [ -72.375989084511616, 42.443192408158367 ], [ -72.376840541752628, 42.442290050194082 ], [ -72.376313339049432, 42.441654150351468 ], [ -72.374421681471631, 42.442308442693836 ], [ -72.373577267862373, 42.44372265904412 ], [ -72.372887917350766, 42.4438558687118 ], [ -72.37354010739007, 42.441035307870678 ], [ -72.376464808051267, 42.440117206174946 ], [ -72.376970682510347, 42.439217476044561 ], [ -72.375237690786506, 42.438846713140748 ], [ -72.376089100193767, 42.437944359759435 ], [ -72.37433843865351, 42.436293890831671 ], [ -72.373955746177728, 42.433609157960277 ], [ -72.373793612826859, 42.434378285262092 ], [ -72.371722328562072, 42.434521967932575 ], [ -72.371884487494754, 42.433752843574688 ], [ -72.371197006711952, 42.434014012845196 ], [ -72.370322664220936, 42.433252728528238 ], [ -72.371842107620864, 42.430681576755639 ], [ -72.371122902804657, 42.428639294285915 ], [ -72.371447201122493, 42.427101044666912 ], [ -72.370565899121189, 42.425827882310983 ], [ -72.372095750394564, 42.424024540958143 ], [ -72.371403082294435, 42.42390180297636 ], [ -72.369860883088293, 42.424809347284885 ], [ -72.369534796967869, 42.426219623622792 ], [ -72.368667619016705, 42.425970204045385 ], [ -72.368648268445625, 42.424562537155012 ], [ -72.370528877229219, 42.423140518343324 ], [ -72.369483732559829, 42.42250850138435 ], [ -72.369120689005271, 42.421231411776773 ], [ -72.368607810946258, 42.421619232090414 ], [ -72.36894269190887, 42.420848806103855 ], [ -72.367536359359008, 42.419067649005676 ], [ -72.367686230711499, 42.417402737913015 ], [ -72.366463239829514, 42.416388084353237 ], [ -72.36627299406797, 42.415109683745321 ], [ -72.365412990554518, 42.415372119253959 ], [ -72.365229776657245, 42.414605597027588 ], [ -72.365922330887798, 42.414728372427035 ], [ -72.365917070987734, 42.414344462153935 ], [ -72.364879122567558, 42.414224282485215 ], [ -72.365335896343808, 42.409741432212492 ], [ -72.361974564655114, 42.403879415657762 ], [ -72.362311178160653, 42.403236976189099 ], [ -72.361104236500196, 42.403373996797775 ], [ -72.361051942409802, 42.399534879902482 ], [ -72.356828334358568, 42.393679155139431 ], [ -72.357138921879198, 42.391117165619853 ], [ -72.355358889425048, 42.387162911330499 ], [ -72.356164834456123, 42.382933444121377 ], [ -72.356131914748104, 42.380501990819425 ], [ -72.355253301235322, 42.379356668523862 ], [ -72.355553494557327, 42.376026846427123 ], [ -72.354322854763524, 42.37437219683725 ], [ -72.353634219623004, 42.37450529345135 ], [ -72.351709866847685, 42.372599793265046 ], [ -72.351872110380114, 42.37183068584141 ], [ -72.350486277750178, 42.371456987744928 ], [ -72.351097391300556, 42.365565183876207 ], [ -72.350686855284636, 42.360704807053523 ], [ -72.349463514744883, 42.35956198758992 ], [ -72.349244577276579, 42.356108017389658 ], [ -72.348366427237281, 42.354962636190599 ], [ -72.348501203883757, 42.352145975788133 ], [ -72.34657768577371, 42.350240380191742 ], [ -72.345865343577472, 42.348581818831782 ], [ -72.345814019383283, 42.344742647161873 ], [ -72.344059897839003, 42.342579792179372 ], [ -72.344947957530124, 42.331566539545442 ], [ -72.344379311959003, 42.327731155156698 ], [ -72.346605931811865, 42.326562907372306 ], [ -72.347942751830089, 42.32335341324854 ], [ -72.349482793319979, 42.322446141635837 ], [ -72.351855744703713, 42.319356920282878 ], [ -72.35111608070369, 42.31565081043032 ], [ -72.347464198622617, 42.313374052095853 ], [ -72.346808738113182, 42.315938601211137 ], [ -72.345950001217204, 42.316200897156961 ], [ -72.341702154658648, 42.320967556984456 ], [ -72.341589262572228, 42.325447878248781 ], [ -72.340892631785721, 42.324941034799075 ], [ -72.340213000450291, 42.325713917769413 ], [ -72.339509588044606, 42.324695173674684 ], [ -72.339294708102855, 42.321497104722532 ], [ -72.338270196514813, 42.322272494792188 ], [ -72.33652541171125, 42.320749380533478 ], [ -72.334280255888658, 42.320509728610205 ], [ -72.33206203288907, 42.322317605495279 ], [ -72.331712089893358, 42.321936181989862 ], [ -72.331929952402987, 42.325390211179652 ], [ -72.330049702707015, 42.326683657858901 ], [ -72.330093341854962, 42.330010959216672 ], [ -72.328924602435919, 42.332963051490438 ], [ -72.328804079888229, 42.336931457031547 ], [ -72.32604091400907, 42.336695374412358 ], [ -72.32417354210466, 42.339012505094693 ], [ -72.321611043935363, 42.340950618614507 ], [ -72.321448511780673, 42.341719688592619 ], [ -72.32232266446178, 42.342609332934217 ], [ -72.321115132066254, 42.342617963193987 ], [ -72.320610895473763, 42.343645440856299 ], [ -72.318205719364499, 42.344430489935377 ], [ -72.319350150454824, 42.35286931918268 ], [ -72.319710138803146, 42.354018613215295 ], [ -72.320576137347743, 42.354268405689268 ], [ -72.320254294092095, 42.356062482859201 ], [ -72.321131950373811, 42.357208078382698 ], [ -72.323565898186757, 42.358598501259301 ], [ -72.323582559233245, 42.359878224856587 ], [ -72.324105215802291, 42.360258433619812 ], [ -72.324792089349188, 42.359997541036464 ], [ -72.325167241530849, 42.362298566598483 ], [ -72.323945998170231, 42.361283448444823 ], [ -72.324136893928127, 42.362689907088459 ], [ -72.32345332035942, 42.363206740104388 ], [ -72.32518894440561, 42.363962205523237 ], [ -72.325207309268222, 42.365369899509169 ], [ -72.324331133702827, 42.364352309383307 ], [ -72.32242793906201, 42.363981981898114 ], [ -72.320921376959205, 42.367576298878113 ], [ -72.321301418634405, 42.370261249382963 ], [ -72.32071239530535, 42.378072466573713 ], [ -72.321427734586209, 42.379987116273917 ], [ -72.32264929872413, 42.38100225685757 ], [ -72.321987140287789, 42.383182711139092 ], [ -72.322618192581729, 42.391881075543175 ], [ -72.321783274140202, 42.394062757251113 ], [ -72.322513811111861, 42.39712913473533 ], [ -72.321323525446203, 42.39854545075584 ], [ -72.321514475377086, 42.399951901710111 ], [ -72.320830477461129, 42.400468714708182 ], [ -72.32051006724889, 42.402390744741425 ], [ -72.319653365535032, 42.402908781379992 ], [ -72.319284807105149, 42.401119644126503 ], [ -72.317710963858516, 42.399595041832605 ], [ -72.318386694553965, 42.398438390893951 ], [ -72.318355219660248, 42.396006935784889 ], [ -72.317646412272936, 42.394604159761407 ], [ -72.316781526100783, 42.394482318947539 ], [ -72.316299938152213, 42.397301364810659 ], [ -72.317012053626172, 42.398960090825184 ], [ -72.315836473960843, 42.401528090537525 ], [ -72.316037222815041, 42.403702376631252 ], [ -72.316749403504375, 42.405361101764647 ], [ -72.317619404263496, 42.405866855738012 ], [ -72.317468241580329, 42.407531705959983 ], [ -72.319042276585776, 42.409056308704244 ], [ -72.31766078831815, 42.409066131291766 ], [ -72.318409526165084, 42.413540203375938 ], [ -72.317755159628845, 42.416360470357034 ], [ -72.317832990956873, 42.422375091128828 ], [ -72.316966069976118, 42.422125281942698 ], [ -72.316957798153481, 42.421485428986379 ], [ -72.315748757921767, 42.421494002738747 ], [ -72.314556212213574, 42.42278226994803 ], [ -72.314567759007005, 42.423678064018382 ], [ -72.315097491588588, 42.424570190248446 ], [ -72.316828084354199, 42.424813888930736 ], [ -72.31718181700225, 42.425451289770201 ], [ -72.318042157848083, 42.425189215279417 ], [ -72.319611666950934, 42.426329892467578 ], [ -72.320644742143671, 42.426066568745846 ], [ -72.322033260585926, 42.426568591893684 ], [ -72.321171254492725, 42.42670272574447 ], [ -72.322225976180619, 42.428103002543338 ], [ -72.321231127473155, 42.431309656754578 ], [ -72.322521982584647, 42.437571561168653 ], [ -72.322179785509718, 42.437829968830343 ], [ -72.321475415686308, 42.436811140668709 ], [ -72.320982073703746, 42.438734387508056 ], [ -72.322573633037678, 42.441538629745935 ], [ -72.322234745823522, 42.442052977073971 ], [ -72.32154031288232, 42.441801969771987 ], [ -72.321038617918475, 42.443085365241529 ], [ -72.320515294576524, 42.44270514997725 ], [ -72.320528591668875, 42.443728908913627 ], [ -72.321736392173179, 42.443592315171962 ], [ -72.321914167426499, 42.443974991637731 ], [ -72.321748044583714, 42.444488103934297 ], [ -72.320884130465444, 42.444494265237118 ], [ -72.32089078213464, 42.445006144488673 ], [ -72.321927487455724, 42.444998750088658 ], [ -72.320595083595649, 42.448847699650962 ], [ -72.322600814713425, 42.456896221314395 ], [ -72.322456327044605, 42.459072934568979 ], [ -72.32141606203713, 42.458824395006012 ], [ -72.322680824501973, 42.463038747591057 ], [ -72.321662137793965, 42.464453809811616 ], [ -72.320967460811175, 42.46420280047235 ], [ -72.320114909978585, 42.465104740156562 ], [ -72.319962009666853, 42.466641600203168 ], [ -72.319268975583171, 42.466518549886935 ], [ -72.319104431836379, 42.467159624561383 ], [ -72.319456764032424, 42.467669042573789 ], [ -72.317548827568118, 42.467170674477295 ], [ -72.316687912735247, 42.467432742530967 ], [ -72.317555454590831, 42.467682550986808 ], [ -72.316867379887597, 42.467943393606362 ], [ -72.316217343137339, 42.471147520777002 ], [ -72.314651734269361, 42.470390717344024 ], [ -72.31414307233257, 42.471162197336469 ], [ -72.31310428872878, 42.47104155254187 ], [ -72.312426037853072, 42.472070182716926 ], [ -72.311390531368133, 42.472205460595077 ], [ -72.310506525804016, 42.470675915003838 ], [ -72.309994527836508, 42.471191438422643 ], [ -72.31052623703701, 42.472211544156657 ], [ -72.310006018769911, 42.472087222101521 ], [ -72.309847931597744, 42.473240158844497 ], [ -72.309154844807111, 42.473117047895549 ], [ -72.30935231049888, 42.475035369149261 ], [ -72.310221569891141, 42.475413201324798 ], [ -72.310065120149005, 42.476694106303881 ], [ -72.311122074610864, 42.478222436076642 ], [ -72.310814121742439, 42.481168152302921 ], [ -72.309440898391856, 42.481945688603808 ], [ -72.308767388761268, 42.483358200500959 ], [ -72.308982913109816, 42.486684172297963 ], [ -72.309867105923686, 42.488213723213967 ], [ -72.308490439742968, 42.488735309705085 ], [ -72.307617732938539, 42.488101528623687 ], [ -72.307115386985643, 42.489384848228902 ], [ -72.308329005902962, 42.489632302335998 ], [ -72.309185337067817, 42.488986392682634 ], [ -72.310056429699657, 42.489492193246342 ], [ -72.309018992318286, 42.489499480698875 ], [ -72.3088526448647, 42.490012568405781 ], [ -72.310079420312007, 42.49128375184366 ], [ -72.309748372124176, 42.492437897935751 ], [ -72.310263829674696, 42.492178315289301 ], [ -72.310446601240002, 42.492944909851303 ], [ -72.310108981588314, 42.493587183076031 ], [ -72.309751655321733, 42.492693834740351 ], [ -72.309590229280062, 42.49359082820218 ], [ -72.310291755352409, 42.494353777598334 ], [ -72.310981789247066, 42.494220944375698 ], [ -72.311022894804736, 42.497420151233278 ], [ -72.312073633623953, 42.498436591258468 ], [ -72.311385201010438, 42.498697399042598 ], [ -72.312427730858701, 42.499073994757289 ], [ -72.31244255590174, 42.500225707871053 ], [ -72.313310531692665, 42.500475546152551 ], [ -72.313147487610451, 42.501244574689302 ], [ -72.314547509678448, 42.502514486665952 ], [ -72.315448593642287, 42.505323667561044 ], [ -72.314760099850659, 42.505584495022688 ], [ -72.314954532428516, 42.507246854623212 ], [ -72.315825923343027, 42.507752609124879 ], [ -72.315321934557531, 42.508907990036661 ], [ -72.314119473682808, 42.509556385266308 ], [ -72.314485215590508, 42.511089554608787 ], [ -72.313785103021004, 42.510454601881364 ], [ -72.313753749545768, 42.508023214130979 ], [ -72.314610274732658, 42.507377267327676 ], [ -72.31374714912198, 42.507511342822021 ], [ -72.313569244415689, 42.507128660041786 ], [ -72.312884019843992, 42.507645411849246 ], [ -72.311964906385427, 42.503428564905029 ], [ -72.310559985534198, 42.501774717657774 ], [ -72.310049378184615, 42.502418205177541 ], [ -72.309178107209704, 42.50191240629173 ], [ -72.308494542628267, 42.502557100802491 ], [ -72.306743857043017, 42.500905632155977 ], [ -72.305706231678656, 42.50091288976688 ], [ -72.305352192007405, 42.500275465933569 ], [ -72.304836648130276, 42.500535026055637 ], [ -72.305003055962402, 42.500021945574808 ], [ -72.303276961440588, 42.500289946762884 ], [ -72.302428551314051, 42.5015756516366 ], [ -72.302746760444492, 42.499397783350098 ], [ -72.303790880018866, 42.499902425363814 ], [ -72.30410740341506, 42.49759658403736 ], [ -72.30267027158051, 42.493383269836023 ], [ -72.301441979793367, 42.491984039703851 ], [ -72.298365148218608, 42.494820949162929 ], [ -72.297912709145805, 42.50007124602481 ], [ -72.297046415910444, 42.499949260108558 ], [ -72.29671023780557, 42.500719461190819 ], [ -72.298284476744612, 42.502116343646954 ], [ -72.298310375190653, 42.504163834925912 ], [ -72.299517759130509, 42.503899508168395 ], [ -72.299695569531167, 42.504282212959112 ], [ -72.296770011082586, 42.505454285647957 ], [ -72.297471514035166, 42.50621731065791 ], [ -72.298505989244788, 42.505954190980788 ], [ -72.298169796965411, 42.506724395083793 ], [ -72.29905076785127, 42.507998084765404 ], [ -72.298539992799604, 42.508641520225595 ], [ -72.299249656304042, 42.510044373639808 ], [ -72.297524880491139, 42.510440255918802 ], [ -72.297188652338193, 42.511210456231645 ], [ -72.298407509330971, 42.511841917161988 ], [ -72.296679447894448, 42.511981850810841 ], [ -72.296352890945883, 42.51351985566923 ], [ -72.297916114040063, 42.514020963458051 ], [ -72.296714992650337, 42.514797144058868 ], [ -72.297240387262477, 42.515305428141858 ], [ -72.299316113025867, 42.515291056044966 ], [ -72.299644228574309, 42.513881011349774 ], [ -72.300685315413816, 42.514129743926794 ], [ -72.301026389790323, 42.513743437449506 ], [ -72.301209111596577, 42.514510042238086 ], [ -72.303118350316964, 42.515008674694251 ], [ -72.300523705659131, 42.515026719544025 ], [ -72.300011266283491, 42.515542192558136 ], [ -72.302432954596426, 42.515525363280304 ], [ -72.304179040150984, 42.516792987965317 ], [ -72.296744077082494, 42.517100564203382 ], [ -72.294621556067625, 42.513403822660003 ], [ -72.294755846468249, 42.510331399434733 ] ], [ [ -72.318468667621232, 42.31140846485895 ], [ -72.317442411782423, 42.312055697165498 ], [ -72.317802133412727, 42.313205007267541 ], [ -72.318488522407392, 42.312944149674927 ], [ -72.318468667621232, 42.31140846485895 ] ], [ [ -72.314842335945613, 42.337799172263303 ], [ -72.31536640659391, 42.33830739566217 ], [ -72.316225570187839, 42.338045329486924 ], [ -72.317416485056427, 42.33675701993927 ], [ -72.317890946753764, 42.333426038332668 ], [ -72.319245933723693, 42.331496615225333 ], [ -72.320743434371877, 42.327262425272764 ], [ -72.32014810414681, 42.321251369358855 ], [ -72.3190687134896, 42.317803462700816 ], [ -72.318022514419425, 42.316915016377877 ], [ -72.316245361793577, 42.312832118787554 ], [ -72.314512892800707, 42.312204483840375 ], [ -72.312970955968524, 42.312983314994682 ], [ -72.311934770143793, 42.312862655192326 ], [ -72.31057832052791, 42.314664025969741 ], [ -72.312269755098313, 42.325530826803586 ], [ -72.31350492529441, 42.327697837488849 ], [ -72.313012191642571, 42.329621098556778 ], [ -72.31164392477308, 42.330526662388905 ], [ -72.311671826561948, 42.332702208581118 ], [ -72.314842335945613, 42.337799172263303 ] ], [ [ -72.369432674148868, 42.418797375782823 ], [ -72.369943762690824, 42.418281581617606 ], [ -72.368729513885029, 42.417906802028725 ], [ -72.369432674148868, 42.418797375782823 ] ], [ [ -72.371355438977261, 42.420446619138701 ], [ -72.370826710301927, 42.419682720926481 ], [ -72.370320904742329, 42.420582428367084 ], [ -72.369800993964148, 42.42045837472407 ], [ -72.370172857386351, 42.422375311395456 ], [ -72.371355438977261, 42.420446619138701 ] ], [ [ -72.372543686726985, 42.431444159266476 ], [ -72.372025448344814, 42.431448085464559 ], [ -72.371863297042822, 42.432217210456585 ], [ -72.372550755521999, 42.431956037092711 ], [ -72.372903322247709, 42.432465296051191 ], [ -72.372543686726985, 42.431444159266476 ] ], [ [ -72.378945969027569, 42.432163360503921 ], [ -72.378459750499715, 42.434470763184777 ], [ -72.379328864785776, 42.434848077740739 ], [ -72.379512308425674, 42.435614573740324 ], [ -72.379998497317743, 42.43330716726441 ], [ -72.378945969027569, 42.432163360503921 ] ], [ [ -72.312865422585858, 42.452485992820414 ], [ -72.313556641959011, 42.452481112428089 ], [ -72.31391709259843, 42.453630397498536 ], [ -72.314784433923407, 42.453880227696395 ], [ -72.31803299190554, 42.451169592489727 ], [ -72.318161038861419, 42.447713183079543 ], [ -72.314303531501722, 42.443389149957284 ], [ -72.312398014638475, 42.443018663461963 ], [ -72.312217009122989, 42.442380032200006 ], [ -72.31134983583749, 42.442130181950553 ], [ -72.309829295962132, 42.444828497485609 ], [ -72.311436952218401, 42.448912587949032 ], [ -72.31110286442275, 42.44981081094636 ], [ -72.312493475014463, 42.450440915970347 ], [ -72.312865422585858, 42.452485992820414 ] ], [ [ -72.318390200391974, 42.452062924708677 ], [ -72.31890695204099, 42.451931270327194 ], [ -72.317536120269494, 42.452836878496498 ], [ -72.318064481882999, 42.453601015061757 ], [ -72.319782594141614, 42.45282091095924 ], [ -72.320287715710577, 42.451793463286471 ], [ -72.319249238896745, 42.451672873299884 ], [ -72.319069798716313, 42.451162223825918 ], [ -72.318381910223181, 42.451423076584256 ], [ -72.318390200391974, 42.452062924708677 ] ], [ [ -72.303528340520629, 42.492865371350824 ], [ -72.305099270031135, 42.494006226770281 ], [ -72.306480984171841, 42.49386858674562 ], [ -72.307180839305985, 42.494503586639006 ], [ -72.30664572573825, 42.493227534561825 ], [ -72.305784410271926, 42.493489519359706 ], [ -72.306810463958669, 42.492586482034014 ], [ -72.304732223647562, 42.492345052195709 ], [ -72.304898610738476, 42.491831970751903 ], [ -72.303332624584243, 42.49107501759385 ], [ -72.303528340520629, 42.492865371350824 ] ], [ [ -72.304950829962507, 42.495926960396758 ], [ -72.305807281089827, 42.495281076917266 ], [ -72.305458170841575, 42.495027557600807 ], [ -72.304950829962507, 42.495926960396758 ] ], [ [ -72.305828519440396, 42.496944665312895 ], [ -72.305665393320865, 42.497713683985708 ], [ -72.306360378252933, 42.497964783401208 ], [ -72.305828519440396, 42.496944665312895 ] ], [ [ -72.304645765534957, 42.499128582934794 ], [ -72.305164563641398, 42.499124960068201 ], [ -72.304975310056207, 42.497846485256403 ], [ -72.304645765534957, 42.499128582934794 ] ], [ [ -72.307761828755147, 42.499362747118731 ], [ -72.307406140012816, 42.498597361107173 ], [ -72.30792493359418, 42.498593725816058 ], [ -72.30880434797335, 42.499739375538205 ], [ -72.309135451718106, 42.498585234389459 ], [ -72.307226662246677, 42.498086699382455 ], [ -72.306534942961221, 42.498091541728641 ], [ -72.307761828755147, 42.499362747118731 ] ], [ [ -72.296796744645164, 42.343173020396669 ], [ -72.298389672736747, 42.346361578611948 ], [ -72.299774647770064, 42.346735906374569 ], [ -72.301981672705196, 42.343904877532381 ], [ -72.302645732787354, 42.341852492398523 ], [ -72.302784140084157, 42.339163851102818 ], [ -72.301205754078836, 42.337127108633013 ], [ -72.298452371056854, 42.337658202742148 ], [ -72.297427097501867, 42.338433225985945 ], [ -72.296414684049665, 42.340232026331925 ], [ -72.296796744645164, 42.343173020396669 ] ], [ [ -72.299930576308242, 42.372715561189452 ], [ -72.300017991307058, 42.379626060383771 ], [ -72.302128220758476, 42.382682966583566 ], [ -72.304030232126337, 42.382925656428171 ], [ -72.305907793344602, 42.381248735622222 ], [ -72.306396249690707, 42.378941610944977 ], [ -72.30614207825397, 42.372544214105943 ], [ -72.305082123171218, 42.37063188251112 ], [ -72.303519135648898, 42.369874909381039 ], [ -72.301448183213395, 42.369889357711813 ], [ -72.299930576308242, 42.372715561189452 ] ], [ [ -72.276854141792981, 42.376969184816595 ], [ -72.275104622193751, 42.37506123925548 ], [ -72.273375551837589, 42.374816910570409 ], [ -72.272355620211158, 42.376103594136275 ], [ -72.272382190563448, 42.378279127643935 ], [ -72.273433458957882, 42.379551894749085 ], [ -72.276714549350174, 42.379657772075412 ], [ -72.276854141792981, 42.376969184816595 ] ], [ [ -72.266703359962165, 42.379724927527334 ], [ -72.267382916955299, 42.378824516125292 ], [ -72.266177786763862, 42.379088514499529 ], [ -72.266703359962165, 42.379724927527334 ] ], [ [ -72.26679180906153, 42.387019357384425 ], [ -72.267830677828897, 42.387268394537877 ], [ -72.269351625596087, 42.384570596555086 ], [ -72.268773086519857, 42.379583132235084 ], [ -72.266033084969251, 42.381393169927399 ], [ -72.2655322920929, 42.382804314356171 ], [ -72.26679180906153, 42.387019357384425 ] ], [ [ -72.284433050400139, 42.389588075239018 ], [ -72.28427946539658, 42.391124916141067 ], [ -72.285494288584388, 42.391628560670952 ], [ -72.287191998960793, 42.38931326705233 ], [ -72.287326386826663, 42.386240756839648 ], [ -72.285547678183207, 42.382029474971155 ], [ -72.283473152536018, 42.381787655163727 ], [ -72.282627513558495, 42.383201224333511 ], [ -72.281932301743907, 42.382822002421946 ], [ -72.281940214097432, 42.383461863690101 ], [ -72.284433050400139, 42.389588075239018 ] ], [ [ -72.298224322176793, 42.387957428851145 ], [ -72.29702075988952, 42.388349721618049 ], [ -72.296002702276539, 42.389764582629589 ], [ -72.294848964016751, 42.394123978035473 ], [ -72.295065061318951, 42.3975780210707 ], [ -72.295938003848789, 42.398339883093193 ], [ -72.298009889509217, 42.398325534053491 ], [ -72.298014735700264, 42.398709448769559 ], [ -72.299896163563332, 42.397288575462127 ], [ -72.300380102902835, 42.394597569948921 ], [ -72.30140625102861, 42.393822530176578 ], [ -72.300828340637437, 42.389091181715855 ], [ -72.298224322176793, 42.387957428851145 ] ], [ [ -72.285567430084072, 42.397515266427014 ], [ -72.285954105357192, 42.400840173359803 ], [ -72.288564819844424, 42.402486086849052 ], [ -72.289407387939008, 42.40081653716372 ], [ -72.287463447979249, 42.397246342207495 ], [ -72.286424337944027, 42.396997482902819 ], [ -72.285567430084072, 42.397515266427014 ] ], [ [ -72.264394242399192, 42.4029051308774 ], [ -72.263537074044876, 42.403422749619288 ], [ -72.263550985881565, 42.404574496537684 ], [ -72.265294776118282, 42.405970717518457 ], [ -72.265811261456037, 42.405839299894637 ], [ -72.265623083097125, 42.40456073060929 ], [ -72.264394242399192, 42.4029051308774 ] ], [ [ -72.278890614778661, 42.430196072602008 ], [ -72.278058407909057, 42.432761329136241 ], [ -72.279302393071475, 42.435568507386272 ], [ -72.28173685534189, 42.436831819133459 ], [ -72.28674059475081, 42.436285814342249 ], [ -72.287590042616898, 42.43512817401858 ], [ -72.287740463078137, 42.433335403612716 ], [ -72.287206260158243, 42.432059241408588 ], [ -72.287296092981606, 42.425403578928673 ], [ -72.286235821620934, 42.423491097486 ], [ -72.28311882182625, 42.422872433822356 ], [ -72.284793620639334, 42.418637625739251 ], [ -72.284256425404067, 42.417105502912534 ], [ -72.282336036037137, 42.415454804346737 ], [ -72.283003071136719, 42.413530537704794 ], [ -72.282966608829653, 42.41058719620036 ], [ -72.281903550904204, 42.408418725080004 ], [ -72.282209329424859, 42.405217089776983 ], [ -72.280973717463837, 42.403049780770417 ], [ -72.27923123899582, 42.401781768135848 ], [ -72.278692745467268, 42.400121641405313 ], [ -72.279364462604718, 42.398581304366083 ], [ -72.278501171791532, 42.39858714779453 ], [ -72.278490140620278, 42.397691344816486 ], [ -72.279687682608383, 42.396787359264124 ], [ -72.281376254421204, 42.393704322494301 ], [ -72.281167242519899, 42.390762138853574 ], [ -72.278861482978712, 42.385786439903967 ], [ -72.277119522574139, 42.384518390175849 ], [ -72.27625642354414, 42.38452421678339 ], [ -72.275289742893392, 42.390161977876176 ], [ -72.27375638473778, 42.391836074108681 ], [ -72.273812769604845, 42.3964430674882 ], [ -72.273129984808406, 42.397087569276628 ], [ -72.273318292742076, 42.398366128539116 ], [ -72.275049575863235, 42.398738428632299 ], [ -72.275230080946656, 42.399377124998509 ], [ -72.273173807133361, 42.400670782606561 ], [ -72.271792495191448, 42.400680054674652 ], [ -72.271913592716544, 42.396455822866372 ], [ -72.270692544846142, 42.395440147398297 ], [ -72.270182390570668, 42.396083475396303 ], [ -72.270723746506661, 42.397999587453754 ], [ -72.270422100058298, 42.401585113279189 ], [ -72.268726558431879, 42.404156096370116 ], [ -72.268734339785723, 42.40479595534736 ], [ -72.269250808374053, 42.404664522251984 ], [ -72.268785700672069, 42.409019022145344 ], [ -72.27003660220393, 42.412466174443033 ], [ -72.26657957177666, 42.412233286147831 ], [ -72.265386198816444, 42.413521046679563 ], [ -72.265426493719033, 42.416848306022885 ], [ -72.268104214778901, 42.423997444315262 ], [ -72.269671233926275, 42.425010831270356 ], [ -72.271575957054793, 42.425382026339513 ], [ -72.275946099073096, 42.429576047013001 ], [ -72.278890614778661, 42.430196072602008 ] ], [ [ -72.28857413992813, 42.417076005246955 ], [ -72.288903582637374, 42.415793926902992 ], [ -72.287517158739348, 42.415419474139036 ], [ -72.287710597345921, 42.417081917735992 ], [ -72.28857413992813, 42.417076005246955 ] ], [ [ -72.265218979518352, 42.428240047063149 ], [ -72.264528021691618, 42.428244637398954 ], [ -72.265077229224104, 42.43080061649502 ], [ -72.266277142494957, 42.430024748750661 ], [ -72.265218979518352, 42.428240047063149 ] ], [ [ -72.272855508765019, 42.431132611850025 ], [ -72.27234352407892, 42.431647973023324 ], [ -72.273380015748714, 42.431641015615796 ], [ -72.272855508765019, 42.431132611850025 ] ], [ [ -72.286140312583228, 42.443584849911211 ], [ -72.286145090114488, 42.443968760916242 ], [ -72.286661842717152, 42.44383725094545 ], [ -72.286140312583228, 42.443584849911211 ] ], [ [ -72.292234727155503, 42.461076484538964 ], [ -72.293486331761017, 42.464395367989709 ], [ -72.294704248190101, 42.465026875828599 ], [ -72.296259803596584, 42.465016134369861 ], [ -72.299159207358557, 42.461924519198853 ], [ -72.301908252503168, 42.460625606283109 ], [ -72.302226273259535, 42.458447716236428 ], [ -72.301688316577824, 42.456915689867415 ], [ -72.299777604280536, 42.456161086674108 ], [ -72.300880213267533, 42.447706669479693 ], [ -72.299817536082315, 42.445666353593694 ], [ -72.298086437730802, 42.445422400466498 ], [ -72.296195470842335, 42.446203377059078 ], [ -72.294120405768695, 42.446089723103611 ], [ -72.292896435333802, 42.444946325291426 ], [ -72.292205296828726, 42.444951081706726 ], [ -72.287809074833575, 42.438838137533182 ], [ -72.28682824880832, 42.443324189220014 ], [ -72.287818225718866, 42.453427926471512 ], [ -72.292234727155503, 42.461076484538964 ] ], [ [ -72.301483282150002, 42.481617371437899 ], [ -72.300497895146194, 42.485719584373314 ], [ -72.300859921258166, 42.486996869198933 ], [ -72.302429029868151, 42.488009794094943 ], [ -72.303274001034268, 42.48646814721625 ], [ -72.303234923420675, 42.483396897189444 ], [ -72.301483282150002, 42.481617371437899 ] ], [ [ -72.302968897273246, 42.489669773310666 ], [ -72.302616575342782, 42.489160307793945 ], [ -72.302277269890439, 42.489674590116401 ], [ -72.302968897273246, 42.489669773310666 ] ], [ [ -72.297783306600806, 42.489833766849451 ], [ -72.295367439752084, 42.490234404663092 ], [ -72.296248123962968, 42.49150812134598 ], [ -72.297290444758076, 42.491884854680684 ], [ -72.299014715054199, 42.491488973955164 ], [ -72.299174665882191, 42.490464026194097 ], [ -72.299871166704435, 42.490843133828882 ], [ -72.300900509147056, 42.490196085741232 ], [ -72.300884273497843, 42.48891639944874 ], [ -72.30037691656733, 42.489815783560786 ], [ -72.299173045779327, 42.490336057569081 ], [ -72.297783306600806, 42.489833766849451 ] ], [ [ -72.293352043999022, 42.494983545164523 ], [ -72.293344001991073, 42.494343702351415 ], [ -72.291265755361636, 42.494102029803905 ], [ -72.293352043999022, 42.494983545164523 ] ], [ [ -72.287671179058265, 42.497070181008908 ], [ -72.287200276823356, 42.500912780185125 ], [ -72.287931967985571, 42.504107263158005 ], [ -72.288630150919403, 42.504614405651196 ], [ -72.294159654192697, 42.504192505635352 ], [ -72.294838547955408, 42.503163991682634 ], [ -72.293778351231623, 42.501379585954517 ], [ -72.294626934924636, 42.500093944686768 ], [ -72.294441113324197, 42.499071389716867 ], [ -72.295300939569557, 42.498681521680737 ], [ -72.294072708047338, 42.497282214980736 ], [ -72.294061438644547, 42.496386435627791 ], [ -72.294916395815463, 42.495612664639999 ], [ -72.291800565418043, 42.49537815297186 ], [ -72.290779061334334, 42.496664961602391 ], [ -72.28903060235713, 42.495141189963825 ], [ -72.287671179058265, 42.497070181008908 ] ], [ [ -72.288570729644775, 42.513701326300875 ], [ -72.289100850390398, 42.514593551482761 ], [ -72.289421186016355, 42.512543695629851 ], [ -72.288570729644775, 42.513701326300875 ] ], [ [ -72.237592412096319, 42.385034551858624 ], [ -72.238108783977211, 42.384903257912647 ], [ -72.237587933797641, 42.384650633470457 ], [ -72.237592412096319, 42.385034551858624 ] ], [ [ -72.254371823479914, 42.387869355125389 ], [ -72.25487748890518, 42.386842178485573 ], [ -72.254171718981411, 42.385566981424972 ], [ -72.253840203863732, 42.386720996885693 ], [ -72.254371823479914, 42.387869355125389 ] ], [ [ -72.250569418933665, 42.387510275280022 ], [ -72.25126145313871, 42.387633741207502 ], [ -72.251427998546689, 42.387120723746605 ], [ -72.25073141139174, 42.386613341108436 ], [ -72.250569418933665, 42.387510275280022 ] ], [ [ -72.236933244678994, 42.387726404389426 ], [ -72.236766580076122, 42.388239400790077 ], [ -72.237799377467454, 42.387976818183986 ], [ -72.236933244678994, 42.387726404389426 ] ], [ [ -72.235561142695815, 42.388503077855624 ], [ -72.235568586501486, 42.389142941377102 ], [ -72.236260609274012, 42.389266497479078 ], [ -72.236250178163758, 42.388370688610678 ], [ -72.235561142695815, 42.388503077855624 ] ], [ [ -72.226749043244325, 42.402893048310894 ], [ -72.224682860708015, 42.403418004014028 ], [ -72.225031140923065, 42.403671773708403 ], [ -72.226749043244325, 42.402893048310894 ] ], [ [ -72.223825360327467, 42.403935326870148 ], [ -72.224858467899907, 42.403672861392948 ], [ -72.223820964299563, 42.403551409648642 ], [ -72.223825360327467, 42.403935326870148 ] ], [ [ -72.222455670682592, 42.404967785843624 ], [ -72.222114703198784, 42.405353870382498 ], [ -72.222632736167355, 42.405350618902638 ], [ -72.222455670682592, 42.404967785843624 ] ], [ [ -72.232496113506983, 42.407080008878857 ], [ -72.23301119204136, 42.406820766289492 ], [ -72.232661379140296, 42.406439048724529 ], [ -72.232496113506983, 42.407080008878857 ] ], [ [ -72.220009828449818, 42.417653266272275 ], [ -72.220167957113475, 42.41637246538663 ], [ -72.218797938186654, 42.417404877762877 ], [ -72.218636868800303, 42.418429732408278 ], [ -72.220009828449818, 42.417653266272275 ] ], [ [ -72.217240637459142, 42.417158629243083 ], [ -72.216557052113558, 42.417802792055042 ], [ -72.217593322645726, 42.417796336811918 ], [ -72.217240637459142, 42.417158629243083 ] ], [ [ -72.218131815852047, 42.419584714002539 ], [ -72.218308896097057, 42.419967552373031 ], [ -72.218824137855663, 42.419708374078553 ], [ -72.218818315541952, 42.419196486119617 ], [ -72.217951830127973, 42.418945931299433 ], [ -72.218288532934224, 42.418175944259602 ], [ -72.217596228765444, 42.418052280916797 ], [ -72.217096968141021, 42.419719146095481 ], [ -72.218131815852047, 42.419584714002539 ] ], [ [ -72.217796557155182, 42.420482672294753 ], [ -72.216761694027227, 42.420617101344682 ], [ -72.217288567392586, 42.421381705738156 ], [ -72.218324896534966, 42.4213752439153 ], [ -72.218317623520278, 42.420735384183089 ], [ -72.217629650833857, 42.420995636980621 ], [ -72.217796557155182, 42.420482672294753 ] ], [ [ -72.209717557683533, 42.423988247453899 ], [ -72.210241497272463, 42.42449693958396 ], [ -72.210409911461525, 42.424111958000104 ], [ -72.212137202372361, 42.424101286321452 ], [ -72.211952939092484, 42.423078579073021 ], [ -72.210748173003665, 42.423469965954034 ], [ -72.210561056202295, 42.422191312316293 ], [ -72.210576884616884, 42.423599004171074 ], [ -72.210057263517882, 42.423474229399972 ], [ -72.210212732035501, 42.421937499962802 ], [ -72.209717557683533, 42.423988247453899 ] ], [ [ -72.262095901253673, 42.441442821674926 ], [ -72.262458441685695, 42.442848212136973 ], [ -72.264360563478533, 42.442963583592679 ], [ -72.264178495767794, 42.442196906238195 ], [ -72.265198110911868, 42.440782344719402 ], [ -72.267272949522791, 42.440896519933283 ], [ -72.268125927901465, 42.439994965980823 ], [ -72.268622445490266, 42.43819991730885 ], [ -72.269308837074121, 42.437811390166431 ], [ -72.269455107095382, 42.435634732422564 ], [ -72.268211558129892, 42.43282744785391 ], [ -72.266490248234888, 42.433350844569233 ], [ -72.264952510077649, 42.434768864396041 ], [ -72.262712843987003, 42.43529564632761 ], [ -72.261346194292869, 42.436584501965847 ], [ -72.260306540212227, 42.436335409200652 ], [ -72.258938281687037, 42.437496265046001 ], [ -72.259115659377471, 42.437879038926866 ], [ -72.261003752447508, 42.436842727828889 ], [ -72.260169191994336, 42.439279879994523 ], [ -72.261577574425274, 42.441446250747305 ], [ -72.262095901253673, 42.441442821674926 ] ], [ [ -72.258959803802227, 42.439287857304166 ], [ -72.258600434775602, 42.43813839637312 ], [ -72.257910903403982, 42.438270917873147 ], [ -72.258959803802227, 42.439287857304166 ] ] ] } }
]
}
